instance_id,repo,target_file,target_symbol,bundle_type,symbol_count,file_count,token_count,content_signature,exact_signature_hit_rate,overlap_with_file_prefix,expansion_ratio,includes_imports,includes_tests,precision_priority,precision_hypothesis,reason,files,symbols
astropy__astropy-12907,astropy/astropy,astropy/modeling/separable.py,_cstack,ast_function_only,1,1,217,b3a06cbba2400860,1.0,0.1757085020242915,1.0,False,False,medium,baseline exact target span; useful when the patch-local symbol is self-contained,target function/method/class only,astropy/modeling/separable.py,_cstack
astropy__astropy-12907,astropy/astropy,astropy/modeling/separable.py,_cstack,call_neighborhood_1hop,3,1,700,2b965c773667a6a5,1.0,0.5668016194331984,3.225806451612903,False,False,high,expected to improve lossy precision when target behavior depends on local helpers or dispatch utilities,target plus statically resolved direct callees,astropy/modeling/separable.py,_cstack;_compute_n_outputs;_coord_matrix
astropy__astropy-12907,astropy/astropy,astropy/modeling/separable.py,_cstack,reverse_callers_1hop,2,2,339,51235c6f98697664,1.0,0.2744939271255061,1.5622119815668203,False,True,diagnostic,diagnostic high-context variant; may increase semantic alignment but also raises drift risk from caller/test-specific context,target plus same-repo callers that reference it,astropy/modeling/separable.py;astropy/modeling/tests/test_separable.py,_cstack;test_cstack
astropy__astropy-12907,astropy/astropy,astropy/modeling/separable.py,_cstack,import_dependency_bundle,1,1,235,a273f59ff05cb753,1.0,0.1902834008097166,1.0829493087557605,True,False,high,expected to preserve stable API/import context with limited semantic contamination,target plus local import context and resolved import-file front matter,astropy/modeling/separable.py,_cstack
astropy__astropy-12907,astropy/astropy,astropy/modeling/separable.py,_cstack,test_target_bundle,4,2,788,51bd50d949619544,1.0,0.6380566801619433,3.6313364055299537,False,True,medium,task-aligned variant for SWE-style repair; useful for output-drift and pass@1 non-degradation checks,target plus changed/FAIL_TO_PASS test functions,astropy/modeling/separable.py;astropy/modeling/tests/test_separable.py,_cstack;test_coord_matrix;test_cdot;test_cstack
astropy__astropy-13033,astropy/astropy,astropy/timeseries/core.py,BaseTimeSeries._delay_required_column_checks,ast_function_only,1,1,22,9c57a5876b6d9772,1.0,0.039783001808318265,1.0,False,False,medium,baseline exact target span; useful when the patch-local symbol is self-contained,target function/method/class only,astropy/timeseries/core.py,BaseTimeSeries._delay_required_column_checks
astropy__astropy-13033,astropy/astropy,astropy/timeseries/core.py,BaseTimeSeries._delay_required_column_checks,call_neighborhood_1hop,2,1,246,197a146f2c0eed6c,1.0,0.4448462929475588,11.181818181818182,False,False,high,expected to improve lossy precision when target behavior depends on local helpers or dispatch utilities,target plus statically resolved direct callees,astropy/timeseries/core.py,BaseTimeSeries._delay_required_column_checks;BaseTimeSeries._check_required_columns
astropy__astropy-13033,astropy/astropy,astropy/timeseries/core.py,BaseTimeSeries._delay_required_column_checks,reverse_callers_1hop,1,1,22,9c57a5876b6d9772,1.0,0.039783001808318265,1.0,False,False,diagnostic,diagnostic high-context variant; may increase semantic alignment but also raises drift risk from caller/test-specific context,target plus same-repo callers that reference it,astropy/timeseries/core.py,BaseTimeSeries._delay_required_column_checks
astropy__astropy-13033,astropy/astropy,astropy/timeseries/core.py,BaseTimeSeries._delay_required_column_checks,import_dependency_bundle,1,1,40,dbcdb6c6743eb0d4,1.0,0.07233273056057866,1.8181818181818181,True,False,high,expected to preserve stable API/import context with limited semantic contamination,target plus local import context and resolved import-file front matter,astropy/timeseries/core.py,BaseTimeSeries._delay_required_column_checks
astropy__astropy-13033,astropy/astropy,astropy/timeseries/core.py,BaseTimeSeries._delay_required_column_checks,test_target_bundle,4,2,186,97cac442dd8981f0,1.0,0.33634719710669075,8.454545454545455,False,True,medium,task-aligned variant for SWE-style repair; useful for output-drift and pass@1 non-degradation checks,target plus changed/FAIL_TO_PASS test functions,astropy/timeseries/core.py;astropy/timeseries/tests/test_sampled.py,BaseTimeSeries._delay_required_column_checks;test_empty_initialization;test_empty_initialization_invalid;test_initialize_only_time
astropy__astropy-13033,astropy/astropy,astropy/timeseries/core.py,BaseTimeSeries._check_required_columns,ast_function_only,1,1,224,ff431f56624f4b08,1.0,0.4050632911392405,1.0,False,False,medium,baseline exact target span; useful when the patch-local symbol is self-contained,target function/method/class only,astropy/timeseries/core.py,BaseTimeSeries._check_required_columns
astropy__astropy-13033,astropy/astropy,astropy/timeseries/core.py,BaseTimeSeries._check_required_columns,call_neighborhood_1hop,1,1,224,ff431f56624f4b08,1.0,0.4050632911392405,1.0,False,False,high,expected to improve lossy precision when target behavior depends on local helpers or dispatch utilities,target plus statically resolved direct callees,astropy/timeseries/core.py,BaseTimeSeries._check_required_columns
astropy__astropy-13033,astropy/astropy,astropy/timeseries/core.py,BaseTimeSeries._check_required_columns,reverse_callers_1hop,6,1,807,78a82f2c3c455c21,1.0,1.0,3.6026785714285716,False,False,diagnostic,diagnostic high-context variant; may increase semantic alignment but also raises drift risk from caller/test-specific context,target plus same-repo callers that reference it,astropy/timeseries/core.py,BaseTimeSeries._check_required_columns;BaseTimeSeries._delay_required_column_checks;BaseTimeSeries;autocheck_required_columns.decorator_method.wrapper;autocheck_required_columns.decorator_method;autocheck_required_columns
astropy__astropy-13033,astropy/astropy,astropy/timeseries/core.py,BaseTimeSeries._check_required_columns,import_dependency_bundle,1,1,242,a0fd839e5b74ac03,1.0,0.4376130198915009,1.0803571428571428,True,False,high,expected to preserve stable API/import context with limited semantic contamination,target plus local import context and resolved import-file front matter,astropy/timeseries/core.py,BaseTimeSeries._check_required_columns
astropy__astropy-13033,astropy/astropy,astropy/timeseries/core.py,BaseTimeSeries._check_required_columns,test_target_bundle,4,2,388,dac02425952e95aa,1.0,0.701627486437613,1.7321428571428572,False,True,medium,task-aligned variant for SWE-style repair; useful for output-drift and pass@1 non-degradation checks,target plus changed/FAIL_TO_PASS test functions,astropy/timeseries/core.py;astropy/timeseries/tests/test_sampled.py,BaseTimeSeries._check_required_columns;test_empty_initialization;test_empty_initialization_invalid;test_initialize_only_time
astropy__astropy-13033,astropy/astropy,astropy/timeseries/core.py,BaseTimeSeries,ast_function_only,1,1,318,fd90e520c7f8fbdc,1.0,0.5750452079566004,1.0,False,False,medium,baseline exact target span; useful when the patch-local symbol is self-contained,target function/method/class only,astropy/timeseries/core.py,BaseTimeSeries
astropy__astropy-13033,astropy/astropy,astropy/timeseries/core.py,BaseTimeSeries,call_neighborhood_1hop,2,1,542,e67e039b258cbf4b,1.0,0.9801084990958409,1.7044025157232705,False,False,high,expected to improve lossy precision when target behavior depends on local helpers or dispatch utilities,target plus statically resolved direct callees,astropy/timeseries/core.py,BaseTimeSeries;BaseTimeSeries._check_required_columns
astropy__astropy-13033,astropy/astropy,astropy/timeseries/core.py,BaseTimeSeries,reverse_callers_1hop,1,1,318,fd90e520c7f8fbdc,1.0,0.5750452079566004,1.0,False,False,diagnostic,diagnostic high-context variant; may increase semantic alignment but also raises drift risk from caller/test-specific context,target plus same-repo callers that reference it,astropy/timeseries/core.py,BaseTimeSeries
astropy__astropy-13033,astropy/astropy,astropy/timeseries/core.py,BaseTimeSeries,import_dependency_bundle,1,1,336,ddb74a246bf3c01a,1.0,0.6075949367088608,1.0566037735849056,True,False,high,expected to preserve stable API/import context with limited semantic contamination,target plus local import context and resolved import-file front matter,astropy/timeseries/core.py,BaseTimeSeries
astropy__astropy-13033,astropy/astropy,astropy/timeseries/core.py,BaseTimeSeries,test_target_bundle,4,2,482,d0e9182468617b3d,1.0,0.8716094032549728,1.5157232704402517,False,True,medium,task-aligned variant for SWE-style repair; useful for output-drift and pass@1 non-degradation checks,target plus changed/FAIL_TO_PASS test functions,astropy/timeseries/core.py;astropy/timeseries/tests/test_sampled.py,BaseTimeSeries;test_empty_initialization;test_empty_initialization_invalid;test_initialize_only_time
astropy__astropy-13236,astropy/astropy,astropy/table/table.py,TableReplaceWarning,ast_function_only,1,1,68,c372fd39fcab920b,1.0,0.06500956022944551,1.0,False,False,medium,baseline exact target span; useful when the patch-local symbol is self-contained,target function/method/class only,astropy/table/table.py,TableReplaceWarning
astropy__astropy-13236,astropy/astropy,astropy/table/table.py,TableReplaceWarning,call_neighborhood_1hop,1,1,68,c372fd39fcab920b,1.0,0.06500956022944551,1.0,False,False,high,expected to improve lossy precision when target behavior depends on local helpers or dispatch utilities,target plus statically resolved direct callees,astropy/table/table.py,TableReplaceWarning
astropy__astropy-13236,astropy/astropy,astropy/table/table.py,TableReplaceWarning,reverse_callers_1hop,1,1,68,c372fd39fcab920b,1.0,0.06500956022944551,1.0,False,False,diagnostic,diagnostic high-context variant; may increase semantic alignment but also raises drift risk from caller/test-specific context,target plus same-repo callers that reference it,astropy/table/table.py,TableReplaceWarning
astropy__astropy-13236,astropy/astropy,astropy/table/table.py,TableReplaceWarning,import_dependency_bundle,1,1,354,ec83c7223afaad7b,1.0,0.3384321223709369,5.205882352941177,True,False,high,expected to preserve stable API/import context with limited semantic contamination,target plus local import context and resolved import-file front matter,astropy/table/table.py,TableReplaceWarning
astropy__astropy-13236,astropy/astropy,astropy/table/table.py,TableReplaceWarning,test_target_bundle,7,3,810,e5103a850bfd82b0,1.0,0.7743785850860421,11.911764705882353,False,True,medium,task-aligned variant for SWE-style repair; useful for output-drift and pass@1 non-degradation checks,target plus changed/FAIL_TO_PASS test functions,astropy/table/table.py;astropy/table/tests/test_mixin.py;astropy/table/tests/test_table.py,TableReplaceWarning;test_attributes;test_make_table;test_io_ascii_write;test_sort_kind;test_copy;test_copy_masked
astropy__astropy-13398,astropy/astropy,astropy/coordinates/builtin_frames/__init__.py,make_transform_graph_docs,ast_function_only,1,1,514,d936297f8a33a771,1.0,0.4524647887323944,1.0,False,False,medium,baseline exact target span; useful when the patch-local symbol is self-contained,target function/method/class only,astropy/coordinates/builtin_frames/__init__.py,make_transform_graph_docs
astropy__astropy-13398,astropy/astropy,astropy/coordinates/builtin_frames/__init__.py,make_transform_graph_docs,call_neighborhood_1hop,1,1,514,d936297f8a33a771,1.0,0.4524647887323944,1.0,False,False,high,expected to improve lossy precision when target behavior depends on local helpers or dispatch utilities,target plus statically resolved direct callees,astropy/coordinates/builtin_frames/__init__.py,make_transform_graph_docs
astropy__astropy-13398,astropy/astropy,astropy/coordinates/builtin_frames/__init__.py,make_transform_graph_docs,reverse_callers_1hop,1,1,514,d936297f8a33a771,1.0,0.4524647887323944,1.0,False,False,diagnostic,diagnostic high-context variant; may increase semantic alignment but also raises drift risk from caller/test-specific context,target plus same-repo callers that reference it,astropy/coordinates/builtin_frames/__init__.py,make_transform_graph_docs
astropy__astropy-13398,astropy/astropy,astropy/coordinates/builtin_frames/__init__.py,make_transform_graph_docs,import_dependency_bundle,1,1,673,70c0b8e3e6f12c22,1.0,0.5924295774647887,1.3093385214007782,True,False,high,expected to preserve stable API/import context with limited semantic contamination,target plus local import context and resolved import-file front matter,astropy/coordinates/builtin_frames/__init__.py,make_transform_graph_docs
astropy__astropy-13398,astropy/astropy,astropy/coordinates/builtin_frames/__init__.py,make_transform_graph_docs,test_target_bundle,4,2,1641,95125666d491bebc,1.0,1.0,3.192607003891051,False,True,medium,task-aligned variant for SWE-style repair; useful for output-drift and pass@1 non-degradation checks,target plus changed/FAIL_TO_PASS test functions,astropy/coordinates/builtin_frames/__init__.py;astropy/coordinates/tests/test_intermediate_transformations.py,make_transform_graph_docs;test_icrs_cirs;test_icrs_gcrs;test_icrs_gcrs_dist_diff
astropy__astropy-13398,astropy/astropy,astropy/coordinates/builtin_frames/intermediate_rotation_transforms.py,itrs_to_tete,ast_function_only,1,1,73,3e7b2c3ead951441,1.0,0.05407407407407407,1.0,False,False,medium,baseline exact target span; useful when the patch-local symbol is self-contained,target function/method/class only,astropy/coordinates/builtin_frames/intermediate_rotation_transforms.py,itrs_to_tete
astropy__astropy-13398,astropy/astropy,astropy/coordinates/builtin_frames/intermediate_rotation_transforms.py,itrs_to_tete,call_neighborhood_1hop,2,1,332,ef23bb5594f40d46,1.0,0.24592592592592594,4.5479452054794525,False,False,high,expected to improve lossy precision when target behavior depends on local helpers or dispatch utilities,target plus statically resolved direct callees,astropy/coordinates/builtin_frames/intermediate_rotation_transforms.py,itrs_to_tete;tete_to_itrs_mat
astropy__astropy-13398,astropy/astropy,astropy/coordinates/builtin_frames/intermediate_rotation_transforms.py,itrs_to_tete,reverse_callers_1hop,1,1,73,3e7b2c3ead951441,1.0,0.05407407407407407,1.0,False,False,diagnostic,diagnostic high-context variant; may increase semantic alignment but also raises drift risk from caller/test-specific context,target plus same-repo callers that reference it,astropy/coordinates/builtin_frames/intermediate_rotation_transforms.py,itrs_to_tete
astropy__astropy-13398,astropy/astropy,astropy/coordinates/builtin_frames/intermediate_rotation_transforms.py,itrs_to_tete,import_dependency_bundle,1,1,141,f7e610886e20b04c,1.0,0.10444444444444445,1.9315068493150684,True,False,high,expected to preserve stable API/import context with limited semantic contamination,target plus local import context and resolved import-file front matter,astropy/coordinates/builtin_frames/intermediate_rotation_transforms.py,itrs_to_tete
astropy__astropy-13398,astropy/astropy,astropy/coordinates/builtin_frames/intermediate_rotation_transforms.py,itrs_to_tete,test_target_bundle,4,2,1200,69ef4b49ce2f2100,1.0,0.8888888888888888,16.438356164383563,False,True,medium,task-aligned variant for SWE-style repair; useful for output-drift and pass@1 non-degradation checks,target plus changed/FAIL_TO_PASS test functions,astropy/coordinates/builtin_frames/intermediate_rotation_transforms.py;astropy/coordinates/tests/test_intermediate_transformations.py,itrs_to_tete;test_icrs_cirs;test_icrs_gcrs;test_icrs_gcrs_dist_diff
astropy__astropy-13398,astropy/astropy,astropy/coordinates/builtin_frames/intermediate_rotation_transforms.py,itrs_to_cirs,ast_function_only,1,1,73,1e2574a7f05de5d8,1.0,0.05407407407407407,1.0,False,False,medium,baseline exact target span; useful when the patch-local symbol is self-contained,target function/method/class only,astropy/coordinates/builtin_frames/intermediate_rotation_transforms.py,itrs_to_cirs
astropy__astropy-13398,astropy/astropy,astropy/coordinates/builtin_frames/intermediate_rotation_transforms.py,itrs_to_cirs,call_neighborhood_1hop,2,1,205,422ad9a96a37cbe2,1.0,0.15185185185185185,2.808219178082192,False,False,high,expected to improve lossy precision when target behavior depends on local helpers or dispatch utilities,target plus statically resolved direct callees,astropy/coordinates/builtin_frames/intermediate_rotation_transforms.py,itrs_to_cirs;cirs_to_itrs_mat
astropy__astropy-13398,astropy/astropy,astropy/coordinates/builtin_frames/intermediate_rotation_transforms.py,itrs_to_cirs,reverse_callers_1hop,1,1,73,1e2574a7f05de5d8,1.0,0.05407407407407407,1.0,False,False,diagnostic,diagnostic high-context variant; may increase semantic alignment but also raises drift risk from caller/test-specific context,target plus same-repo callers that reference it,astropy/coordinates/builtin_frames/intermediate_rotation_transforms.py,itrs_to_cirs
astropy__astropy-13398,astropy/astropy,astropy/coordinates/builtin_frames/intermediate_rotation_transforms.py,itrs_to_cirs,import_dependency_bundle,1,1,141,34a59bc9900089bd,1.0,0.10444444444444445,1.9315068493150684,True,False,high,expected to preserve stable API/import context with limited semantic contamination,target plus local import context and resolved import-file front matter,astropy/coordinates/builtin_frames/intermediate_rotation_transforms.py,itrs_to_cirs
astropy__astropy-13398,astropy/astropy,astropy/coordinates/builtin_frames/intermediate_rotation_transforms.py,itrs_to_cirs,test_target_bundle,4,2,1200,8ff5e53618021b49,1.0,0.8888888888888888,16.438356164383563,False,True,medium,task-aligned variant for SWE-style repair; useful for output-drift and pass@1 non-degradation checks,target plus changed/FAIL_TO_PASS test functions,astropy/coordinates/builtin_frames/intermediate_rotation_transforms.py;astropy/coordinates/tests/test_intermediate_transformations.py,itrs_to_cirs;test_icrs_cirs;test_icrs_gcrs;test_icrs_gcrs_dist_diff
astropy__astropy-13398,astropy/astropy,astropy/coordinates/builtin_frames/intermediate_rotation_transforms.py,tete_to_itrs,ast_function_only,1,1,71,bfb49dc882e37992,1.0,0.052592592592592594,1.0,False,False,medium,baseline exact target span; useful when the patch-local symbol is self-contained,target function/method/class only,astropy/coordinates/builtin_frames/intermediate_rotation_transforms.py,tete_to_itrs
astropy__astropy-13398,astropy/astropy,astropy/coordinates/builtin_frames/intermediate_rotation_transforms.py,tete_to_itrs,call_neighborhood_1hop,2,1,330,f000f4894a269044,1.0,0.24444444444444444,4.647887323943662,False,False,high,expected to improve lossy precision when target behavior depends on local helpers or dispatch utilities,target plus statically resolved direct callees,astropy/coordinates/builtin_frames/intermediate_rotation_transforms.py,tete_to_itrs;tete_to_itrs_mat
astropy__astropy-13398,astropy/astropy,astropy/coordinates/builtin_frames/intermediate_rotation_transforms.py,tete_to_itrs,reverse_callers_1hop,1,1,71,bfb49dc882e37992,1.0,0.052592592592592594,1.0,False,False,diagnostic,diagnostic high-context variant; may increase semantic alignment but also raises drift risk from caller/test-specific context,target plus same-repo callers that reference it,astropy/coordinates/builtin_frames/intermediate_rotation_transforms.py,tete_to_itrs
astropy__astropy-13398,astropy/astropy,astropy/coordinates/builtin_frames/intermediate_rotation_transforms.py,tete_to_itrs,import_dependency_bundle,1,1,139,ffa740f4f78ae524,1.0,0.10296296296296296,1.9577464788732395,True,False,high,expected to preserve stable API/import context with limited semantic contamination,target plus local import context and resolved import-file front matter,astropy/coordinates/builtin_frames/intermediate_rotation_transforms.py,tete_to_itrs
astropy__astropy-13398,astropy/astropy,astropy/coordinates/builtin_frames/intermediate_rotation_transforms.py,tete_to_itrs,test_target_bundle,4,2,1198,ad68e7ba40dbe6fb,1.0,0.8874074074074074,16.87323943661972,False,True,medium,task-aligned variant for SWE-style repair; useful for output-drift and pass@1 non-degradation checks,target plus changed/FAIL_TO_PASS test functions,astropy/coordinates/builtin_frames/intermediate_rotation_transforms.py;astropy/coordinates/tests/test_intermediate_transformations.py,tete_to_itrs;test_icrs_cirs;test_icrs_gcrs;test_icrs_gcrs_dist_diff
astropy__astropy-13398,astropy/astropy,astropy/coordinates/builtin_frames/itrs.py,ITRS.earth_location,ast_function_only,1,1,66,d03f71a6d1e8442b,1.0,0.25680933852140075,1.0,False,False,medium,baseline exact target span; useful when the patch-local symbol is self-contained,target function/method/class only,astropy/coordinates/builtin_frames/itrs.py,ITRS.earth_location
astropy__astropy-13398,astropy/astropy,astropy/coordinates/builtin_frames/itrs.py,ITRS.earth_location,call_neighborhood_1hop,1,1,66,d03f71a6d1e8442b,1.0,0.25680933852140075,1.0,False,False,high,expected to improve lossy precision when target behavior depends on local helpers or dispatch utilities,target plus statically resolved direct callees,astropy/coordinates/builtin_frames/itrs.py,ITRS.earth_location
astropy__astropy-13398,astropy/astropy,astropy/coordinates/builtin_frames/itrs.py,ITRS.earth_location,reverse_callers_1hop,1,1,66,d03f71a6d1e8442b,1.0,0.25680933852140075,1.0,False,False,diagnostic,diagnostic high-context variant; may increase semantic alignment but also raises drift risk from caller/test-specific context,target plus same-repo callers that reference it,astropy/coordinates/builtin_frames/itrs.py,ITRS.earth_location
astropy__astropy-13398,astropy/astropy,astropy/coordinates/builtin_frames/itrs.py,ITRS.earth_location,import_dependency_bundle,1,1,107,1826f4772b931bb7,1.0,0.4163424124513619,1.621212121212121,True,False,high,expected to preserve stable API/import context with limited semantic contamination,target plus local import context and resolved import-file front matter,astropy/coordinates/builtin_frames/itrs.py,ITRS.earth_location
astropy__astropy-13398,astropy/astropy,astropy/coordinates/builtin_frames/itrs.py,ITRS.earth_location,test_target_bundle,4,2,1193,bc403c8fb115c082,1.0,1.0,18.075757575757574,False,True,medium,task-aligned variant for SWE-style repair; useful for output-drift and pass@1 non-degradation checks,target plus changed/FAIL_TO_PASS test functions,astropy/coordinates/builtin_frames/itrs.py;astropy/coordinates/tests/test_intermediate_transformations.py,ITRS.earth_location;test_icrs_cirs;test_icrs_gcrs;test_icrs_gcrs_dist_diff
astropy__astropy-13398,astropy/astropy,astropy/coordinates/builtin_frames/itrs.py,ITRS,ast_function_only,1,1,163,806cb44dbce9d4e1,1.0,0.6342412451361867,1.0,False,False,medium,baseline exact target span; useful when the patch-local symbol is self-contained,target function/method/class only,astropy/coordinates/builtin_frames/itrs.py,ITRS
astropy__astropy-13398,astropy/astropy,astropy/coordinates/builtin_frames/itrs.py,ITRS,call_neighborhood_1hop,1,1,163,806cb44dbce9d4e1,1.0,0.6342412451361867,1.0,False,False,high,expected to improve lossy precision when target behavior depends on local helpers or dispatch utilities,target plus statically resolved direct callees,astropy/coordinates/builtin_frames/itrs.py,ITRS
astropy__astropy-13398,astropy/astropy,astropy/coordinates/builtin_frames/itrs.py,ITRS,reverse_callers_1hop,18,3,4814,01efbbff1ae4059c,1.0,1.0,29.533742331288344,False,True,diagnostic,diagnostic high-context variant; may increase semantic alignment but also raises drift risk from caller/test-specific context,target plus same-repo callers that reference it,astropy/coordinates/builtin_frames/intermediate_rotation_transforms.py;astropy/coordinates/builtin_frames/itrs.py;astropy/coordinates/tests/test_intermediate_transformations.py,ITRS;itrs_to_teme;teme_to_itrs;TestGetLocationGCRS.setup_class;TestGetLocationGCRS;test_cirs_itrs;test_cirs_itrs_topo;test_gcrs_altaz;test_gcrs_altaz_bothroutes;test_gcrs_cirs;test_gcrs_hadec;test_gcrs_itrs;test_icrs_gcrscirs_sunish;test_itrs_straight_overhead;test_itrs_topo_to_altaz_with_refraction;test_itrs_topo_to_hadec_with_refraction;test_teme_itrf;test_tete_transforms
astropy__astropy-13398,astropy/astropy,astropy/coordinates/builtin_frames/itrs.py,ITRS,import_dependency_bundle,1,1,204,8945d163c34155ac,1.0,0.7937743190661478,1.2515337423312884,True,False,high,expected to preserve stable API/import context with limited semantic contamination,target plus local import context and resolved import-file front matter,astropy/coordinates/builtin_frames/itrs.py,ITRS
astropy__astropy-13398,astropy/astropy,astropy/coordinates/builtin_frames/itrs.py,ITRS,test_target_bundle,4,2,1290,2b640b8c28f06a43,1.0,1.0,7.914110429447852,False,True,medium,task-aligned variant for SWE-style repair; useful for output-drift and pass@1 non-degradation checks,target plus changed/FAIL_TO_PASS test functions,astropy/coordinates/builtin_frames/itrs.py;astropy/coordinates/tests/test_intermediate_transformations.py,ITRS;test_icrs_cirs;test_icrs_gcrs;test_icrs_gcrs_dist_diff
astropy__astropy-13453,astropy/astropy,astropy/io/ascii/html.py,HTML.write,ast_function_only,1,1,1005,21490a98d98c0dfa,1.0,1.0,1.0,False,False,medium,baseline exact target span; useful when the patch-local symbol is self-contained,target function/method/class only,astropy/io/ascii/html.py,HTML.write
astropy__astropy-13453,astropy/astropy,astropy/io/ascii/html.py,HTML.write,call_neighborhood_1hop,3,1,1169,6322edb6aae2b586,1.0,1.0,1.16318407960199,False,False,high,expected to improve lossy precision when target behavior depends on local helpers or dispatch utilities,target plus statically resolved direct callees,astropy/io/ascii/html.py,HTML.write;HTML.fill_values;ListWriter
astropy__astropy-13453,astropy/astropy,astropy/io/ascii/html.py,HTML.write,reverse_callers_1hop,13,2,4501,a961431a83427d2c,1.0,1.0,4.478606965174129,False,True,diagnostic,diagnostic high-context variant; may increase semantic alignment but also raises drift risk from caller/test-specific context,target plus same-repo callers that reference it,astropy/io/ascii/html.py;astropy/io/ascii/tests/test_html.py,HTML.write;test_listwriter;test_multi_column_write_table_html_fill_values_masked;test_multicolumn_table_html_fill_values;test_multicolumn_write;test_multicolumn_write_escape;test_raw_html_write;test_raw_html_write_clean;test_write_no_multicols;test_write_table_formatted_columns;test_write_table_html_fill_values;test_write_table_html_fill_values_masked;test_write_table_html_fill_values_optional_columns
astropy__astropy-13453,astropy/astropy,astropy/io/ascii/html.py,HTML.write,import_dependency_bundle,1,1,1029,c66d9ecd1a2a66c1,1.0,1.0,1.0238805970149254,True,False,high,expected to preserve stable API/import context with limited semantic contamination,target plus local import context and resolved import-file front matter,astropy/io/ascii/html.py,HTML.write
astropy__astropy-13453,astropy/astropy,astropy/io/ascii/html.py,HTML.write,test_target_bundle,4,2,1514,7e03efdc0eb31905,1.0,1.0,1.5064676616915422,False,True,medium,task-aligned variant for SWE-style repair; useful for output-drift and pass@1 non-degradation checks,target plus changed/FAIL_TO_PASS test functions,astropy/io/ascii/html.py;astropy/io/ascii/tests/test_html.py,HTML.write;test_soupstring;test_listwriter;test_identify_table
astropy__astropy-13453,astropy/astropy,astropy/io/ascii/html.py,HTML,ast_function_only,1,1,1789,04a5612ce4522921,1.0,1.0,1.0,False,False,medium,baseline exact target span; useful when the patch-local symbol is self-contained,target function/method/class only,astropy/io/ascii/html.py,HTML
astropy__astropy-13453,astropy/astropy,astropy/io/ascii/html.py,HTML,call_neighborhood_1hop,9,2,2360,5f44cca230028654,1.0,1.0,1.3191727221911682,False,False,high,expected to improve lossy precision when target behavior depends on local helpers or dispatch utilities,target plus statically resolved direct callees,astropy/io/ascii/html.py;astropy/modeling/core.py,HTML;HTML.__init__;HTML.fill_values;HTML.read;HTMLOutputter;ListWriter.__init__;ListWriter;SoupString.__init__;Model.deepcopy
astropy__astropy-13453,astropy/astropy,astropy/io/ascii/html.py,HTML,reverse_callers_1hop,4,2,3210,e2e951df0eb76c55,1.0,1.0,1.7942984907769703,False,True,diagnostic,diagnostic high-context variant; may increase semantic alignment but also raises drift risk from caller/test-specific context,target plus same-repo callers that reference it,astropy/io/ascii/html.py;astropy/io/ascii/tests/test_html.py,HTML;test_multicolumn_write;test_multicolumn_write_escape;test_write_no_multicols
astropy__astropy-13453,astropy/astropy,astropy/io/ascii/html.py,HTML,import_dependency_bundle,1,1,1813,4e1d071a724522ec,1.0,1.0,1.0134153158188932,True,False,high,expected to preserve stable API/import context with limited semantic contamination,target plus local import context and resolved import-file front matter,astropy/io/ascii/html.py,HTML
astropy__astropy-13453,astropy/astropy,astropy/io/ascii/html.py,HTML,test_target_bundle,4,2,2298,ea893fc56c7f9e2a,1.0,1.0,1.2845164896590273,False,True,medium,task-aligned variant for SWE-style repair; useful for output-drift and pass@1 non-degradation checks,target plus changed/FAIL_TO_PASS test functions,astropy/io/ascii/html.py;astropy/io/ascii/tests/test_html.py,HTML;test_soupstring;test_listwriter;test_identify_table
astropy__astropy-13977,astropy/astropy,astropy/units/quantity.py,Quantity._result_as_quantity,ast_function_only,1,1,372,12b473a6cb8a5444,1.0,0.40390879478827363,1.0,False,False,medium,baseline exact target span; useful when the patch-local symbol is self-contained,target function/method/class only,astropy/units/quantity.py,Quantity._result_as_quantity
astropy__astropy-13977,astropy/astropy,astropy/units/quantity.py,Quantity._result_as_quantity,call_neighborhood_1hop,4,1,1296,61f925e0f966e745,1.0,1.0,3.4838709677419355,False,False,high,expected to improve lossy precision when target behavior depends on local helpers or dispatch utilities,target plus statically resolved direct callees,astropy/units/quantity.py,Quantity._result_as_quantity;Quantity._new_view;Quantity._set_unit;SpecificTypeQuantity._set_unit
astropy__astropy-13977,astropy/astropy,astropy/units/quantity.py,Quantity._result_as_quantity,reverse_callers_1hop,5,1,15963,2aad40d021e8b389,1.0,1.0,42.91129032258065,False,False,diagnostic,diagnostic high-context variant; may increase semantic alignment but also raises drift risk from caller/test-specific context,target plus same-repo callers that reference it,astropy/units/quantity.py,Quantity._result_as_quantity;Quantity.__array_function__;Quantity.__array_ufunc__;Quantity._wrap_function;Quantity
astropy__astropy-13977,astropy/astropy,astropy/units/quantity.py,Quantity._result_as_quantity,import_dependency_bundle,1,1,551,f50a5664ceed2a17,1.0,0.5982627578718784,1.4811827956989247,True,False,high,expected to preserve stable API/import context with limited semantic contamination,target plus local import context and resolved import-file front matter,astropy/units/quantity.py,Quantity._result_as_quantity
astropy__astropy-13977,astropy/astropy,astropy/units/quantity.py,Quantity._result_as_quantity,test_target_bundle,7,3,842,b27cb40245198dd2,1.0,0.9142236699239956,2.263440860215054,False,True,medium,task-aligned variant for SWE-style repair; useful for output-drift and pass@1 non-degradation checks,target plus changed/FAIL_TO_PASS test functions,astropy/units/quantity.py;astropy/units/tests/test_quantity.py;astropy/units/tests/test_quantity_ufuncs.py,Quantity._result_as_quantity;test_quantity_conversion;test_quantity_ilshift;test_regression_12964;test_testcase;test_testexc;test_testwarn
astropy__astropy-13977,astropy/astropy,astropy/units/quantity.py,Quantity.__array_ufunc__,ast_function_only,1,1,620,e069c6d94302c7c6,1.0,0.6731813246471227,1.0,False,False,medium,baseline exact target span; useful when the patch-local symbol is self-contained,target function/method/class only,astropy/units/quantity.py,Quantity.__array_ufunc__
astropy__astropy-13977,astropy/astropy,astropy/units/quantity.py,Quantity.__array_ufunc__,call_neighborhood_1hop,3,1,1578,788ee5745677f3ee,1.0,1.0,2.5451612903225804,False,False,high,expected to improve lossy precision when target behavior depends on local helpers or dispatch utilities,target plus statically resolved direct callees,astropy/units/quantity.py,Quantity.__array_ufunc__;Quantity._result_as_quantity;Quantity._to_own_unit
astropy__astropy-13977,astropy/astropy,astropy/units/quantity.py,Quantity.__array_ufunc__,reverse_callers_1hop,2,1,14574,0d35abe0a637c794,1.0,1.0,23.506451612903227,False,False,diagnostic,diagnostic high-context variant; may increase semantic alignment but also raises drift risk from caller/test-specific context,target plus same-repo callers that reference it,astropy/units/quantity.py,Quantity.__array_ufunc__;Quantity
astropy__astropy-13977,astropy/astropy,astropy/units/quantity.py,Quantity.__array_ufunc__,import_dependency_bundle,1,1,799,7c6c3aee2a36cfd9,1.0,0.8675352877307275,1.288709677419355,True,False,high,expected to preserve stable API/import context with limited semantic contamination,target plus local import context and resolved import-file front matter,astropy/units/quantity.py,Quantity.__array_ufunc__
astropy__astropy-13977,astropy/astropy,astropy/units/quantity.py,Quantity.__array_ufunc__,test_target_bundle,7,3,1090,db27f982c342df47,1.0,1.0,1.7580645161290323,False,True,medium,task-aligned variant for SWE-style repair; useful for output-drift and pass@1 non-degradation checks,target plus changed/FAIL_TO_PASS test functions,astropy/units/quantity.py;astropy/units/tests/test_quantity.py;astropy/units/tests/test_quantity_ufuncs.py,Quantity.__array_ufunc__;test_quantity_conversion;test_quantity_ilshift;test_regression_12964;test_testcase;test_testexc;test_testwarn
astropy__astropy-13977,astropy/astropy,astropy/units/quantity.py,Quantity,ast_function_only,1,1,13954,1fdccccfbba4c09d,1.0,1.0,1.0,False,False,medium,baseline exact target span; useful when the patch-local symbol is self-contained,target function/method/class only,astropy/units/quantity.py,Quantity
astropy__astropy-13977,astropy/astropy,astropy/units/quantity.py,Quantity,call_neighborhood_1hop,64,5,24848,c84e37505976c942,1.0,1.0,1.780708040705174,False,False,high,expected to improve lossy precision when target behavior depends on local helpers or dispatch utilities,target plus statically resolved direct callees,astropy/__init__.py;astropy/convolution/core.py;astropy/convolution/kernels.py;astropy/stats/funcs.py;astropy/units/quantity.py,Quantity;base_constants_version.set;Kernel.array;CustomKernel.array;CustomKernel.array;_mpmath_kraft_burrows_nousek.func;_scipy_kraft_burrows_nousek.func;Quantity.__array_finalize__;Quantity.__array_function__;Quantity.__array_ufunc__;Quantity.__class_getitem__;Quantity.__dir__;Quantity.__eq__;Quantity.__getattr__.get_virtual_unit_attribute;Quantity.__getitem__;Quantity.__imul__;Quantity.__index__;Quantity.__iter__.quantity_iter;Quantity.__itruediv__;Quantity.__mul__;Quantity.__ne__;Quantity.__pow__;Quantity.__quantity_subclass__;Quantity.__reduce__;Quantity.__rlshift__;Quantity.__rtruediv__;Quantity.__setitem__;Quantity.__setstate__;Quantity.__truediv__;Quantity._decompose;Quantity._new_view;Quantity._not_implemented_or_raise;Quantity._recursively_apply;Quantity._repr_latex_;Quantity._result_as_quantity;Quantity._set_unit;Quantity._to_own_unit;Quantity._to_value;Quantity._wrap_function;Quantity.all;Quantity.any;Quantity.argmax;Quantity.argmax;Quantity.argmin;Quantity.argmin;Quantity.argsort;Quantity.decompose;Quantity.fill;Quantity.insert;Quantity.item;Quantity.itemset;Quantity.put;Quantity.searchsorted;Quantity.take;Quantity.to;Quantity.to_string;Quantity.to_value;QuantityInfo;QuantityIterator.__getitem__;QuantityIterator.__setitem__;QuantityIterator.copy;QuantityIterator;SpecificTypeQuantity.__quantity_subclass__;SpecificTypeQuantity._set_unit
astropy__astropy-13977,astropy/astropy,astropy/units/quantity.py,Quantity,reverse_callers_1hop,106,10,83465,e6205469e6d2a31e,1.0,1.0,5.981439013902824,False,True,diagnostic,diagnostic high-context variant; may increase semantic alignment but also raises drift risk from caller/test-specific context,target plus same-repo callers that reference it,astropy/modeling/bounding_box.py;astropy/modeling/core.py;astropy/modeling/functional_models.py;astropy/modeling/mappings.py;astropy/modeling/physical_models.py;astropy/modeling/powerlaws.py;astropy/modeling/utils.py;astropy/units/quantity.py;astropy/units/tests/test_quantity.py;astropy/units/tests/test_quantity_ufuncs.py,Quantity;_BoundingDomain._set_outputs_unit;_BoundingDomain;Model._param_sets;Model._process_output_units;Model;_ModelMeta._handle_special_methods;_ModelMeta;AiryDisk2D.evaluate;AiryDisk2D;Box2D.evaluate;Box2D;Const1D.evaluate;Const1D;Const2D.evaluate;Const2D;Disk2D.evaluate;Disk2D;Ellipse2D.evaluate;Ellipse2D;Ring2D.evaluate;Ring2D;Trapezoid1D.evaluate;Trapezoid1D;TrapezoidDisk2D.evaluate;TrapezoidDisk2D;UnitsMapping.evaluate;UnitsMapping;BlackBody.evaluate;BlackBody;NFW.__init__;NFW._density_s;NFW._radius_s;NFW.circular_velocity;NFW.evaluate;NFW;SmoothlyBrokenPowerLaw1D.evaluate;SmoothlyBrokenPowerLaw1D;ellipse_extent;Quantity._to_own_unit;_unquantify_allclose_arguments;QuantityMimic2.to;QuantityMimic2.to_value;QuantityMimic2;TestQuantityComparison.test_quantity_comparison;TestQuantityComparison.test_quantity_equality;TestQuantityComparison.test_quantity_equality_array;TestQuantityComparison;TestQuantityCreation.test_2;TestQuantityCreation.test_3;TestQuantityCreation.test_copy;TestQuantityCreation.test_float_dtype_promotion;TestQuantityCreation.test_nan_inf;TestQuantityCreation.test_ndmin;TestQuantityCreation.test_non_quantity_with_unit;TestQuantityCreation.test_numpy_style_dtype_inspect;TestQuantityCreation.test_order;TestQuantityCreation.test_preserve_dtype;TestQuantityCreation.test_subok;TestQuantityCreation.test_unit_property;TestQuantityCreation;TestQuantityDisplay.test_dimensionless_quantity_format;TestQuantityDisplay.test_dimensionless_quantity_repr;TestQuantityDisplay.test_dimensionless_quantity_str;TestQuantityDisplay.test_repr_latex;TestQuantityDisplay.test_to_string;TestQuantityDisplay;TestQuantityMimics.test_mimic_function_unit;TestQuantityMimics.test_mimic_input;TestQuantityMimics.test_mimic_setting;TestQuantityMimics;TestQuantityOperations.test_addition;TestQuantityOperations.test_array_converters;TestQuantityOperations.test_commutativity;TestQuantityOperations.test_complicated_operation;TestQuantityOperations.test_dimensionless_operations;TestQuantityOperations.test_division;TestQuantityOperations.test_incompatible_units;TestQuantityOperations.test_non_number_type;TestQuantityOperations.test_numeric_converter_to_index_in_practice;TestQuantityOperations.test_numeric_converters;TestQuantityOperations;test_array_indexing_slicing;test_arrays;test_assign_slice_with_quantity_like;test_copy;test_deepcopy;test_implicit_conversion;test_implicit_conversion_autocomplete;test_inverse_quantity;test_quantity_conversion;test_quantity_conversion_with_equiv;test_quantity_from_table;test_quantity_ilshift;test_quantity_initialisation_from_string;test_quantity_initialized_with_quantity;test_quantity_mutability;test_quantity_value_views;test_regression_12964;test_unit_class_override;TestInplaceUfuncs.test_ndarray_inplace_op_with_quantity;TestInplaceUfuncs.test_ufunc_inplace_non_standard_dtype;TestInplaceUfuncs;TestQuantityMathFuncs.test_ldexp_invalid;TestQuantityMathFuncs.test_power_scalar;TestQuantityMathFuncs
astropy__astropy-13977,astropy/astropy,astropy/units/quantity.py,Quantity,import_dependency_bundle,1,1,14133,69f0298c39bc5300,1.0,1.0,1.0128278629783574,True,False,high,expected to preserve stable API/import context with limited semantic contamination,target plus local import context and resolved import-file front matter,astropy/units/quantity.py,Quantity
astropy__astropy-13977,astropy/astropy,astropy/units/quantity.py,Quantity,test_target_bundle,7,3,14424,8dedefd6ec54b5c5,1.0,1.0,1.0336820983230615,False,True,medium,task-aligned variant for SWE-style repair; useful for output-drift and pass@1 non-degradation checks,target plus changed/FAIL_TO_PASS test functions,astropy/units/quantity.py;astropy/units/tests/test_quantity.py;astropy/units/tests/test_quantity_ufuncs.py,Quantity;test_quantity_conversion;test_quantity_ilshift;test_regression_12964;test_testcase;test_testexc;test_testwarn
astropy__astropy-14096,astropy/astropy,astropy/coordinates/sky_coordinate.py,SkyCoord.__getattr__,ast_function_only,1,1,263,fdc4b86ddbd91897,1.0,0.257843137254902,1.0,False,False,medium,baseline exact target span; useful when the patch-local symbol is self-contained,target function/method/class only,astropy/coordinates/sky_coordinate.py,SkyCoord.__getattr__
astropy__astropy-14096,astropy/astropy,astropy/coordinates/sky_coordinate.py,SkyCoord.__getattr__,call_neighborhood_1hop,4,1,1417,3d5b36e36addd18b,1.0,1.0,5.387832699619772,False,False,high,expected to improve lossy precision when target behavior depends on local helpers or dispatch utilities,target plus statically resolved direct callees,astropy/coordinates/sky_coordinate.py,SkyCoord.__getattr__;SkyCoord._is_name;SkyCoord.is_transformable_to;SkyCoord.transform_to
astropy__astropy-14096,astropy/astropy,astropy/coordinates/sky_coordinate.py,SkyCoord.__getattr__,reverse_callers_1hop,1,1,263,fdc4b86ddbd91897,1.0,0.257843137254902,1.0,False,False,diagnostic,diagnostic high-context variant; may increase semantic alignment but also raises drift risk from caller/test-specific context,target plus same-repo callers that reference it,astropy/coordinates/sky_coordinate.py,SkyCoord.__getattr__
astropy__astropy-14096,astropy/astropy,astropy/coordinates/sky_coordinate.py,SkyCoord.__getattr__,import_dependency_bundle,1,1,433,b5436dae31432c85,1.0,0.4245098039215686,1.6463878326996197,True,False,high,expected to preserve stable API/import context with limited semantic contamination,target plus local import context and resolved import-file front matter,astropy/coordinates/sky_coordinate.py,SkyCoord.__getattr__
astropy__astropy-14096,astropy/astropy,astropy/coordinates/sky_coordinate.py,SkyCoord.__getattr__,test_target_bundle,4,2,915,188e6fdcba596ffd,1.0,0.8970588235294118,3.4790874524714828,False,True,medium,task-aligned variant for SWE-style repair; useful for output-drift and pass@1 non-degradation checks,target plus changed/FAIL_TO_PASS test functions,astropy/coordinates/sky_coordinate.py;astropy/coordinates/tests/test_sky_coord.py,SkyCoord.__getattr__;test_is_transformable_to_str_input;test_transform_to;test_round_tripping
astropy__astropy-14096,astropy/astropy,astropy/coordinates/sky_coordinate.py,SkyCoord,ast_function_only,1,1,16468,7ad4437d326045ae,1.0,1.0,1.0,False,False,medium,baseline exact target span; useful when the patch-local symbol is self-contained,target function/method/class only,astropy/coordinates/sky_coordinate.py,SkyCoord
astropy__astropy-14096,astropy/astropy,astropy/coordinates/sky_coordinate.py,SkyCoord,call_neighborhood_1hop,32,7,25393,606ccce1effd345f,1.0,1.0,1.5419601651688122,False,False,high,expected to improve lossy precision when target behavior depends on local helpers or dispatch utilities,target plus statically resolved direct callees,astropy/__init__.py;astropy/convolution/core.py;astropy/convolution/kernels.py;astropy/coordinates/sky_coordinate.py;astropy/modeling/bounding_box.py;astropy/modeling/core.py;astropy/modeling/utils.py,SkyCoord;base_constants_version.set;Kernel.array;CustomKernel.array;CustomKernel.array;SkyCoord.__delattr__;SkyCoord.__dir__;SkyCoord.__setattr__;SkyCoord._apply.apply_method;SkyCoord._apply;SkyCoord._is_name;SkyCoord.apply_space_motion;SkyCoord.get_constellation;SkyCoord.is_equivalent_frame;SkyCoord.is_transformable_to;SkyCoord.position_angle;SkyCoord.search_around_3d;SkyCoord.search_around_sky;SkyCoord.skyoffset_frame;SkyCoord.to_pixel;SkyCoord.to_string;SkyCoord.transform_to;SkyCoordInfo._represent_as_dict;SkyCoordInfo.new_like;SkyCoordInfo;ModelBoundingBox.copy;_Interval.copy;_SelectorArgument.__new__;_SelectorArguments.__new__;Model.copy;_ModelMeta.__new__;_SpecialOperatorsDict.add
astropy__astropy-14096,astropy/astropy,astropy/coordinates/sky_coordinate.py,SkyCoord,reverse_callers_1hop,68,2,33840,3181d90bd812b4e4,1.0,1.0,2.0548943405392275,False,True,diagnostic,diagnostic high-context variant; may increase semantic alignment but also raises drift risk from caller/test-specific context,target plus same-repo callers that reference it,astropy/coordinates/sky_coordinate.py;astropy/coordinates/tests/test_sky_coord.py,SkyCoord;SkyCoord.directional_offset_by;SkyCoord.get_constellation;test_apply_space_motion;test_attr_conflicts;test_attr_inheritance;test_cache_clear_sc;test_constellations;test_contained_by;test_coord_init_array;test_coord_init_list;test_coord_init_representation;test_coord_init_string;test_coord_init_unit;test_custom_frame_skycoord;test_deepcopy;test_directional_offset_by;test_equal;test_equal_different_type;test_equal_exceptions;test_equiv_skycoord;test_equiv_skycoord_with_extra_attrs;test_extra_attributes;test_frame_attr_changes;test_frame_attr_getattr;test_frame_attr_transform_inherit;test_frame_init;test_getitem_representation;test_immutable;test_init_with_frame_instance_keyword;test_insert;test_insert_exceptions;test_is_transformable_to_str_input;test_match_to_catalog_3d_and_sky;test_multiple_aliases;test_nd_skycoord_to_string;test_no_copy;test_nodata_failure;test_none_differential_type;test_none_transform;test_ops;test_passing_inconsistent_coordinates_and_units_raises_helpful_error;test_position_angle;test_repr;test_repr_altaz;test_round_tripping;test_search_around;test_sep_pa_equivalence;test_seps;test_set_attribute_exceptions;test_setitem_exceptions;test_setitem_initially_broadcast;test_setitem_no_velocity;test_setitem_velocities;test_skycoord_coordinate_input;test_skycoord_list_creation;test_skycoord_spherical_two_components;test_skycoord_string_coordinate_input;test_skycoord_three_components;test_spherical_offsets_roundtrip;test_spherical_offsets_to_api;test_table_to_coord;test_to_string;test_transform_to;test_units;test_units_known_fail;test_user_friendly_pm_error;test_wcs_methods
astropy__astropy-14096,astropy/astropy,astropy/coordinates/sky_coordinate.py,SkyCoord,import_dependency_bundle,1,1,16638,2410cb15928ce5c6,1.0,1.0,1.0103230507651202,True,False,high,expected to preserve stable API/import context with limited semantic contamination,target plus local import context and resolved import-file front matter,astropy/coordinates/sky_coordinate.py,SkyCoord
astropy__astropy-14096,astropy/astropy,astropy/coordinates/sky_coordinate.py,SkyCoord,test_target_bundle,4,2,17120,18ce546699a3e389,1.0,1.0,1.0395919358756376,False,True,medium,task-aligned variant for SWE-style repair; useful for output-drift and pass@1 non-degradation checks,target plus changed/FAIL_TO_PASS test functions,astropy/coordinates/sky_coordinate.py;astropy/coordinates/tests/test_sky_coord.py,SkyCoord;test_is_transformable_to_str_input;test_transform_to;test_round_tripping
astropy__astropy-14182,astropy/astropy,astropy/io/ascii/rst.py,RST.__init__,ast_function_only,1,1,20,216bd5fb300ef283,1.0,0.05934718100890208,1.0,False,False,medium,baseline exact target span; useful when the patch-local symbol is self-contained,target function/method/class only,astropy/io/ascii/rst.py,RST.__init__
astropy__astropy-14182,astropy/astropy,astropy/io/ascii/rst.py,RST.__init__,call_neighborhood_1hop,1,1,20,216bd5fb300ef283,1.0,0.05934718100890208,1.0,False,False,high,expected to improve lossy precision when target behavior depends on local helpers or dispatch utilities,target plus statically resolved direct callees,astropy/io/ascii/rst.py,RST.__init__
astropy__astropy-14182,astropy/astropy,astropy/io/ascii/rst.py,RST.__init__,reverse_callers_1hop,2,1,231,2db20b9105f35e8a,1.0,0.685459940652819,11.55,False,False,diagnostic,diagnostic high-context variant; may increase semantic alignment but also raises drift risk from caller/test-specific context,target plus same-repo callers that reference it,astropy/io/ascii/rst.py,RST.__init__;RST
astropy__astropy-14182,astropy/astropy,astropy/io/ascii/rst.py,RST.__init__,import_dependency_bundle,1,1,39,33e6a81dc916ebc2,1.0,0.11572700296735905,1.95,True,False,high,expected to preserve stable API/import context with limited semantic contamination,target plus local import context and resolved import-file front matter,astropy/io/ascii/rst.py,RST.__init__
astropy__astropy-14182,astropy/astropy,astropy/io/ascii/rst.py,RST.__init__,test_target_bundle,4,2,563,b63a624ba8194c9d,1.0,1.0,28.15,False,True,medium,task-aligned variant for SWE-style repair; useful for output-drift and pass@1 non-degradation checks,target plus changed/FAIL_TO_PASS test functions,astropy/io/ascii/rst.py;astropy/io/ascii/tests/test_rst.py,RST.__init__;test_read_normal;test_read_normal_names;test_read_normal_names_include
astropy__astropy-14182,astropy/astropy,astropy/io/ascii/rst.py,RST.write,ast_function_only,1,1,37,8c460d381afaf882,1.0,0.10979228486646884,1.0,False,False,medium,baseline exact target span; useful when the patch-local symbol is self-contained,target function/method/class only,astropy/io/ascii/rst.py,RST.write
astropy__astropy-14182,astropy/astropy,astropy/io/ascii/rst.py,RST.write,call_neighborhood_1hop,1,1,37,8c460d381afaf882,1.0,0.10979228486646884,1.0,False,False,high,expected to improve lossy precision when target behavior depends on local helpers or dispatch utilities,target plus statically resolved direct callees,astropy/io/ascii/rst.py,RST.write
astropy__astropy-14182,astropy/astropy,astropy/io/ascii/rst.py,RST.write,reverse_callers_1hop,3,2,386,a1158e0828a3ef92,1.0,1.0,10.432432432432432,False,True,diagnostic,diagnostic high-context variant; may increase semantic alignment but also raises drift risk from caller/test-specific context,target plus same-repo callers that reference it,astropy/io/ascii/rst.py;astropy/io/ascii/tests/test_rst.py,RST.write;RST;test_write_normal
astropy__astropy-14182,astropy/astropy,astropy/io/ascii/rst.py,RST.write,import_dependency_bundle,1,1,56,62102435937326ab,1.0,0.1661721068249258,1.5135135135135136,True,False,high,expected to preserve stable API/import context with limited semantic contamination,target plus local import context and resolved import-file front matter,astropy/io/ascii/rst.py,RST.write
astropy__astropy-14182,astropy/astropy,astropy/io/ascii/rst.py,RST.write,test_target_bundle,4,2,580,d18f98320d8234b3,1.0,1.0,15.675675675675675,False,True,medium,task-aligned variant for SWE-style repair; useful for output-drift and pass@1 non-degradation checks,target plus changed/FAIL_TO_PASS test functions,astropy/io/ascii/rst.py;astropy/io/ascii/tests/test_rst.py,RST.write;test_read_normal;test_read_normal_names;test_read_normal_names_include
astropy__astropy-14182,astropy/astropy,astropy/io/ascii/rst.py,RST,ast_function_only,1,1,211,a473ced2ff3a1e86,1.0,0.6261127596439169,1.0,False,False,medium,baseline exact target span; useful when the patch-local symbol is self-contained,target function/method/class only,astropy/io/ascii/rst.py,RST
astropy__astropy-14182,astropy/astropy,astropy/io/ascii/rst.py,RST,call_neighborhood_1hop,3,1,268,836f6fa38effb0bd,1.0,0.7952522255192879,1.2701421800947867,False,False,high,expected to improve lossy precision when target behavior depends on local helpers or dispatch utilities,target plus statically resolved direct callees,astropy/io/ascii/rst.py,RST;RST.__init__;RST.write
astropy__astropy-14182,astropy/astropy,astropy/io/ascii/rst.py,RST,reverse_callers_1hop,1,1,211,a473ced2ff3a1e86,1.0,0.6261127596439169,1.0,False,False,diagnostic,diagnostic high-context variant; may increase semantic alignment but also raises drift risk from caller/test-specific context,target plus same-repo callers that reference it,astropy/io/ascii/rst.py,RST
astropy__astropy-14182,astropy/astropy,astropy/io/ascii/rst.py,RST,import_dependency_bundle,1,1,230,e8b84b75f8ee0059,1.0,0.6824925816023739,1.0900473933649288,True,False,high,expected to preserve stable API/import context with limited semantic contamination,target plus local import context and resolved import-file front matter,astropy/io/ascii/rst.py,RST
astropy__astropy-14182,astropy/astropy,astropy/io/ascii/rst.py,RST,test_target_bundle,4,2,754,1901348c9b206e77,1.0,1.0,3.5734597156398102,False,True,medium,task-aligned variant for SWE-style repair; useful for output-drift and pass@1 non-degradation checks,target plus changed/FAIL_TO_PASS test functions,astropy/io/ascii/rst.py;astropy/io/ascii/tests/test_rst.py,RST;test_read_normal;test_read_normal_names;test_read_normal_names_include
astropy__astropy-14309,astropy/astropy,astropy/io/fits/connect.py,is_fits,ast_function_only,1,1,192,75066e0901655675,1.0,0.15597075548334688,1.0,False,False,medium,baseline exact target span; useful when the patch-local symbol is self-contained,target function/method/class only,astropy/io/fits/connect.py,is_fits
astropy__astropy-14309,astropy/astropy,astropy/io/fits/connect.py,is_fits,call_neighborhood_1hop,1,1,192,75066e0901655675,1.0,0.15597075548334688,1.0,False,False,high,expected to improve lossy precision when target behavior depends on local helpers or dispatch utilities,target plus statically resolved direct callees,astropy/io/fits/connect.py,is_fits
astropy__astropy-14309,astropy/astropy,astropy/io/fits/connect.py,is_fits,reverse_callers_1hop,1,1,192,75066e0901655675,1.0,0.15597075548334688,1.0,False,False,diagnostic,diagnostic high-context variant; may increase semantic alignment but also raises drift risk from caller/test-specific context,target plus same-repo callers that reference it,astropy/io/fits/connect.py,is_fits
astropy__astropy-14309,astropy/astropy,astropy/io/fits/connect.py,is_fits,import_dependency_bundle,1,1,380,6044f01dddcabd3f,1.0,0.30869212022745735,1.9791666666666667,True,False,high,expected to preserve stable API/import context with limited semantic contamination,target plus local import context and resolved import-file front matter,astropy/io/fits/connect.py,is_fits
astropy__astropy-14309,astropy/astropy,astropy/io/fits/connect.py,is_fits,test_target_bundle,4,2,630,049c29b0b51309f2,1.0,0.511779041429732,3.28125,False,True,medium,task-aligned variant for SWE-style repair; useful for output-drift and pass@1 non-degradation checks,target plus changed/FAIL_TO_PASS test functions,astropy/io/fits/connect.py;astropy/io/fits/tests/test_connect.py,is_fits;test_masking_regression_1795;test_scale_error;test_parse_tdisp_format
astropy__astropy-14365,astropy/astropy,astropy/io/ascii/qdp.py,_line_type,ast_function_only,1,1,630,9c21c727af50a4be,1.0,0.5280804694048616,1.0,False,False,medium,baseline exact target span; useful when the patch-local symbol is self-contained,target function/method/class only,astropy/io/ascii/qdp.py,_line_type
astropy__astropy-14365,astropy/astropy,astropy/io/ascii/qdp.py,_line_type,call_neighborhood_1hop,1,1,630,9c21c727af50a4be,1.0,0.5280804694048616,1.0,False,False,high,expected to improve lossy precision when target behavior depends on local helpers or dispatch utilities,target plus statically resolved direct callees,astropy/io/ascii/qdp.py,_line_type
astropy__astropy-14365,astropy/astropy,astropy/io/ascii/qdp.py,_line_type,reverse_callers_1hop,2,1,913,4347b08e0c9584c3,1.0,0.7652975691533948,1.4492063492063492,False,False,diagnostic,diagnostic high-context variant; may increase semantic alignment but also raises drift risk from caller/test-specific context,target plus same-repo callers that reference it,astropy/io/ascii/qdp.py,_line_type;_get_type_from_list_of_lines
astropy__astropy-14365,astropy/astropy,astropy/io/ascii/qdp.py,_line_type,import_dependency_bundle,1,1,666,aaf2f193286cc115,1.0,0.5582564962279967,1.0571428571428572,True,False,high,expected to preserve stable API/import context with limited semantic contamination,target plus local import context and resolved import-file front matter,astropy/io/ascii/qdp.py,_line_type
astropy__astropy-14365,astropy/astropy,astropy/io/ascii/qdp.py,_line_type,test_target_bundle,4,2,1987,9a20929eb4f97915,1.0,1.0,3.153968253968254,False,True,medium,task-aligned variant for SWE-style repair; useful for output-drift and pass@1 non-degradation checks,target plus changed/FAIL_TO_PASS test functions,astropy/io/ascii/qdp.py;astropy/io/ascii/tests/test_qdp.py,_line_type;test_get_tables_from_qdp_file;test_roundtrip;test_read_example
astropy__astropy-14365,astropy/astropy,astropy/io/ascii/qdp.py,_get_tables_from_qdp_file,ast_function_only,1,1,699,2f4cec71c1f448ce,1.0,0.5859178541492037,1.0,False,False,medium,baseline exact target span; useful when the patch-local symbol is self-contained,target function/method/class only,astropy/io/ascii/qdp.py,_get_tables_from_qdp_file
astropy__astropy-14365,astropy/astropy,astropy/io/ascii/qdp.py,_get_tables_from_qdp_file,call_neighborhood_1hop,4,1,1679,1bc4bee89ea741e0,1.0,1.0,2.4020028612303292,False,False,high,expected to improve lossy precision when target behavior depends on local helpers or dispatch utilities,target plus statically resolved direct callees,astropy/io/ascii/qdp.py,_get_tables_from_qdp_file;_get_lines_from_file;_get_type_from_list_of_lines;_interpret_err_lines
astropy__astropy-14365,astropy/astropy,astropy/io/ascii/qdp.py,_get_tables_from_qdp_file,reverse_callers_1hop,2,1,930,fdca61265b90817b,1.0,0.779547359597653,1.3304721030042919,False,False,diagnostic,diagnostic high-context variant; may increase semantic alignment but also raises drift risk from caller/test-specific context,target plus same-repo callers that reference it,astropy/io/ascii/qdp.py,_get_tables_from_qdp_file;_read_table_qdp
astropy__astropy-14365,astropy/astropy,astropy/io/ascii/qdp.py,_get_tables_from_qdp_file,import_dependency_bundle,1,1,735,20ade3d666390752,1.0,0.6160938809723386,1.0515021459227467,True,False,high,expected to preserve stable API/import context with limited semantic contamination,target plus local import context and resolved import-file front matter,astropy/io/ascii/qdp.py,_get_tables_from_qdp_file
astropy__astropy-14365,astropy/astropy,astropy/io/ascii/qdp.py,_get_tables_from_qdp_file,test_target_bundle,4,2,2056,2fdaa532ef834a36,1.0,1.0,2.9413447782546496,False,True,medium,task-aligned variant for SWE-style repair; useful for output-drift and pass@1 non-degradation checks,target plus changed/FAIL_TO_PASS test functions,astropy/io/ascii/qdp.py;astropy/io/ascii/tests/test_qdp.py,_get_tables_from_qdp_file;test_get_tables_from_qdp_file;test_roundtrip;test_read_example
astropy__astropy-14369,astropy/astropy,astropy/units/format/cds.py,CDS._make_parser.p_division_of_units,ast_function_only,1,1,58,f75e163eda1bb62a,1.0,0.05788423153692615,1.0,False,False,medium,baseline exact target span; useful when the patch-local symbol is self-contained,target function/method/class only,astropy/units/format/cds.py,CDS._make_parser.p_division_of_units
astropy__astropy-14369,astropy/astropy,astropy/units/format/cds.py,CDS._make_parser.p_division_of_units,call_neighborhood_1hop,1,1,58,f75e163eda1bb62a,1.0,0.05788423153692615,1.0,False,False,high,expected to improve lossy precision when target behavior depends on local helpers or dispatch utilities,target plus statically resolved direct callees,astropy/units/format/cds.py,CDS._make_parser.p_division_of_units
astropy__astropy-14369,astropy/astropy,astropy/units/format/cds.py,CDS._make_parser.p_division_of_units,reverse_callers_1hop,1,1,58,f75e163eda1bb62a,1.0,0.05788423153692615,1.0,False,False,diagnostic,diagnostic high-context variant; may increase semantic alignment but also raises drift risk from caller/test-specific context,target plus same-repo callers that reference it,astropy/units/format/cds.py,CDS._make_parser.p_division_of_units
astropy__astropy-14369,astropy/astropy,astropy/units/format/cds.py,CDS._make_parser.p_division_of_units,import_dependency_bundle,1,1,97,ae6e19dfbae5f766,1.0,0.0968063872255489,1.6724137931034482,True,False,high,expected to preserve stable API/import context with limited semantic contamination,target plus local import context and resolved import-file front matter,astropy/units/format/cds.py,CDS._make_parser.p_division_of_units
astropy__astropy-14369,astropy/astropy,astropy/units/format/cds.py,CDS._make_parser.p_division_of_units,test_target_bundle,4,2,148,ee81c76f98ac85f1,1.0,0.14770459081836326,2.5517241379310347,False,True,medium,task-aligned variant for SWE-style repair; useful for output-drift and pass@1 non-degradation checks,target plus changed/FAIL_TO_PASS test functions,astropy/units/format/cds.py;astropy/units/tests/test_format.py,CDS._make_parser.p_division_of_units;test_unit_grammar;test_unit_grammar_fail;test_cds_grammar
astropy__astropy-14369,astropy/astropy,astropy/units/format/cds.py,CDS._make_parser,ast_function_only,1,1,756,f9e121e218ddc8d1,1.0,0.7544910179640718,1.0,False,False,medium,baseline exact target span; useful when the patch-local symbol is self-contained,target function/method/class only,astropy/units/format/cds.py,CDS._make_parser
astropy__astropy-14369,astropy/astropy,astropy/units/format/cds.py,CDS._make_parser,call_neighborhood_1hop,1,1,756,f9e121e218ddc8d1,1.0,0.7544910179640718,1.0,False,False,high,expected to improve lossy precision when target behavior depends on local helpers or dispatch utilities,target plus statically resolved direct callees,astropy/units/format/cds.py,CDS._make_parser
astropy__astropy-14369,astropy/astropy,astropy/units/format/cds.py,CDS._make_parser,reverse_callers_1hop,3,1,2796,afa829116cc16250,1.0,1.0,3.6984126984126986,False,False,diagnostic,diagnostic high-context variant; may increase semantic alignment but also raises drift risk from caller/test-specific context,target plus same-repo callers that reference it,astropy/units/format/cds.py,CDS._make_parser;CDS._parser;CDS
astropy__astropy-14369,astropy/astropy,astropy/units/format/cds.py,CDS._make_parser,import_dependency_bundle,1,1,795,77a77a1a5cf8605b,1.0,0.7934131736526946,1.0515873015873016,True,False,high,expected to preserve stable API/import context with limited semantic contamination,target plus local import context and resolved import-file front matter,astropy/units/format/cds.py,CDS._make_parser
astropy__astropy-14369,astropy/astropy,astropy/units/format/cds.py,CDS._make_parser,test_target_bundle,4,2,846,2c8dff73d58f29f3,1.0,0.844311377245509,1.119047619047619,False,True,medium,task-aligned variant for SWE-style repair; useful for output-drift and pass@1 non-degradation checks,target plus changed/FAIL_TO_PASS test functions,astropy/units/format/cds.py;astropy/units/tests/test_format.py,CDS._make_parser;test_unit_grammar;test_unit_grammar_fail;test_cds_grammar
astropy__astropy-14369,astropy/astropy,astropy/units/format/cds.py,CDS,ast_function_only,1,1,2028,150cbc19b03a2815,1.0,1.0,1.0,False,False,medium,baseline exact target span; useful when the patch-local symbol is self-contained,target function/method/class only,astropy/units/format/cds.py,CDS
astropy__astropy-14369,astropy/astropy,astropy/units/format/cds.py,CDS,call_neighborhood_1hop,9,1,3580,4316c8931d1b9445,1.0,1.0,1.7652859960552267,False,False,high,expected to improve lossy precision when target behavior depends on local helpers or dispatch utilities,target plus statically resolved direct callees,astropy/units/format/cds.py,CDS;CDS._format_unit_list;CDS._generate_unit_names;CDS._get_unit;CDS._get_unit_name;CDS._make_lexer;CDS._make_parser;CDS._parse_unit;CDS.parse
astropy__astropy-14369,astropy/astropy,astropy/units/format/cds.py,CDS,reverse_callers_1hop,1,1,2028,150cbc19b03a2815,1.0,1.0,1.0,False,False,diagnostic,diagnostic high-context variant; may increase semantic alignment but also raises drift risk from caller/test-specific context,target plus same-repo callers that reference it,astropy/units/format/cds.py,CDS
astropy__astropy-14369,astropy/astropy,astropy/units/format/cds.py,CDS,import_dependency_bundle,1,1,2067,ac7cd5e3ab01909d,1.0,1.0,1.0192307692307692,True,False,high,expected to preserve stable API/import context with limited semantic contamination,target plus local import context and resolved import-file front matter,astropy/units/format/cds.py,CDS
astropy__astropy-14369,astropy/astropy,astropy/units/format/cds.py,CDS,test_target_bundle,4,2,2118,991f431306f8ddfc,1.0,1.0,1.044378698224852,False,True,medium,task-aligned variant for SWE-style repair; useful for output-drift and pass@1 non-degradation checks,target plus changed/FAIL_TO_PASS test functions,astropy/units/format/cds.py;astropy/units/tests/test_format.py,CDS;test_unit_grammar;test_unit_grammar_fail;test_cds_grammar
astropy__astropy-14508,astropy/astropy,astropy/io/fits/card.py,_format_float,ast_function_only,1,1,240,688066147c5edf36,1.0,0.15141955835962145,1.0,False,False,medium,baseline exact target span; useful when the patch-local symbol is self-contained,target function/method/class only,astropy/io/fits/card.py,_format_float
astropy__astropy-14508,astropy/astropy,astropy/io/fits/card.py,_format_float,call_neighborhood_1hop,1,1,240,688066147c5edf36,1.0,0.15141955835962145,1.0,False,False,high,expected to improve lossy precision when target behavior depends on local helpers or dispatch utilities,target plus statically resolved direct callees,astropy/io/fits/card.py,_format_float
astropy__astropy-14508,astropy/astropy,astropy/io/fits/card.py,_format_float,reverse_callers_1hop,2,1,495,686829c5bfa9c79a,1.0,0.31230283911671924,2.0625,False,False,diagnostic,diagnostic high-context variant; may increase semantic alignment but also raises drift risk from caller/test-specific context,target plus same-repo callers that reference it,astropy/io/fits/card.py,_format_float;_format_value
astropy__astropy-14508,astropy/astropy,astropy/io/fits/card.py,_format_float,import_dependency_bundle,1,1,282,3cbea9980dae6521,1.0,0.17791798107255521,1.175,True,False,high,expected to preserve stable API/import context with limited semantic contamination,target plus local import context and resolved import-file front matter,astropy/io/fits/card.py,_format_float
astropy__astropy-14508,astropy/astropy,astropy/io/fits/card.py,_format_float,test_target_bundle,4,2,508,43a93a8dfa4f4955,1.0,0.3205047318611987,2.1166666666666667,False,True,medium,task-aligned variant for SWE-style repair; useful for output-drift and pass@1 non-degradation checks,target plus changed/FAIL_TO_PASS test functions,astropy/io/fits/card.py;astropy/io/fits/tests/test_header.py,_format_float;test_shallow_copy;test_init_with_header;test_init_with_dict
astropy__astropy-14539,astropy/astropy,astropy/io/fits/diff.py,TableDataDiff._diff,ast_function_only,1,1,1164,a9233e424867bb6a,1.0,1.0,1.0,False,False,medium,baseline exact target span; useful when the patch-local symbol is self-contained,target function/method/class only,astropy/io/fits/diff.py,TableDataDiff._diff
astropy__astropy-14539,astropy/astropy,astropy/io/fits/diff.py,TableDataDiff._diff,call_neighborhood_1hop,2,2,1241,1e3cd2b12acdd6af,1.0,1.0,1.0661512027491409,False,False,high,expected to improve lossy precision when target behavior depends on local helpers or dispatch utilities,target plus statically resolved direct callees,astropy/__init__.py;astropy/io/fits/diff.py,TableDataDiff._diff;base_constants_version.set
astropy__astropy-14539,astropy/astropy,astropy/io/fits/diff.py,TableDataDiff._diff,reverse_callers_1hop,5,1,2976,5896da83aec42a27,1.0,1.0,2.556701030927835,False,False,diagnostic,diagnostic high-context variant; may increase semantic alignment but also raises drift risk from caller/test-specific context,target plus same-repo callers that reference it,astropy/io/fits/diff.py,TableDataDiff._diff;RawDataDiff._diff;RawDataDiff;_BaseDiff.__init__;_BaseDiff
astropy__astropy-14539,astropy/astropy,astropy/io/fits/diff.py,TableDataDiff._diff,import_dependency_bundle,1,1,1325,e9e769f3abc30f1a,1.0,1.0,1.138316151202749,True,False,high,expected to preserve stable API/import context with limited semantic contamination,target plus local import context and resolved import-file front matter,astropy/io/fits/diff.py,TableDataDiff._diff
astropy__astropy-14539,astropy/astropy,astropy/io/fits/diff.py,TableDataDiff._diff,test_target_bundle,4,2,1514,c4a4db7c1fc70df3,1.0,1.0,1.3006872852233677,False,True,medium,task-aligned variant for SWE-style repair; useful for output-drift and pass@1 non-degradation checks,target plus changed/FAIL_TO_PASS test functions,astropy/io/fits/diff.py;astropy/io/fits/tests/test_diff.py,TableDataDiff._diff;test_fitsdiff_hdu_name;test_fitsdiff_no_hdu_name;test_fitsdiff_with_names
astropy__astropy-14539,astropy/astropy,astropy/io/fits/diff.py,TableDataDiff,ast_function_only,1,1,2649,15d3a9b5e1c23e4e,1.0,1.0,1.0,False,False,medium,baseline exact target span; useful when the patch-local symbol is self-contained,target function/method/class only,astropy/io/fits/diff.py,TableDataDiff
astropy__astropy-14539,astropy/astropy,astropy/io/fits/diff.py,TableDataDiff,call_neighborhood_1hop,10,2,6019,96e8eb16bdab9c74,1.0,1.0,2.2721781804454513,False,False,high,expected to improve lossy precision when target behavior depends on local helpers or dispatch utilities,target plus statically resolved direct callees,astropy/__init__.py;astropy/io/fits/diff.py,TableDataDiff;base_constants_version.set;FITSDiff.__init__;HDUDiff.__init__;HeaderDiff.__init__;ImageDataDiff.__init__;RawDataDiff.__init__;TableDataDiff.__init__;_BaseDiff.__init__;_BaseDiff._writeln
astropy__astropy-14539,astropy/astropy,astropy/io/fits/diff.py,TableDataDiff,reverse_callers_1hop,9,2,14611,2dbfa6382c019899,1.0,1.0,5.515666289165723,False,True,diagnostic,diagnostic high-context variant; may increase semantic alignment but also raises drift risk from caller/test-specific context,target plus same-repo callers that reference it,astropy/io/fits/diff.py;astropy/io/fits/tests/test_diff.py,TableDataDiff;TestDiff.test_diff_nans;TestDiff.test_different_table_data;TestDiff.test_different_table_field_counts;TestDiff.test_different_table_field_names;TestDiff.test_different_table_rows;TestDiff.test_identical_tables;TestDiff.test_ignore_table_fields;TestDiff
astropy__astropy-14539,astropy/astropy,astropy/io/fits/diff.py,TableDataDiff,import_dependency_bundle,1,1,2810,721777a52855b1fa,1.0,1.0,1.0607776519441299,True,False,high,expected to preserve stable API/import context with limited semantic contamination,target plus local import context and resolved import-file front matter,astropy/io/fits/diff.py,TableDataDiff
astropy__astropy-14539,astropy/astropy,astropy/io/fits/diff.py,TableDataDiff,test_target_bundle,4,2,2999,461c399be001be72,1.0,1.0,1.1321253303133259,False,True,medium,task-aligned variant for SWE-style repair; useful for output-drift and pass@1 non-degradation checks,target plus changed/FAIL_TO_PASS test functions,astropy/io/fits/diff.py;astropy/io/fits/tests/test_diff.py,TableDataDiff;test_fitsdiff_hdu_name;test_fitsdiff_no_hdu_name;test_fitsdiff_with_names
astropy__astropy-14598,astropy/astropy,astropy/io/fits/card.py,Card._split,ast_function_only,1,1,471,0e7ffe6e300ff1f3,1.0,0.29716088328075707,1.0,False,False,medium,baseline exact target span; useful when the patch-local symbol is self-contained,target function/method/class only,astropy/io/fits/card.py,Card._split
astropy__astropy-14598,astropy/astropy,astropy/io/fits/card.py,Card._split,call_neighborhood_1hop,3,2,741,95327a123a467645,1.0,0.46750788643533125,1.5732484076433122,False,True,high,expected to improve lossy precision when target behavior depends on local helpers or dispatch utilities,target plus statically resolved direct callees,astropy/io/fits/card.py;astropy/io/fits/tests/test_header.py,Card._split;Card._itersubcards;test_subclass.MyHeader.append
astropy__astropy-14598,astropy/astropy,astropy/io/fits/card.py,Card._split,reverse_callers_1hop,8,2,36252,2d6019c140213e54,1.0,1.0,76.96815286624204,False,True,diagnostic,diagnostic high-context variant; may increase semantic alignment but also raises drift risk from caller/test-specific context,target plus same-repo callers that reference it,astropy/io/fits/card.py;astropy/io/fits/tests/test_header.py,Card._split;Card._fix_value;Card._parse_comment;Card._parse_value;Card._verify;Card;TestHeaderFunctions.test_long_commentary_card_appended_to_header;TestHeaderFunctions
astropy__astropy-14598,astropy/astropy,astropy/io/fits/card.py,Card._split,import_dependency_bundle,1,1,513,3133a82592d69b1c,1.0,0.32365930599369086,1.089171974522293,True,False,high,expected to preserve stable API/import context with limited semantic contamination,target plus local import context and resolved import-file front matter,astropy/io/fits/card.py,Card._split
astropy__astropy-14598,astropy/astropy,astropy/io/fits/card.py,Card._split,test_target_bundle,4,2,739,b15243aa29b14eeb,1.0,0.4662460567823344,1.5690021231422506,False,True,medium,task-aligned variant for SWE-style repair; useful for output-drift and pass@1 non-degradation checks,target plus changed/FAIL_TO_PASS test functions,astropy/io/fits/card.py;astropy/io/fits/tests/test_header.py,Card._split;test_shallow_copy;test_init_with_header;test_init_with_dict
astropy__astropy-14598,astropy/astropy,astropy/io/fits/card.py,Card,ast_function_only,1,1,9058,467fb916faa18648,1.0,1.0,1.0,False,False,medium,baseline exact target span; useful when the patch-local symbol is self-contained,target function/method/class only,astropy/io/fits/card.py,Card
astropy__astropy-14598,astropy/astropy,astropy/io/fits/card.py,Card,call_neighborhood_1hop,20,2,13306,2546dba55628e572,1.0,1.0,1.4689776992713623,False,True,high,expected to improve lossy precision when target behavior depends on local helpers or dispatch utilities,target plus statically resolved direct callees,astropy/io/fits/card.py;astropy/io/fits/tests/test_header.py,Card;Card._check_if_rvkc;Card._check_if_rvkc_image;Card._format_comment;Card._format_image;Card._format_keyword;Card._format_long_commentary_image;Card._format_long_image;Card._format_value;Card._init_rvkc;Card._itersubcards;Card._parse_comment;Card._parse_keyword;Card._parse_value;Card._split;Card.fromstring;_format_value;_int_or_float;_pad;test_subclass.MyHeader.append
astropy__astropy-14598,astropy/astropy,astropy/io/fits/card.py,Card,reverse_callers_1hop,29,2,42394,9d367ed2221ac0ab,1.0,1.0,4.680282623095606,False,True,diagnostic,diagnostic high-context variant; may increase semantic alignment but also raises drift risk from caller/test-specific context,target plus same-repo callers that reference it,astropy/io/fits/card.py;astropy/io/fits/tests/test_header.py,Card;Card._format_long_commentary_image;TestHeaderFunctions.test_blank_keyword;TestHeaderFunctions.test_boolean_value_card;TestHeaderFunctions.test_card_constructor_default_args;TestHeaderFunctions.test_card_image_constructed_too_long;TestHeaderFunctions.test_commentary_cards;TestHeaderFunctions.test_complex_value_card;TestHeaderFunctions.test_final_continue_card_ampersand_removal_on_long_comments;TestHeaderFunctions.test_floating_point_string_representation_card;TestHeaderFunctions.test_floating_point_value_card;TestHeaderFunctions.test_header_set_value_to_none;TestHeaderFunctions.test_hierarch_card_creation;TestHeaderFunctions.test_hierarch_keyword_whitespace;TestHeaderFunctions.test_illegal_characters_in_key;TestHeaderFunctions.test_long_integer_value_card;TestHeaderFunctions.test_long_string_from_file;TestHeaderFunctions.test_long_string_repr;TestHeaderFunctions.test_long_string_value;TestHeaderFunctions.test_long_string_value_with_multiple_long_words;TestHeaderFunctions.test_specify_undefined_value;TestHeaderFunctions.test_string_value_card;TestHeaderFunctions.test_update_from_iterable;TestHeaderFunctions.test_verify_mixed_case_hierarch;TestHeaderFunctions.test_word_in_long_string_too_long;TestHeaderFunctions;TestRecordValuedKeywordCards.test_initialize_rvkc;TestRecordValuedKeywordCards.test_raw_keyword_value;TestRecordValuedKeywordCards
astropy__astropy-14598,astropy/astropy,astropy/io/fits/card.py,Card,import_dependency_bundle,1,1,9100,543dcb5486f0254d,1.0,1.0,1.0046367851622875,True,False,high,expected to preserve stable API/import context with limited semantic contamination,target plus local import context and resolved import-file front matter,astropy/io/fits/card.py,Card
astropy__astropy-14598,astropy/astropy,astropy/io/fits/card.py,Card,test_target_bundle,4,2,9326,01980712ea8e545b,1.0,1.0,1.029587105321263,False,True,medium,task-aligned variant for SWE-style repair; useful for output-drift and pass@1 non-degradation checks,target plus changed/FAIL_TO_PASS test functions,astropy/io/fits/card.py;astropy/io/fits/tests/test_header.py,Card;test_shallow_copy;test_init_with_header;test_init_with_dict
django__django-10097,django/django,django/core/validators.py,URLValidator,ast_function_only,1,1,942,f666da3487739539,1.0,0.6322147651006711,1.0,False,False,medium,baseline exact target span; useful when the patch-local symbol is self-contained,target function/method/class only,django/core/validators.py,URLValidator
django__django-10097,django/django,django/core/validators.py,URLValidator,call_neighborhood_1hop,17,1,2521,0177a2415705fd97,1.0,1.0,2.6762208067940554,False,False,high,expected to improve lossy precision when target behavior depends on local helpers or dispatch utilities,target plus statically resolved direct callees,django/core/validators.py,URLValidator;BaseValidator.__call__;BaseValidator.__init__;DecimalValidator.__call__;DecimalValidator.__init__;EmailValidator.__call__;EmailValidator.__init__;FileExtensionValidator.__call__;FileExtensionValidator.__init__;ProhibitNullCharactersValidator.__call__;ProhibitNullCharactersValidator.__init__;RegexValidator.__call__;RegexValidator.__init__;URLValidator.__call__;URLValidator.__init__;_lazy_re_compile;validate_ipv6_address
django__django-10097,django/django,django/core/validators.py,URLValidator,reverse_callers_1hop,1,1,942,f666da3487739539,1.0,0.6322147651006711,1.0,False,False,diagnostic,diagnostic high-context variant; may increase semantic alignment but also raises drift risk from caller/test-specific context,target plus same-repo callers that reference it,django/core/validators.py,URLValidator
django__django-10097,django/django,django/core/validators.py,URLValidator,import_dependency_bundle,1,1,1002,e65c87f6bc953e0f,1.0,0.6724832214765101,1.0636942675159236,True,False,high,expected to preserve stable API/import context with limited semantic contamination,target plus local import context and resolved import-file front matter,django/core/validators.py,URLValidator
django__django-10097,django/django,django/core/validators.py,URLValidator,test_target_bundle,1,1,942,f666da3487739539,1.0,0.6322147651006711,1.0,False,False,medium,task-aligned variant for SWE-style repair; useful for output-drift and pass@1 non-degradation checks,target plus changed/FAIL_TO_PASS test functions,django/core/validators.py,URLValidator
django__django-10554,django/django,django/db/models/sql/compiler.py,SQLCompiler.get_order_by,ast_function_only,1,1,954,ff92fc6a1e21652d,1.0,0.6326259946949602,1.0,False,False,medium,baseline exact target span; useful when the patch-local symbol is self-contained,target function/method/class only,django/db/models/sql/compiler.py,SQLCompiler.get_order_by
django__django-10554,django/django,django/db/models/sql/compiler.py,SQLCompiler.get_order_by,call_neighborhood_1hop,7,2,1939,477435b44253c766,1.0,1.0,2.0324947589098534,False,False,high,expected to improve lossy precision when target behavior depends on local helpers or dispatch utilities,target plus statically resolved direct callees,django/db/models/sql/compiler.py;django/db/models/sql/query.py,SQLCompiler.get_order_by;SQLCompiler.compile;SQLCompiler.find_ordering_name;SQLCompiler.quote_name_unless_alias;Query.get_meta;Query.resolve_expression;get_order_dir
django__django-10554,django/django,django/db/models/sql/compiler.py,SQLCompiler.get_order_by,reverse_callers_1hop,4,1,10767,50b62d244a4d61df,1.0,1.0,11.286163522012579,False,False,diagnostic,diagnostic high-context variant; may increase semantic alignment but also raises drift risk from caller/test-specific context,target plus same-repo callers that reference it,django/db/models/sql/compiler.py,SQLCompiler.get_order_by;SQLCompiler.get_combinator_sql;SQLCompiler.pre_sql_setup;SQLCompiler
django__django-10554,django/django,django/db/models/sql/compiler.py,SQLCompiler.get_order_by,import_dependency_bundle,1,1,1355,bf9854472be3822b,1.0,0.8985411140583555,1.420335429769392,True,False,high,expected to preserve stable API/import context with limited semantic contamination,target plus local import context and resolved import-file front matter,django/db/models/sql/compiler.py,SQLCompiler.get_order_by
django__django-10554,django/django,django/db/models/sql/compiler.py,SQLCompiler.get_order_by,test_target_bundle,4,2,1223,77f422febd35d57c,1.0,0.8110079575596817,1.2819706498951782,False,True,medium,task-aligned variant for SWE-style repair; useful for output-drift and pass@1 non-degradation checks,target plus changed/FAIL_TO_PASS test functions,django/db/models/sql/compiler.py;tests/queries/test_qs_combinators.py,SQLCompiler.get_order_by;QuerySetSetOperationTests.test_simple_union;QuerySetSetOperationTests.test_simple_intersection;QuerySetSetOperationTests.test_intersection_with_values
django__django-10554,django/django,django/db/models/sql/compiler.py,SQLCompiler,ast_function_only,1,1,9214,67e3bfbb42a04f3d,1.0,1.0,1.0,False,False,medium,baseline exact target span; useful when the patch-local symbol is self-contained,target function/method/class only,django/db/models/sql/compiler.py,SQLCompiler
django__django-10554,django/django,django/db/models/sql/compiler.py,SQLCompiler,call_neighborhood_1hop,58,2,24929,b441ea160868806e,1.0,1.0,2.7055567614499676,False,False,high,expected to improve lossy precision when target behavior depends on local helpers or dispatch utilities,target plus statically resolved direct callees,django/db/models/sql/compiler.py;django/db/models/sql/query.py,SQLCompiler;SQLAggregateCompiler.as_sql;SQLCompiler._setup_joins;SQLCompiler.apply_converters;SQLCompiler.as_sql;SQLCompiler.collapse_group_by;SQLCompiler.compile;SQLCompiler.deferred_to_columns;SQLCompiler.execute_sql;SQLCompiler.find_ordering_name;SQLCompiler.get_combinator_sql;SQLCompiler.get_converters;SQLCompiler.get_default_columns;SQLCompiler.get_distinct;SQLCompiler.get_extra_select;SQLCompiler.get_from_clause;SQLCompiler.get_group_by;SQLCompiler.get_order_by;SQLCompiler.get_related_selections._get_field_choices;SQLCompiler.get_related_selections.get_related_klass_infos;SQLCompiler.get_related_selections;SQLCompiler.get_select.get_select_from_parent;SQLCompiler.get_select;SQLCompiler.get_select_for_update_of_arguments._get_field_choices;SQLCompiler.get_select_for_update_of_arguments;SQLCompiler.pre_sql_setup;SQLCompiler.quote_name_unless_alias;SQLCompiler.setup_query;SQLDeleteCompiler.as_sql;SQLInsertCompiler.as_sql;SQLInsertCompiler.execute_sql;SQLUpdateCompiler.as_sql;SQLUpdateCompiler.execute_sql;SQLUpdateCompiler.pre_sql_setup;cursor_iter;Query.add_extra;Query.chain;Query.clone;Query.deferred_to_data;Query.get_compiler;Query.get_initial_alias;Query.get_loaded_field_names;Query.get_meta;Query.is_empty;Query.join;Query.join_parent_model;Query.relabeled_clone;Query.reset_refcounts;Query.resolve_expression;Query.resolve_ref;Query.set_extra_mask;Query.set_values;Query.setup_joins;Query.table_alias;Query.trim_joins;RawQuery.chain;RawQuery.clone;get_order_dir
django__django-10554,django/django,django/db/models/sql/compiler.py,SQLCompiler,reverse_callers_1hop,1,1,9214,67e3bfbb42a04f3d,1.0,1.0,1.0,False,False,diagnostic,diagnostic high-context variant; may increase semantic alignment but also raises drift risk from caller/test-specific context,target plus same-repo callers that reference it,django/db/models/sql/compiler.py,SQLCompiler
django__django-10554,django/django,django/db/models/sql/compiler.py,SQLCompiler,import_dependency_bundle,1,1,9615,baa70fb81d0c4540,1.0,1.0,1.0435207293249402,True,False,high,expected to preserve stable API/import context with limited semantic contamination,target plus local import context and resolved import-file front matter,django/db/models/sql/compiler.py,SQLCompiler
django__django-10554,django/django,django/db/models/sql/compiler.py,SQLCompiler,test_target_bundle,4,2,9483,5a3a1e291d836331,1.0,1.0,1.029194703711743,False,True,medium,task-aligned variant for SWE-style repair; useful for output-drift and pass@1 non-degradation checks,target plus changed/FAIL_TO_PASS test functions,django/db/models/sql/compiler.py;tests/queries/test_qs_combinators.py,SQLCompiler;QuerySetSetOperationTests.test_simple_union;QuerySetSetOperationTests.test_simple_intersection;QuerySetSetOperationTests.test_intersection_with_values
django__django-10554,django/django,django/db/models/sql/query.py,Query.set_select,ast_function_only,1,1,21,d637285d0d8921c4,1.0,0.019553072625698324,1.0,False,False,medium,baseline exact target span; useful when the patch-local symbol is self-contained,target function/method/class only,django/db/models/sql/query.py,Query.set_select
django__django-10554,django/django,django/db/models/sql/query.py,Query.set_select,call_neighborhood_1hop,1,1,21,d637285d0d8921c4,1.0,0.019553072625698324,1.0,False,False,high,expected to improve lossy precision when target behavior depends on local helpers or dispatch utilities,target plus statically resolved direct callees,django/db/models/sql/query.py,Query.set_select
django__django-10554,django/django,django/db/models/sql/query.py,Query.set_select,reverse_callers_1hop,5,1,18297,b42de95010e9be52,1.0,1.0,871.2857142857143,False,False,diagnostic,diagnostic high-context variant; may increase semantic alignment but also raises drift risk from caller/test-specific context,target plus same-repo callers that reference it,django/db/models/sql/query.py,Query.set_select;Query.add_fields;Query.combine;Query.trim_start;Query
django__django-10554,django/django,django/db/models/sql/query.py,Query.set_select,import_dependency_bundle,1,1,265,af63824cb1c4c843,1.0,0.2467411545623836,12.619047619047619,True,False,high,expected to preserve stable API/import context with limited semantic contamination,target plus local import context and resolved import-file front matter,django/db/models/sql/query.py,Query.set_select
django__django-10554,django/django,django/db/models/sql/query.py,Query.set_select,test_target_bundle,4,2,290,91bd3777cc39eca9,1.0,0.27001862197392923,13.80952380952381,False,True,medium,task-aligned variant for SWE-style repair; useful for output-drift and pass@1 non-degradation checks,target plus changed/FAIL_TO_PASS test functions,django/db/models/sql/query.py;tests/queries/test_qs_combinators.py,Query.set_select;QuerySetSetOperationTests.test_simple_union;QuerySetSetOperationTests.test_simple_intersection;QuerySetSetOperationTests.test_intersection_with_values
django__django-10554,django/django,django/db/models/sql/query.py,Query,ast_function_only,1,1,16439,6f67aab1be942c9b,1.0,1.0,1.0,False,False,medium,baseline exact target span; useful when the patch-local symbol is self-contained,target function/method/class only,django/db/models/sql/query.py,Query
django__django-10554,django/django,django/db/models/sql/query.py,Query,call_neighborhood_1hop,70,2,31066,ffcad5a1b3d789bb,1.0,1.0,1.8897743171725774,False,False,high,expected to improve lossy precision when target behavior depends on local helpers or dispatch utilities,target plus statically resolved direct callees,django/db/models/sql/compiler.py;django/db/models/sql/query.py,Query;SQLCompiler.apply_converters;SQLCompiler.execute_sql;SQLCompiler.explain_query;SQLCompiler.get_converters;SQLInsertCompiler.execute_sql;SQLUpdateCompiler.execute_sql;JoinPromoter.add_votes;JoinPromoter.update_join_types;JoinPromoter;Query._add_q;Query.add_annotation;Query.add_fields;Query.add_filter;Query.add_q;Query.append_annotation_mask;Query.as_sql;Query.build_filter;Query.build_filtered_relation_q;Query.build_lookup;Query.bump_prefix.prefix_gen;Query.bump_prefix;Query.can_filter;Query.chain;Query.change_aliases;Query.check_query_object_type;Query.check_related_objects;Query.clear_deferred_loading;Query.clear_limits;Query.clear_ordering;Query.clear_select_clause;Query.clear_select_fields;Query.clone;Query.deferred_to_data;Query.demote_joins;Query.get_aggregation;Query.get_compiler;Query.get_initial_alias;Query.get_meta;Query.has_results;Query.is_nullable;Query.join;Query.names_to_path;Query.ref_alias;Query.relabeled_clone;Query.resolve_expression;Query.resolve_lookup_value;Query.rewrite_cols;Query.set_annotation_mask;Query.set_empty;Query.set_extra_mask;Query.set_group_by;Query.set_limits;Query.set_select;Query.setup_joins;Query.solve_lookup_type;Query.split_exclude;Query.sql_with_params;Query.table_alias;Query.trim_joins;Query.trim_start;Query.try_transform;Query.unref_alias;RawQuery.chain;RawQuery.clone;_get_col;add_to_dict;get_children_from_q;get_field_names_from_opts;is_reverse_o2o
django__django-10554,django/django,django/db/models/sql/query.py,Query,reverse_callers_1hop,2,1,17089,a5b5d3c9d67d065c,1.0,1.0,1.0395401180120445,False,False,diagnostic,diagnostic high-context variant; may increase semantic alignment but also raises drift risk from caller/test-specific context,target plus same-repo callers that reference it,django/db/models/sql/query.py,Query;Query.split_exclude
django__django-10554,django/django,django/db/models/sql/query.py,Query,import_dependency_bundle,1,1,16683,d45d80b17f39fb30,1.0,1.0,1.0148427519922136,True,False,high,expected to preserve stable API/import context with limited semantic contamination,target plus local import context and resolved import-file front matter,django/db/models/sql/query.py,Query
django__django-10554,django/django,django/db/models/sql/query.py,Query,test_target_bundle,4,2,16708,ea9ece13505e8e93,1.0,1.0,1.0163635257619077,False,True,medium,task-aligned variant for SWE-style repair; useful for output-drift and pass@1 non-degradation checks,target plus changed/FAIL_TO_PASS test functions,django/db/models/sql/query.py;tests/queries/test_qs_combinators.py,Query;QuerySetSetOperationTests.test_simple_union;QuerySetSetOperationTests.test_simple_intersection;QuerySetSetOperationTests.test_intersection_with_values
django__django-10880,django/django,django/db/models/aggregates.py,Aggregate.as_sql,ast_function_only,1,1,193,62139f90eadc03ec,1.0,0.16083333333333333,1.0,False,False,medium,baseline exact target span; useful when the patch-local symbol is self-contained,target function/method/class only,django/db/models/aggregates.py,Aggregate.as_sql
django__django-10880,django/django,django/db/models/aggregates.py,Aggregate.as_sql,call_neighborhood_1hop,3,1,253,8a2750ee69eb15e4,1.0,0.21083333333333334,1.310880829015544,False,False,high,expected to improve lossy precision when target behavior depends on local helpers or dispatch utilities,target plus statically resolved direct callees,django/db/models/aggregates.py,Aggregate.as_sql;Aggregate.get_source_expressions;Aggregate.set_source_expressions
django__django-10880,django/django,django/db/models/aggregates.py,Aggregate.as_sql,reverse_callers_1hop,2,1,931,e90e6951e69c8d0f,1.0,0.7758333333333334,4.823834196891192,False,False,diagnostic,diagnostic high-context variant; may increase semantic alignment but also raises drift risk from caller/test-specific context,target plus same-repo callers that reference it,django/db/models/aggregates.py,Aggregate.as_sql;Aggregate
django__django-10880,django/django,django/db/models/aggregates.py,Aggregate.as_sql,import_dependency_bundle,1,1,244,fa718e02ef14f235,1.0,0.20333333333333334,1.2642487046632125,True,False,high,expected to preserve stable API/import context with limited semantic contamination,target plus local import context and resolved import-file front matter,django/db/models/aggregates.py,Aggregate.as_sql
django__django-10880,django/django,django/db/models/aggregates.py,Aggregate.as_sql,test_target_bundle,4,2,331,61d07194281f53fd,1.0,0.2758333333333333,1.7150259067357514,False,True,medium,task-aligned variant for SWE-style repair; useful for output-drift and pass@1 non-degradation checks,target plus changed/FAIL_TO_PASS test functions,django/db/models/aggregates.py;tests/aggregation/tests.py,Aggregate.as_sql;AggregateTestCase.test_empty_aggregate;AggregateTestCase.test_aggregate_in_order_by;AggregateTestCase.test_single_aggregate
django__django-10880,django/django,django/db/models/aggregates.py,Aggregate,ast_function_only,1,1,738,9c278fc5898892df,1.0,0.615,1.0,False,False,medium,baseline exact target span; useful when the patch-local symbol is self-contained,target function/method/class only,django/db/models/aggregates.py,Aggregate
django__django-10880,django/django,django/db/models/aggregates.py,Aggregate,call_neighborhood_1hop,12,1,1522,d3fe562a642f97f6,1.0,1.0,2.062330623306233,False,False,high,expected to improve lossy precision when target behavior depends on local helpers or dispatch utilities,target plus statically resolved direct callees,django/db/models/aggregates.py,Aggregate;Aggregate.__init__;Aggregate._get_repr_options;Aggregate.as_sql;Aggregate.get_source_expressions;Aggregate.resolve_expression;Aggregate.set_source_expressions;Count.__init__;StdDev.__init__;StdDev._get_repr_options;Variance.__init__;Variance._get_repr_options
django__django-10880,django/django,django/db/models/aggregates.py,Aggregate,reverse_callers_1hop,1,1,738,9c278fc5898892df,1.0,0.615,1.0,False,False,diagnostic,diagnostic high-context variant; may increase semantic alignment but also raises drift risk from caller/test-specific context,target plus same-repo callers that reference it,django/db/models/aggregates.py,Aggregate
django__django-10880,django/django,django/db/models/aggregates.py,Aggregate,import_dependency_bundle,1,1,789,db9041989c490eab,1.0,0.6575,1.0691056910569106,True,False,high,expected to preserve stable API/import context with limited semantic contamination,target plus local import context and resolved import-file front matter,django/db/models/aggregates.py,Aggregate
django__django-10880,django/django,django/db/models/aggregates.py,Aggregate,test_target_bundle,4,2,876,c918fafc6cbd1b3c,1.0,0.73,1.1869918699186992,False,True,medium,task-aligned variant for SWE-style repair; useful for output-drift and pass@1 non-degradation checks,target plus changed/FAIL_TO_PASS test functions,django/db/models/aggregates.py;tests/aggregation/tests.py,Aggregate;AggregateTestCase.test_empty_aggregate;AggregateTestCase.test_aggregate_in_order_by;AggregateTestCase.test_single_aggregate
django__django-10914,django/django,django/conf/global_settings.py,gettext_noop,ast_function_only,1,1,8,1347fea2e81c61b2,1.0,0.004675628287551139,1.0,False,False,medium,baseline exact target span; useful when the patch-local symbol is self-contained,target function/method/class only,django/conf/global_settings.py,gettext_noop
django__django-10914,django/django,django/conf/global_settings.py,gettext_noop,call_neighborhood_1hop,1,1,8,1347fea2e81c61b2,1.0,0.004675628287551139,1.0,False,False,high,expected to improve lossy precision when target behavior depends on local helpers or dispatch utilities,target plus statically resolved direct callees,django/conf/global_settings.py,gettext_noop
django__django-10914,django/django,django/conf/global_settings.py,gettext_noop,reverse_callers_1hop,1,1,8,1347fea2e81c61b2,1.0,0.004675628287551139,1.0,False,False,diagnostic,diagnostic high-context variant; may increase semantic alignment but also raises drift risk from caller/test-specific context,target plus same-repo callers that reference it,django/conf/global_settings.py,gettext_noop
django__django-10914,django/django,django/conf/global_settings.py,gettext_noop,import_dependency_bundle,1,1,8,1347fea2e81c61b2,1.0,0.004675628287551139,1.0,False,False,high,expected to preserve stable API/import context with limited semantic contamination,target plus local import context and resolved import-file front matter,django/conf/global_settings.py,gettext_noop
django__django-10914,django/django,django/conf/global_settings.py,gettext_noop,test_target_bundle,4,2,698,760c38bc595c1a45,1.0,0.40794856808883695,87.25,False,True,medium,task-aligned variant for SWE-style repair; useful for output-drift and pass@1 non-degradation checks,target plus changed/FAIL_TO_PASS test functions,django/conf/global_settings.py;tests/test_utils/tests.py,gettext_noop;SkippingTestCase.test_skip_unless_db_feature;SkippingTestCase.test_skip_if_db_feature;SkippingClassTestCase.test_skip_class_unless_db_feature
django__django-10973,django/django,django/db/backends/postgresql/client.py,DatabaseClient.runshell_db,ast_function_only,1,1,222,5357840a8ef2347b,1.0,0.8191881918819188,1.0,False,False,medium,baseline exact target span; useful when the patch-local symbol is self-contained,target function/method/class only,django/db/backends/postgresql/client.py,DatabaseClient.runshell_db
django__django-10973,django/django,django/db/backends/postgresql/client.py,DatabaseClient.runshell_db,call_neighborhood_1hop,1,1,222,5357840a8ef2347b,1.0,0.8191881918819188,1.0,False,False,high,expected to improve lossy precision when target behavior depends on local helpers or dispatch utilities,target plus statically resolved direct callees,django/db/backends/postgresql/client.py,DatabaseClient.runshell_db
django__django-10973,django/django,django/db/backends/postgresql/client.py,DatabaseClient.runshell_db,reverse_callers_1hop,6,2,1439,c4a044ee30329f48,1.0,1.0,6.481981981981982,False,True,diagnostic,diagnostic high-context variant; may increase semantic alignment but also raises drift risk from caller/test-specific context,target plus same-repo callers that reference it,django/db/backends/postgresql/client.py;tests/dbshell/test_postgresql.py,DatabaseClient.runshell_db;DatabaseClient.runshell;DatabaseClient;PostgreSqlDbshellCommandTestCase._run_it;PostgreSqlDbshellCommandTestCase.test_sigint_handler;PostgreSqlDbshellCommandTestCase
django__django-10973,django/django,django/db/backends/postgresql/client.py,DatabaseClient.runshell_db,import_dependency_bundle,1,1,240,df6ab1017474037f,1.0,0.8856088560885609,1.0810810810810811,True,False,high,expected to preserve stable API/import context with limited semantic contamination,target plus local import context and resolved import-file front matter,django/db/backends/postgresql/client.py,DatabaseClient.runshell_db
django__django-10973,django/django,django/db/backends/postgresql/client.py,DatabaseClient.runshell_db,test_target_bundle,4,2,530,7828241fb1287e13,1.0,1.0,2.3873873873873874,False,True,medium,task-aligned variant for SWE-style repair; useful for output-drift and pass@1 non-degradation checks,target plus changed/FAIL_TO_PASS test functions,django/db/backends/postgresql/client.py;tests/dbshell/test_postgresql.py,DatabaseClient.runshell_db;PostgreSqlDbshellCommandTestCase.test_basic;PostgreSqlDbshellCommandTestCase.test_nopass;PostgreSqlDbshellCommandTestCase.test_column
django__django-10973,django/django,django/db/backends/postgresql/client.py,DatabaseClient,ast_function_only,1,1,253,1017e6d51f4ea687,1.0,0.933579335793358,1.0,False,False,medium,baseline exact target span; useful when the patch-local symbol is self-contained,target function/method/class only,django/db/backends/postgresql/client.py,DatabaseClient
django__django-10973,django/django,django/db/backends/postgresql/client.py,DatabaseClient,call_neighborhood_1hop,2,1,475,cb63aaf0c57fcd62,1.0,1.0,1.8774703557312253,False,False,high,expected to improve lossy precision when target behavior depends on local helpers or dispatch utilities,target plus statically resolved direct callees,django/db/backends/postgresql/client.py,DatabaseClient;DatabaseClient.runshell_db
django__django-10973,django/django,django/db/backends/postgresql/client.py,DatabaseClient,reverse_callers_1hop,1,1,253,1017e6d51f4ea687,1.0,0.933579335793358,1.0,False,False,diagnostic,diagnostic high-context variant; may increase semantic alignment but also raises drift risk from caller/test-specific context,target plus same-repo callers that reference it,django/db/backends/postgresql/client.py,DatabaseClient
django__django-10973,django/django,django/db/backends/postgresql/client.py,DatabaseClient,import_dependency_bundle,1,1,271,52adfcb75969f54f,1.0,1.0,1.0711462450592886,True,False,high,expected to preserve stable API/import context with limited semantic contamination,target plus local import context and resolved import-file front matter,django/db/backends/postgresql/client.py,DatabaseClient
django__django-10973,django/django,django/db/backends/postgresql/client.py,DatabaseClient,test_target_bundle,4,2,561,034bd375fa0190dc,1.0,1.0,2.217391304347826,False,True,medium,task-aligned variant for SWE-style repair; useful for output-drift and pass@1 non-degradation checks,target plus changed/FAIL_TO_PASS test functions,django/db/backends/postgresql/client.py;tests/dbshell/test_postgresql.py,DatabaseClient;PostgreSqlDbshellCommandTestCase.test_basic;PostgreSqlDbshellCommandTestCase.test_nopass;PostgreSqlDbshellCommandTestCase.test_column
django__django-10999,django/django,django/utils/dateparse.py,parse_date,ast_function_only,1,1,91,57c2e89ddc895b68,1.0,0.05652173913043478,1.0,False,False,medium,baseline exact target span; useful when the patch-local symbol is self-contained,target function/method/class only,django/utils/dateparse.py,parse_date
django__django-10999,django/django,django/utils/dateparse.py,parse_date,call_neighborhood_1hop,1,1,91,57c2e89ddc895b68,1.0,0.05652173913043478,1.0,False,False,high,expected to improve lossy precision when target behavior depends on local helpers or dispatch utilities,target plus statically resolved direct callees,django/utils/dateparse.py,parse_date
django__django-10999,django/django,django/utils/dateparse.py,parse_date,reverse_callers_1hop,3,2,742,99580948842d6928,1.0,0.4608695652173913,8.153846153846153,False,True,diagnostic,diagnostic high-context variant; may increase semantic alignment but also raises drift risk from caller/test-specific context,target plus same-repo callers that reference it,django/utils/dateparse.py;tests/utils_tests/test_dateparse.py,parse_date;DateParseTests.test_parse_date;DateParseTests
django__django-10999,django/django,django/utils/dateparse.py,parse_date,import_dependency_bundle,1,1,105,f410f9dd7900ec5e,1.0,0.06521739130434782,1.1538461538461537,True,False,high,expected to preserve stable API/import context with limited semantic contamination,target plus local import context and resolved import-file front matter,django/utils/dateparse.py,parse_date
django__django-10999,django/django,django/utils/dateparse.py,parse_date,test_target_bundle,4,2,645,3c8670975a902c93,1.0,0.40062111801242234,7.087912087912088,False,True,medium,task-aligned variant for SWE-style repair; useful for output-drift and pass@1 non-degradation checks,target plus changed/FAIL_TO_PASS test functions,django/utils/dateparse.py;tests/utils_tests/test_dateparse.py,parse_date;DateParseTests.test_parse_date;DateParseTests.test_parse_time;DateParseTests.test_parse_datetime
django__django-11066,django/django,django/contrib/contenttypes/management/__init__.py,RenameContentType._rename,ast_function_only,1,1,175,483243ce82762ae3,1.0,0.211864406779661,1.0,False,False,medium,baseline exact target span; useful when the patch-local symbol is self-contained,target function/method/class only,django/contrib/contenttypes/management/__init__.py,RenameContentType._rename
django__django-11066,django/django,django/contrib/contenttypes/management/__init__.py,RenameContentType._rename,call_neighborhood_1hop,3,2,209,191650fcc2b2c038,1.0,0.25302663438256656,1.1942857142857144,False,False,high,expected to improve lossy precision when target behavior depends on local helpers or dispatch utilities,target plus statically resolved direct callees,django/contrib/contenttypes/management/__init__.py;tests/fixtures_regress/models.py,RenameContentType._rename;NKManager.get_by_natural_key;TestManager.get_by_natural_key
django__django-11066,django/django,django/contrib/contenttypes/management/__init__.py,RenameContentType._rename,reverse_callers_1hop,4,1,503,7a0daffa26e1223f,1.0,0.6089588377723971,2.874285714285714,False,False,diagnostic,diagnostic high-context variant; may increase semantic alignment but also raises drift risk from caller/test-specific context,target plus same-repo callers that reference it,django/contrib/contenttypes/management/__init__.py,RenameContentType._rename;RenameContentType.rename_backward;RenameContentType.rename_forward;RenameContentType
django__django-11066,django/django,django/contrib/contenttypes/management/__init__.py,RenameContentType._rename,import_dependency_bundle,1,1,203,7009c98557e6dfa8,1.0,0.2457627118644068,1.16,True,False,high,expected to preserve stable API/import context with limited semantic contamination,target plus local import context and resolved import-file front matter,django/contrib/contenttypes/management/__init__.py,RenameContentType._rename
django__django-11066,django/django,django/contrib/contenttypes/management/__init__.py,RenameContentType._rename,test_target_bundle,4,2,729,109c370149a374e2,1.0,0.8825665859564165,4.1657142857142855,False,True,medium,task-aligned variant for SWE-style repair; useful for output-drift and pass@1 non-degradation checks,target plus changed/FAIL_TO_PASS test functions,django/contrib/contenttypes/management/__init__.py;tests/contenttypes_tests/test_operations.py,RenameContentType._rename;ContentTypeOperationsTests.test_existing_content_type_rename;ContentTypeOperationsTests.test_missing_content_type_rename_ignore;ContentTypeOperationsTests.test_content_type_rename_conflict
django__django-11066,django/django,django/contrib/contenttypes/management/__init__.py,RenameContentType,ast_function_only,1,1,276,5b9e75f117f76de1,1.0,0.3341404358353511,1.0,False,False,medium,baseline exact target span; useful when the patch-local symbol is self-contained,target function/method/class only,django/contrib/contenttypes/management/__init__.py,RenameContentType
django__django-11066,django/django,django/contrib/contenttypes/management/__init__.py,RenameContentType,call_neighborhood_1hop,5,2,526,1a1cf42ade50fc18,1.0,0.6368038740920097,1.9057971014492754,False,False,high,expected to improve lossy precision when target behavior depends on local helpers or dispatch utilities,target plus statically resolved direct callees,django/contrib/contenttypes/management/__init__.py;tests/fixtures_regress/models.py,RenameContentType;RenameContentType.__init__;RenameContentType._rename;NKManager.get_by_natural_key;TestManager.get_by_natural_key
django__django-11066,django/django,django/contrib/contenttypes/management/__init__.py,RenameContentType,reverse_callers_1hop,2,1,534,38099b539646f75b,1.0,0.6464891041162227,1.934782608695652,False,False,diagnostic,diagnostic high-context variant; may increase semantic alignment but also raises drift risk from caller/test-specific context,target plus same-repo callers that reference it,django/contrib/contenttypes/management/__init__.py,RenameContentType;inject_rename_contenttypes_operations
django__django-11066,django/django,django/contrib/contenttypes/management/__init__.py,RenameContentType,import_dependency_bundle,1,1,304,82d5568365a7075b,1.0,0.36803874092009686,1.1014492753623188,True,False,high,expected to preserve stable API/import context with limited semantic contamination,target plus local import context and resolved import-file front matter,django/contrib/contenttypes/management/__init__.py,RenameContentType
django__django-11066,django/django,django/contrib/contenttypes/management/__init__.py,RenameContentType,test_target_bundle,4,2,830,a1dd3e05c1c4a42e,1.0,1.0,3.0072463768115942,False,True,medium,task-aligned variant for SWE-style repair; useful for output-drift and pass@1 non-degradation checks,target plus changed/FAIL_TO_PASS test functions,django/contrib/contenttypes/management/__init__.py;tests/contenttypes_tests/test_operations.py,RenameContentType;ContentTypeOperationsTests.test_existing_content_type_rename;ContentTypeOperationsTests.test_missing_content_type_rename_ignore;ContentTypeOperationsTests.test_content_type_rename_conflict
django__django-11087,django/django,django/db/models/deletion.py,Collector.instances_with_model,ast_function_only,1,1,28,0cabbb85b7cbe966,1.0,0.0231023102310231,1.0,False,False,medium,baseline exact target span; useful when the patch-local symbol is self-contained,target function/method/class only,django/db/models/deletion.py,Collector.instances_with_model
django__django-11087,django/django,django/db/models/deletion.py,Collector.instances_with_model,call_neighborhood_1hop,1,1,28,0cabbb85b7cbe966,1.0,0.0231023102310231,1.0,False,False,high,expected to improve lossy precision when target behavior depends on local helpers or dispatch utilities,target plus statically resolved direct callees,django/db/models/deletion.py,Collector.instances_with_model
django__django-11087,django/django,django/db/models/deletion.py,Collector.instances_with_model,reverse_callers_1hop,3,1,2726,ab8024caf8d407a6,1.0,1.0,97.35714285714286,False,False,diagnostic,diagnostic high-context variant; may increase semantic alignment but also raises drift risk from caller/test-specific context,target plus same-repo callers that reference it,django/db/models/deletion.py,Collector.instances_with_model;Collector.delete;Collector
django__django-11087,django/django,django/db/models/deletion.py,Collector.instances_with_model,import_dependency_bundle,1,1,56,53630403623bedb9,1.0,0.0462046204620462,2.0,True,False,high,expected to preserve stable API/import context with limited semantic contamination,target plus local import context and resolved import-file front matter,django/db/models/deletion.py,Collector.instances_with_model
django__django-11087,django/django,django/db/models/deletion.py,Collector.instances_with_model,test_target_bundle,4,2,161,fae1844de7a1e03a,1.0,0.13283828382838284,5.75,False,True,medium,task-aligned variant for SWE-style repair; useful for output-drift and pass@1 non-degradation checks,target plus changed/FAIL_TO_PASS test functions,django/db/models/deletion.py;tests/delete/tests.py,Collector.instances_with_model;OnDeleteTests.test_auto;OnDeleteTests.test_auto_nullable;OnDeleteTests.test_setvalue
django__django-11087,django/django,django/db/models/deletion.py,Collector.related_objects,ast_function_only,1,1,66,4f183a8a1f0741e4,1.0,0.054455445544554455,1.0,False,False,medium,baseline exact target span; useful when the patch-local symbol is self-contained,target function/method/class only,django/db/models/deletion.py,Collector.related_objects
django__django-11087,django/django,django/db/models/deletion.py,Collector.related_objects,call_neighborhood_1hop,1,1,66,4f183a8a1f0741e4,1.0,0.054455445544554455,1.0,False,False,high,expected to improve lossy precision when target behavior depends on local helpers or dispatch utilities,target plus statically resolved direct callees,django/db/models/deletion.py,Collector.related_objects
django__django-11087,django/django,django/db/models/deletion.py,Collector.related_objects,reverse_callers_1hop,3,1,2725,98ff17efaf2323ad,1.0,1.0,41.28787878787879,False,False,diagnostic,diagnostic high-context variant; may increase semantic alignment but also raises drift risk from caller/test-specific context,target plus same-repo callers that reference it,django/db/models/deletion.py,Collector.related_objects;Collector.collect;Collector
django__django-11087,django/django,django/db/models/deletion.py,Collector.related_objects,import_dependency_bundle,1,1,94,59e5c1c6bc361de0,1.0,0.07755775577557755,1.4242424242424243,True,False,high,expected to preserve stable API/import context with limited semantic contamination,target plus local import context and resolved import-file front matter,django/db/models/deletion.py,Collector.related_objects
django__django-11087,django/django,django/db/models/deletion.py,Collector.related_objects,test_target_bundle,4,2,199,e1439339b413c074,1.0,0.16419141914191418,3.015151515151515,False,True,medium,task-aligned variant for SWE-style repair; useful for output-drift and pass@1 non-degradation checks,target plus changed/FAIL_TO_PASS test functions,django/db/models/deletion.py;tests/delete/tests.py,Collector.related_objects;OnDeleteTests.test_auto;OnDeleteTests.test_auto_nullable;OnDeleteTests.test_setvalue
django__django-11087,django/django,django/db/models/deletion.py,Collector.sort,ast_function_only,1,1,117,fcd3d828a268d2c4,1.0,0.09653465346534654,1.0,False,False,medium,baseline exact target span; useful when the patch-local symbol is self-contained,target function/method/class only,django/db/models/deletion.py,Collector.sort
django__django-11087,django/django,django/db/models/deletion.py,Collector.sort,call_neighborhood_1hop,2,1,339,2461bd9ae49fd656,1.0,0.27970297029702973,2.8974358974358974,False,False,high,expected to improve lossy precision when target behavior depends on local helpers or dispatch utilities,target plus statically resolved direct callees,django/db/models/deletion.py,Collector.sort;Collector.add
django__django-11087,django/django,django/db/models/deletion.py,Collector.sort,reverse_callers_1hop,3,1,2815,15c573d16334a153,1.0,1.0,24.05982905982906,False,False,diagnostic,diagnostic high-context variant; may increase semantic alignment but also raises drift risk from caller/test-specific context,target plus same-repo callers that reference it,django/db/models/deletion.py,Collector.sort;Collector.delete;Collector
django__django-11087,django/django,django/db/models/deletion.py,Collector.sort,import_dependency_bundle,1,1,145,0faacefa2d980268,1.0,0.11963696369636964,1.2393162393162394,True,False,high,expected to preserve stable API/import context with limited semantic contamination,target plus local import context and resolved import-file front matter,django/db/models/deletion.py,Collector.sort
django__django-11087,django/django,django/db/models/deletion.py,Collector.sort,test_target_bundle,4,2,250,c6fdce56ee8c8a34,1.0,0.20627062706270627,2.1367521367521367,False,True,medium,task-aligned variant for SWE-style repair; useful for output-drift and pass@1 non-degradation checks,target plus changed/FAIL_TO_PASS test functions,django/db/models/deletion.py;tests/delete/tests.py,Collector.sort;OnDeleteTests.test_auto;OnDeleteTests.test_auto_nullable;OnDeleteTests.test_setvalue
django__django-11095,django/django,django/contrib/admin/options.py,BaseModelAdmin.get_ordering,ast_function_only,1,1,41,75d008c7a22dc8e7,1.0,0.036936936936936934,1.0,False,False,medium,baseline exact target span; useful when the patch-local symbol is self-contained,target function/method/class only,django/contrib/admin/options.py,BaseModelAdmin.get_ordering
django__django-11095,django/django,django/contrib/admin/options.py,BaseModelAdmin.get_ordering,call_neighborhood_1hop,1,1,41,75d008c7a22dc8e7,1.0,0.036936936936936934,1.0,False,False,high,expected to improve lossy precision when target behavior depends on local helpers or dispatch utilities,target plus statically resolved direct callees,django/contrib/admin/options.py,BaseModelAdmin.get_ordering
django__django-11095,django/django,django/contrib/admin/options.py,BaseModelAdmin.get_ordering,reverse_callers_1hop,4,1,3595,c83ec601691e83c9,1.0,1.0,87.6829268292683,False,False,diagnostic,diagnostic high-context variant; may increase semantic alignment but also raises drift risk from caller/test-specific context,target plus same-repo callers that reference it,django/contrib/admin/options.py,BaseModelAdmin.get_ordering;BaseModelAdmin.get_field_queryset;BaseModelAdmin.get_queryset;BaseModelAdmin
django__django-11095,django/django,django/contrib/admin/options.py,BaseModelAdmin.get_ordering,import_dependency_bundle,1,1,392,bdf5b21093c96c8c,1.0,0.35315315315315315,9.560975609756097,True,False,high,expected to preserve stable API/import context with limited semantic contamination,target plus local import context and resolved import-file front matter,django/contrib/admin/options.py,BaseModelAdmin.get_ordering
django__django-11095,django/django,django/contrib/admin/options.py,BaseModelAdmin.get_ordering,test_target_bundle,4,2,270,0baf2b595b458f85,1.0,0.24324324324324326,6.585365853658536,False,True,medium,task-aligned variant for SWE-style repair; useful for output-drift and pass@1 non-degradation checks,target plus changed/FAIL_TO_PASS test functions,django/contrib/admin/options.py;tests/generic_inline_admin/tests.py,BaseModelAdmin.get_ordering;GenericAdminViewTest.test_basic_add_GET;GenericAdminViewTest.test_basic_edit_GET;GenericAdminViewTest.test_basic_add_POST
django__django-11095,django/django,django/contrib/admin/options.py,ModelAdmin.get_inline_instances,ast_function_only,1,1,94,25b5da84077daae1,1.0,0.08468468468468468,1.0,False,False,medium,baseline exact target span; useful when the patch-local symbol is self-contained,target function/method/class only,django/contrib/admin/options.py,ModelAdmin.get_inline_instances
django__django-11095,django/django,django/contrib/admin/options.py,ModelAdmin.get_inline_instances,call_neighborhood_1hop,6,1,474,ab7190a2cad9f909,1.0,0.42702702702702705,5.042553191489362,False,False,high,expected to improve lossy precision when target behavior depends on local helpers or dispatch utilities,target plus statically resolved direct callees,django/contrib/admin/options.py,ModelAdmin.get_inline_instances;BaseModelAdmin.has_add_permission;BaseModelAdmin.has_delete_permission;BaseModelAdmin.has_view_or_change_permission;InlineModelAdmin.has_add_permission;InlineModelAdmin.has_delete_permission
django__django-11095,django/django,django/contrib/admin/options.py,ModelAdmin.get_inline_instances,reverse_callers_1hop,5,2,11876,debbf8af08280816,1.0,1.0,126.34042553191489,False,True,diagnostic,diagnostic high-context variant; may increase semantic alignment but also raises drift risk from caller/test-specific context,target plus same-repo callers that reference it,django/contrib/admin/options.py;tests/generic_inline_admin/tests.py,ModelAdmin.get_inline_instances;ModelAdmin.get_formsets_with_inlines;ModelAdmin;GenericInlineModelAdminTest.test_get_formsets_with_inlines_returns_tuples;GenericInlineModelAdminTest
django__django-11095,django/django,django/contrib/admin/options.py,ModelAdmin.get_inline_instances,import_dependency_bundle,1,1,445,fde2190d71ff2501,1.0,0.4009009009009009,4.73404255319149,True,False,high,expected to preserve stable API/import context with limited semantic contamination,target plus local import context and resolved import-file front matter,django/contrib/admin/options.py,ModelAdmin.get_inline_instances
django__django-11095,django/django,django/contrib/admin/options.py,ModelAdmin.get_inline_instances,test_target_bundle,4,2,323,f3698646195e3e5d,1.0,0.290990990990991,3.4361702127659575,False,True,medium,task-aligned variant for SWE-style repair; useful for output-drift and pass@1 non-degradation checks,target plus changed/FAIL_TO_PASS test functions,django/contrib/admin/options.py;tests/generic_inline_admin/tests.py,ModelAdmin.get_inline_instances;GenericAdminViewTest.test_basic_add_GET;GenericAdminViewTest.test_basic_edit_GET;GenericAdminViewTest.test_basic_add_POST
django__django-11095,django/django,django/contrib/admin/options.py,BaseModelAdmin,ast_function_only,1,1,3357,b0cce4873bd03539,1.0,1.0,1.0,False,False,medium,baseline exact target span; useful when the patch-local symbol is self-contained,target function/method/class only,django/contrib/admin/options.py,BaseModelAdmin
django__django-11095,django/django,django/contrib/admin/options.py,BaseModelAdmin,call_neighborhood_1hop,26,2,5415,05352246fa3d5284,1.0,1.0,1.613047363717605,False,True,high,expected to improve lossy precision when target behavior depends on local helpers or dispatch utilities,target plus statically resolved direct callees,django/contrib/admin/options.py;tests/generic_inline_admin/tests.py,BaseModelAdmin;BaseModelAdmin.check;BaseModelAdmin.formfield_for_choice_field;BaseModelAdmin.formfield_for_foreignkey;BaseModelAdmin.formfield_for_manytomany;BaseModelAdmin.get_autocomplete_fields;BaseModelAdmin.get_field_queryset;BaseModelAdmin.get_fields;BaseModelAdmin.get_ordering;BaseModelAdmin.get_queryset;BaseModelAdmin.get_readonly_fields;BaseModelAdmin.has_add_permission;BaseModelAdmin.has_change_permission;BaseModelAdmin.has_delete_permission;BaseModelAdmin.has_view_permission;InlineModelAdmin._get_form_for_get_fields;InlineModelAdmin.get_queryset;InlineModelAdmin.has_add_permission;InlineModelAdmin.has_change_permission;InlineModelAdmin.has_delete_permission;InlineModelAdmin.has_view_permission;ModelAdmin._get_form_for_get_fields;ModelAdmin.get_list_display;get_content_type_for_model;get_ul_class;MockSuperUser.has_perm
django__django-11095,django/django,django/contrib/admin/options.py,BaseModelAdmin,reverse_callers_1hop,1,1,3357,b0cce4873bd03539,1.0,1.0,1.0,False,False,diagnostic,diagnostic high-context variant; may increase semantic alignment but also raises drift risk from caller/test-specific context,target plus same-repo callers that reference it,django/contrib/admin/options.py,BaseModelAdmin
django__django-11095,django/django,django/contrib/admin/options.py,BaseModelAdmin,import_dependency_bundle,1,1,3708,e32915f9b6688c64,1.0,1.0,1.1045576407506703,True,False,high,expected to preserve stable API/import context with limited semantic contamination,target plus local import context and resolved import-file front matter,django/contrib/admin/options.py,BaseModelAdmin
django__django-11095,django/django,django/contrib/admin/options.py,BaseModelAdmin,test_target_bundle,4,2,3586,c92c93c0838358c9,1.0,1.0,1.0682156687518618,False,True,medium,task-aligned variant for SWE-style repair; useful for output-drift and pass@1 non-degradation checks,target plus changed/FAIL_TO_PASS test functions,django/contrib/admin/options.py;tests/generic_inline_admin/tests.py,BaseModelAdmin;GenericAdminViewTest.test_basic_add_GET;GenericAdminViewTest.test_basic_edit_GET;GenericAdminViewTest.test_basic_add_POST
django__django-11099,django/django,django/contrib/auth/validators.py,ASCIIUsernameValidator,ast_function_only,1,1,65,d4313b0c28c32b6f,1.0,0.4140127388535032,1.0,False,False,medium,baseline exact target span; useful when the patch-local symbol is self-contained,target function/method/class only,django/contrib/auth/validators.py,ASCIIUsernameValidator
django__django-11099,django/django,django/contrib/auth/validators.py,ASCIIUsernameValidator,call_neighborhood_1hop,1,1,65,d4313b0c28c32b6f,1.0,0.4140127388535032,1.0,False,False,high,expected to improve lossy precision when target behavior depends on local helpers or dispatch utilities,target plus statically resolved direct callees,django/contrib/auth/validators.py,ASCIIUsernameValidator
django__django-11099,django/django,django/contrib/auth/validators.py,ASCIIUsernameValidator,reverse_callers_1hop,3,2,378,1d0e9529c5d55a48,1.0,1.0,5.815384615384615,False,True,diagnostic,diagnostic high-context variant; may increase semantic alignment but also raises drift risk from caller/test-specific context,target plus same-repo callers that reference it,django/contrib/auth/validators.py;tests/auth_tests/test_validators.py,ASCIIUsernameValidator;UsernameValidatorsTests.test_ascii_validator;UsernameValidatorsTests
django__django-11099,django/django,django/contrib/auth/validators.py,ASCIIUsernameValidator,import_dependency_bundle,1,1,91,8bb1574d28c27dec,1.0,0.5796178343949044,1.4,True,False,high,expected to preserve stable API/import context with limited semantic contamination,target plus local import context and resolved import-file front matter,django/contrib/auth/validators.py,ASCIIUsernameValidator
django__django-11099,django/django,django/contrib/auth/validators.py,ASCIIUsernameValidator,test_target_bundle,4,2,368,ed0ae4895145b02c,1.0,1.0,5.661538461538462,False,True,medium,task-aligned variant for SWE-style repair; useful for output-drift and pass@1 non-degradation checks,target plus changed/FAIL_TO_PASS test functions,django/contrib/auth/validators.py;tests/auth_tests/test_validators.py,ASCIIUsernameValidator;PasswordValidationTest.test_get_default_password_validators;PasswordValidationTest.test_get_password_validators_custom;PasswordValidationTest.test_validate_password
django__django-11099,django/django,django/contrib/auth/validators.py,UnicodeUsernameValidator,ast_function_only,1,1,62,6e6eb6584b64215d,1.0,0.39490445859872614,1.0,False,False,medium,baseline exact target span; useful when the patch-local symbol is self-contained,target function/method/class only,django/contrib/auth/validators.py,UnicodeUsernameValidator
django__django-11099,django/django,django/contrib/auth/validators.py,UnicodeUsernameValidator,call_neighborhood_1hop,1,1,62,6e6eb6584b64215d,1.0,0.39490445859872614,1.0,False,False,high,expected to improve lossy precision when target behavior depends on local helpers or dispatch utilities,target plus statically resolved direct callees,django/contrib/auth/validators.py,UnicodeUsernameValidator
django__django-11099,django/django,django/contrib/auth/validators.py,UnicodeUsernameValidator,reverse_callers_1hop,3,2,388,d15beec3cd89e15b,1.0,1.0,6.258064516129032,False,True,diagnostic,diagnostic high-context variant; may increase semantic alignment but also raises drift risk from caller/test-specific context,target plus same-repo callers that reference it,django/contrib/auth/validators.py;tests/auth_tests/test_validators.py,UnicodeUsernameValidator;UsernameValidatorsTests.test_unicode_validator;UsernameValidatorsTests
django__django-11099,django/django,django/contrib/auth/validators.py,UnicodeUsernameValidator,import_dependency_bundle,1,1,88,3f356616b486131e,1.0,0.5605095541401274,1.4193548387096775,True,False,high,expected to preserve stable API/import context with limited semantic contamination,target plus local import context and resolved import-file front matter,django/contrib/auth/validators.py,UnicodeUsernameValidator
django__django-11099,django/django,django/contrib/auth/validators.py,UnicodeUsernameValidator,test_target_bundle,4,2,365,cf81e3e3ae39388e,1.0,1.0,5.887096774193548,False,True,medium,task-aligned variant for SWE-style repair; useful for output-drift and pass@1 non-degradation checks,target plus changed/FAIL_TO_PASS test functions,django/contrib/auth/validators.py;tests/auth_tests/test_validators.py,UnicodeUsernameValidator;PasswordValidationTest.test_get_default_password_validators;PasswordValidationTest.test_get_password_validators_custom;PasswordValidationTest.test_validate_password
django__django-11119,django/django,django/template/engine.py,Engine.render_to_string,ast_function_only,1,1,128,de7bcbfe3784c6cb,1.0,0.1248780487804878,1.0,False,False,medium,baseline exact target span; useful when the patch-local symbol is self-contained,target function/method/class only,django/template/engine.py,Engine.render_to_string
django__django-11119,django/django,django/template/engine.py,Engine.render_to_string,call_neighborhood_1hop,3,1,315,385e153d76fec9b3,1.0,0.3073170731707317,2.4609375,False,False,high,expected to improve lossy precision when target behavior depends on local helpers or dispatch utilities,target plus statically resolved direct callees,django/template/engine.py,Engine.render_to_string;Engine.get_template;Engine.select_template
django__django-11119,django/django,django/template/engine.py,Engine.render_to_string,reverse_callers_1hop,3,2,236,a76edf6b2f0148bc,1.0,0.2302439024390244,1.84375,False,True,diagnostic,diagnostic high-context variant; may increase semantic alignment but also raises drift risk from caller/test-specific context,target plus same-repo callers that reference it,django/template/engine.py;tests/template_tests/test_engine.py,Engine.render_to_string;RenderToStringTest.test_basic_context;RenderToStringTest
django__django-11119,django/django,django/template/engine.py,Engine.render_to_string,import_dependency_bundle,1,1,176,d6cdf73b57d85b29,1.0,0.17170731707317075,1.375,True,False,high,expected to preserve stable API/import context with limited semantic contamination,target plus local import context and resolved import-file front matter,django/template/engine.py,Engine.render_to_string
django__django-11119,django/django,django/template/engine.py,Engine.render_to_string,test_target_bundle,4,2,223,7387235f1e2538ff,1.0,0.2175609756097561,1.7421875,False,True,medium,task-aligned variant for SWE-style repair; useful for output-drift and pass@1 non-degradation checks,target plus changed/FAIL_TO_PASS test functions,django/template/engine.py;tests/template_tests/test_engine.py,Engine.render_to_string;RenderToStringTest.test_basic_context;GetDefaultTests.test_no_engines_configured;GetDefaultTests.test_single_engine_configured
django__django-11119,django/django,django/template/engine.py,Engine,ast_function_only,1,1,1110,3acd15b339dbcd9f,1.0,1.0,1.0,False,False,medium,baseline exact target span; useful when the patch-local symbol is self-contained,target function/method/class only,django/template/engine.py,Engine
django__django-11119,django/django,django/template/engine.py,Engine,call_neighborhood_1hop,8,1,1531,5efc6ef4f6f14692,1.0,1.0,1.3792792792792792,False,False,high,expected to improve lossy precision when target behavior depends on local helpers or dispatch utilities,target plus statically resolved direct callees,django/template/engine.py,Engine;Engine.find_template;Engine.find_template_loader;Engine.get_template;Engine.get_template_builtins;Engine.get_template_libraries;Engine.get_template_loaders;Engine.select_template
django__django-11119,django/django,django/template/engine.py,Engine,reverse_callers_1hop,7,2,1796,99c4a28418bdcaf7,1.0,1.0,1.618018018018018,False,True,diagnostic,diagnostic high-context variant; may increase semantic alignment but also raises drift risk from caller/test-specific context,target plus same-repo callers that reference it,django/template/engine.py;tests/template_tests/test_engine.py,Engine;LoaderTests.test_cached_loader_priority;LoaderTests.test_loader_priority;LoaderTests.test_origin;LoaderTests;RenderToStringTest.setUp;RenderToStringTest
django__django-11119,django/django,django/template/engine.py,Engine,import_dependency_bundle,1,1,1158,2ee4e3c8989049f4,1.0,1.0,1.0432432432432432,True,False,high,expected to preserve stable API/import context with limited semantic contamination,target plus local import context and resolved import-file front matter,django/template/engine.py,Engine
django__django-11119,django/django,django/template/engine.py,Engine,test_target_bundle,4,2,1205,610e69a1b0b9d0f6,1.0,1.0,1.0855855855855856,False,True,medium,task-aligned variant for SWE-style repair; useful for output-drift and pass@1 non-degradation checks,target plus changed/FAIL_TO_PASS test functions,django/template/engine.py;tests/template_tests/test_engine.py,Engine;RenderToStringTest.test_basic_context;GetDefaultTests.test_no_engines_configured;GetDefaultTests.test_single_engine_configured
django__django-11133,django/django,django/http/response.py,HttpResponseBase.make_bytes,ast_function_only,1,1,168,d3c24b610256dc34,1.0,0.1396508728179551,1.0,False,False,medium,baseline exact target span; useful when the patch-local symbol is self-contained,target function/method/class only,django/http/response.py,HttpResponseBase.make_bytes
django__django-11133,django/django,django/http/response.py,HttpResponseBase.make_bytes,call_neighborhood_1hop,2,2,191,3ed28a176dfe40c0,1.0,0.15876974231088944,1.1369047619047619,False,True,high,expected to improve lossy precision when target behavior depends on local helpers or dispatch utilities,target plus statically resolved direct callees,django/http/response.py;tests/httpwrappers/tests.py,HttpResponseBase.make_bytes;JsonResponseTests.test_json_response_custom_encoder.CustomDjangoJSONEncoder.encode
django__django-11133,django/django,django/http/response.py,HttpResponseBase.make_bytes,reverse_callers_1hop,4,1,712,b481b9c55db6df53,1.0,0.5918536990856192,4.238095238095238,False,False,diagnostic,diagnostic high-context variant; may increase semantic alignment but also raises drift risk from caller/test-specific context,target plus same-repo callers that reference it,django/http/response.py,HttpResponseBase.make_bytes;HttpResponse.content;HttpResponse.write;HttpResponse
django__django-11133,django/django,django/http/response.py,HttpResponseBase.make_bytes,import_dependency_bundle,1,1,264,74e38f7af86186f2,1.0,0.2194513715710723,1.5714285714285714,True,False,high,expected to preserve stable API/import context with limited semantic contamination,target plus local import context and resolved import-file front matter,django/http/response.py,HttpResponseBase.make_bytes
django__django-11133,django/django,django/http/response.py,HttpResponseBase.make_bytes,test_target_bundle,4,2,354,ae8d4c65d460f75c,1.0,0.2942643391521197,2.107142857142857,False,True,medium,task-aligned variant for SWE-style repair; useful for output-drift and pass@1 non-degradation checks,target plus changed/FAIL_TO_PASS test functions,django/http/response.py;tests/httpwrappers/tests.py,HttpResponseBase.make_bytes;QueryDictTests.test_create_with_no_args;QueryDictTests.test_missing_key;QueryDictTests.test_immutability
django__django-11133,django/django,django/http/response.py,HttpResponseBase,ast_function_only,1,1,2104,f85c6c6c6bf995b4,1.0,1.0,1.0,False,False,medium,baseline exact target span; useful when the patch-local symbol is self-contained,target function/method/class only,django/http/response.py,HttpResponseBase
django__django-11133,django/django,django/http/response.py,HttpResponseBase,call_neighborhood_1hop,8,2,2952,6c83fa7a5ee5ecf8,1.0,1.0,1.403041825095057,False,True,high,expected to improve lossy precision when target behavior depends on local helpers or dispatch utilities,target plus statically resolved direct callees,django/http/response.py;tests/httpwrappers/tests.py,HttpResponseBase;BadHeaderError;HttpResponseBase._convert_to_charset;HttpResponseBase.close;HttpResponseBase.get;HttpResponseBase.serialize_headers.to_bytes;HttpResponseBase.set_cookie;JsonResponseTests.test_json_response_custom_encoder.CustomDjangoJSONEncoder.encode
django__django-11133,django/django,django/http/response.py,HttpResponseBase,reverse_callers_1hop,1,1,2104,f85c6c6c6bf995b4,1.0,1.0,1.0,False,False,diagnostic,diagnostic high-context variant; may increase semantic alignment but also raises drift risk from caller/test-specific context,target plus same-repo callers that reference it,django/http/response.py,HttpResponseBase
django__django-11133,django/django,django/http/response.py,HttpResponseBase,import_dependency_bundle,1,1,2200,091590982983c0c8,1.0,1.0,1.0456273764258555,True,False,high,expected to preserve stable API/import context with limited semantic contamination,target plus local import context and resolved import-file front matter,django/http/response.py,HttpResponseBase
django__django-11133,django/django,django/http/response.py,HttpResponseBase,test_target_bundle,4,2,2290,458d02eed2f3ac4a,1.0,1.0,1.088403041825095,False,True,medium,task-aligned variant for SWE-style repair; useful for output-drift and pass@1 non-degradation checks,target plus changed/FAIL_TO_PASS test functions,django/http/response.py;tests/httpwrappers/tests.py,HttpResponseBase;QueryDictTests.test_create_with_no_args;QueryDictTests.test_missing_key;QueryDictTests.test_immutability
django__django-11138,django/django,django/db/backends/mysql/operations.py,DatabaseOperations._convert_field_to_tz,ast_function_only,1,1,41,209f10521dd68e5c,1.0,0.028198074277854195,1.0,False,False,medium,baseline exact target span; useful when the patch-local symbol is self-contained,target function/method/class only,django/db/backends/mysql/operations.py,DatabaseOperations._convert_field_to_tz
django__django-11138,django/django,django/db/backends/mysql/operations.py,DatabaseOperations._convert_field_to_tz,call_neighborhood_1hop,1,1,41,209f10521dd68e5c,1.0,0.028198074277854195,1.0,False,False,high,expected to improve lossy precision when target behavior depends on local helpers or dispatch utilities,target plus statically resolved direct callees,django/db/backends/mysql/operations.py,DatabaseOperations._convert_field_to_tz
django__django-11138,django/django,django/db/backends/mysql/operations.py,DatabaseOperations._convert_field_to_tz,reverse_callers_1hop,6,1,3138,fd77075c82806a74,1.0,1.0,76.53658536585365,False,False,diagnostic,diagnostic high-context variant; may increase semantic alignment but also raises drift risk from caller/test-specific context,target plus same-repo callers that reference it,django/db/backends/mysql/operations.py,DatabaseOperations._convert_field_to_tz;DatabaseOperations.datetime_cast_date_sql;DatabaseOperations.datetime_cast_time_sql;DatabaseOperations.datetime_extract_sql;DatabaseOperations.datetime_trunc_sql;DatabaseOperations
django__django-11138,django/django,django/db/backends/mysql/operations.py,DatabaseOperations._convert_field_to_tz,import_dependency_bundle,1,1,75,77a96166ed1cd47c,1.0,0.0515818431911967,1.829268292682927,True,False,high,expected to preserve stable API/import context with limited semantic contamination,target plus local import context and resolved import-file front matter,django/db/backends/mysql/operations.py,DatabaseOperations._convert_field_to_tz
django__django-11138,django/django,django/db/backends/mysql/operations.py,DatabaseOperations._convert_field_to_tz,test_target_bundle,4,2,236,e391be5295aac9b0,1.0,0.1623108665749656,5.7560975609756095,False,True,medium,task-aligned variant for SWE-style repair; useful for output-drift and pass@1 non-degradation checks,target plus changed/FAIL_TO_PASS test functions,django/db/backends/mysql/operations.py;tests/timezones/tests.py,DatabaseOperations._convert_field_to_tz;LegacyDatabaseTests.test_naive_datetime;LegacyDatabaseTests.test_naive_datetime_with_microsecond;LegacyDatabaseTests.test_aware_datetime_in_local_timezone
django__django-11138,django/django,django/db/backends/mysql/operations.py,DatabaseOperations,ast_function_only,1,1,2670,81e5b24023268ca0,1.0,1.0,1.0,False,False,medium,baseline exact target span; useful when the patch-local symbol is self-contained,target function/method/class only,django/db/backends/mysql/operations.py,DatabaseOperations
django__django-11138,django/django,django/db/backends/mysql/operations.py,DatabaseOperations,call_neighborhood_1hop,9,2,3465,fb00621b3d488ee9,1.0,1.0,1.297752808988764,False,False,high,expected to improve lossy precision when target behavior depends on local helpers or dispatch utilities,target plus statically resolved direct callees,django/db/backends/mysql/operations.py;django/db/backends/oracle/operations.py,DatabaseOperations;DatabaseOperations._convert_field_to_tz;DatabaseOperations.combine_expression;DatabaseOperations.date_extract_sql;DatabaseOperations.explain_query_prefix;DatabaseOperations.get_db_converters;DatabaseOperations.insert_statement;DatabaseOperations.quote_name;DatabaseOperations.sequence_reset_by_name_sql
django__django-11138,django/django,django/db/backends/mysql/operations.py,DatabaseOperations,reverse_callers_1hop,1,1,2670,81e5b24023268ca0,1.0,1.0,1.0,False,False,diagnostic,diagnostic high-context variant; may increase semantic alignment but also raises drift risk from caller/test-specific context,target plus same-repo callers that reference it,django/db/backends/mysql/operations.py,DatabaseOperations
django__django-11138,django/django,django/db/backends/mysql/operations.py,DatabaseOperations,import_dependency_bundle,1,1,2704,f2622b5a2ffa7358,1.0,1.0,1.0127340823970037,True,False,high,expected to preserve stable API/import context with limited semantic contamination,target plus local import context and resolved import-file front matter,django/db/backends/mysql/operations.py,DatabaseOperations
django__django-11138,django/django,django/db/backends/mysql/operations.py,DatabaseOperations,test_target_bundle,4,2,2865,917f4d0232619c5e,1.0,1.0,1.0730337078651686,False,True,medium,task-aligned variant for SWE-style repair; useful for output-drift and pass@1 non-degradation checks,target plus changed/FAIL_TO_PASS test functions,django/db/backends/mysql/operations.py;tests/timezones/tests.py,DatabaseOperations;LegacyDatabaseTests.test_naive_datetime;LegacyDatabaseTests.test_naive_datetime_with_microsecond;LegacyDatabaseTests.test_aware_datetime_in_local_timezone
django__django-11138,django/django,django/db/backends/oracle/operations.py,DatabaseOperations.datetime_cast_date_sql,ast_function_only,1,1,30,faaaa891a7342fca,1.0,0.020107238605898123,1.0,False,False,medium,baseline exact target span; useful when the patch-local symbol is self-contained,target function/method/class only,django/db/backends/oracle/operations.py,DatabaseOperations.datetime_cast_date_sql
django__django-11138,django/django,django/db/backends/oracle/operations.py,DatabaseOperations.datetime_cast_date_sql,call_neighborhood_1hop,2,1,135,31142bf60abedbf6,1.0,0.09048257372654156,4.5,False,False,high,expected to improve lossy precision when target behavior depends on local helpers or dispatch utilities,target plus statically resolved direct callees,django/db/backends/oracle/operations.py,DatabaseOperations.datetime_cast_date_sql;DatabaseOperations._convert_field_to_tz
django__django-11138,django/django,django/db/backends/oracle/operations.py,DatabaseOperations.datetime_cast_date_sql,reverse_callers_1hop,1,1,30,faaaa891a7342fca,1.0,0.020107238605898123,1.0,False,False,diagnostic,diagnostic high-context variant; may increase semantic alignment but also raises drift risk from caller/test-specific context,target plus same-repo callers that reference it,django/db/backends/oracle/operations.py,DatabaseOperations.datetime_cast_date_sql
django__django-11138,django/django,django/db/backends/oracle/operations.py,DatabaseOperations.datetime_cast_date_sql,import_dependency_bundle,1,1,116,5b87a5d968e1a9cc,1.0,0.0777479892761394,3.8666666666666667,True,False,high,expected to preserve stable API/import context with limited semantic contamination,target plus local import context and resolved import-file front matter,django/db/backends/oracle/operations.py,DatabaseOperations.datetime_cast_date_sql
django__django-11138,django/django,django/db/backends/oracle/operations.py,DatabaseOperations.datetime_cast_date_sql,test_target_bundle,4,2,225,c8b1f80a37f61c16,1.0,0.15080428954423591,7.5,False,True,medium,task-aligned variant for SWE-style repair; useful for output-drift and pass@1 non-degradation checks,target plus changed/FAIL_TO_PASS test functions,django/db/backends/oracle/operations.py;tests/timezones/tests.py,DatabaseOperations.datetime_cast_date_sql;LegacyDatabaseTests.test_naive_datetime;LegacyDatabaseTests.test_naive_datetime_with_microsecond;LegacyDatabaseTests.test_aware_datetime_in_local_timezone
django__django-11138,django/django,django/db/backends/oracle/operations.py,DatabaseOperations.datetime_cast_time_sql,ast_function_only,1,1,46,4088c46b5975f6d9,1.0,0.030831099195710455,1.0,False,False,medium,baseline exact target span; useful when the patch-local symbol is self-contained,target function/method/class only,django/db/backends/oracle/operations.py,DatabaseOperations.datetime_cast_time_sql
django__django-11138,django/django,django/db/backends/oracle/operations.py,DatabaseOperations.datetime_cast_time_sql,call_neighborhood_1hop,2,1,151,77b88312d29e988c,1.0,0.10120643431635389,3.282608695652174,False,False,high,expected to improve lossy precision when target behavior depends on local helpers or dispatch utilities,target plus statically resolved direct callees,django/db/backends/oracle/operations.py,DatabaseOperations.datetime_cast_time_sql;DatabaseOperations._convert_field_to_tz
django__django-11138,django/django,django/db/backends/oracle/operations.py,DatabaseOperations.datetime_cast_time_sql,reverse_callers_1hop,1,1,46,4088c46b5975f6d9,1.0,0.030831099195710455,1.0,False,False,diagnostic,diagnostic high-context variant; may increase semantic alignment but also raises drift risk from caller/test-specific context,target plus same-repo callers that reference it,django/db/backends/oracle/operations.py,DatabaseOperations.datetime_cast_time_sql
django__django-11138,django/django,django/db/backends/oracle/operations.py,DatabaseOperations.datetime_cast_time_sql,import_dependency_bundle,1,1,132,e3ddd353cfcdbf2d,1.0,0.08847184986595175,2.869565217391304,True,False,high,expected to preserve stable API/import context with limited semantic contamination,target plus local import context and resolved import-file front matter,django/db/backends/oracle/operations.py,DatabaseOperations.datetime_cast_time_sql
django__django-11138,django/django,django/db/backends/oracle/operations.py,DatabaseOperations.datetime_cast_time_sql,test_target_bundle,4,2,241,051be0199de69aa8,1.0,0.16152815013404825,5.239130434782608,False,True,medium,task-aligned variant for SWE-style repair; useful for output-drift and pass@1 non-degradation checks,target plus changed/FAIL_TO_PASS test functions,django/db/backends/oracle/operations.py;tests/timezones/tests.py,DatabaseOperations.datetime_cast_time_sql;LegacyDatabaseTests.test_naive_datetime;LegacyDatabaseTests.test_naive_datetime_with_microsecond;LegacyDatabaseTests.test_aware_datetime_in_local_timezone
django__django-11138,django/django,django/db/backends/oracle/operations.py,DatabaseOperations._convert_field_to_tz,ast_function_only,1,1,105,f028158346858c9d,1.0,0.07037533512064344,1.0,False,False,medium,baseline exact target span; useful when the patch-local symbol is self-contained,target function/method/class only,django/db/backends/oracle/operations.py,DatabaseOperations._convert_field_to_tz
django__django-11138,django/django,django/db/backends/oracle/operations.py,DatabaseOperations._convert_field_to_tz,call_neighborhood_1hop,1,1,105,f028158346858c9d,1.0,0.07037533512064344,1.0,False,False,high,expected to improve lossy precision when target behavior depends on local helpers or dispatch utilities,target plus statically resolved direct callees,django/db/backends/oracle/operations.py,DatabaseOperations._convert_field_to_tz
django__django-11138,django/django,django/db/backends/oracle/operations.py,DatabaseOperations._convert_field_to_tz,reverse_callers_1hop,6,1,5253,c02b6e5cd062c943,1.0,1.0,50.02857142857143,False,False,diagnostic,diagnostic high-context variant; may increase semantic alignment but also raises drift risk from caller/test-specific context,target plus same-repo callers that reference it,django/db/backends/oracle/operations.py,DatabaseOperations._convert_field_to_tz;DatabaseOperations.datetime_cast_date_sql;DatabaseOperations.datetime_cast_time_sql;DatabaseOperations.datetime_extract_sql;DatabaseOperations.datetime_trunc_sql;DatabaseOperations
django__django-11138,django/django,django/db/backends/oracle/operations.py,DatabaseOperations._convert_field_to_tz,import_dependency_bundle,1,1,191,5638459bbea81bfa,1.0,0.12801608579088472,1.819047619047619,True,False,high,expected to preserve stable API/import context with limited semantic contamination,target plus local import context and resolved import-file front matter,django/db/backends/oracle/operations.py,DatabaseOperations._convert_field_to_tz
django__django-11138,django/django,django/db/backends/oracle/operations.py,DatabaseOperations._convert_field_to_tz,test_target_bundle,4,2,300,10842dec931d92b3,1.0,0.20107238605898123,2.857142857142857,False,True,medium,task-aligned variant for SWE-style repair; useful for output-drift and pass@1 non-degradation checks,target plus changed/FAIL_TO_PASS test functions,django/db/backends/oracle/operations.py;tests/timezones/tests.py,DatabaseOperations._convert_field_to_tz;LegacyDatabaseTests.test_naive_datetime;LegacyDatabaseTests.test_naive_datetime_with_microsecond;LegacyDatabaseTests.test_aware_datetime_in_local_timezone
django__django-11138,django/django,django/db/backends/sqlite3/base.py,_sqlite_datetime_cast_date,ast_function_only,1,1,33,b286fef1b02cc076,1.0,0.023965141612200435,1.0,False,False,medium,baseline exact target span; useful when the patch-local symbol is self-contained,target function/method/class only,django/db/backends/sqlite3/base.py,_sqlite_datetime_cast_date
django__django-11138,django/django,django/db/backends/sqlite3/base.py,_sqlite_datetime_cast_date,call_neighborhood_1hop,2,1,92,39502f2961e80387,1.0,0.06681190994916485,2.787878787878788,False,False,high,expected to improve lossy precision when target behavior depends on local helpers or dispatch utilities,target plus statically resolved direct callees,django/db/backends/sqlite3/base.py,_sqlite_datetime_cast_date;_sqlite_datetime_parse
django__django-11138,django/django,django/db/backends/sqlite3/base.py,_sqlite_datetime_cast_date,reverse_callers_1hop,1,1,33,b286fef1b02cc076,1.0,0.023965141612200435,1.0,False,False,diagnostic,diagnostic high-context variant; may increase semantic alignment but also raises drift risk from caller/test-specific context,target plus same-repo callers that reference it,django/db/backends/sqlite3/base.py,_sqlite_datetime_cast_date
django__django-11138,django/django,django/db/backends/sqlite3/base.py,_sqlite_datetime_cast_date,import_dependency_bundle,1,1,177,7ddb63a7a9c20af7,1.0,0.12854030501089325,5.363636363636363,True,False,high,expected to preserve stable API/import context with limited semantic contamination,target plus local import context and resolved import-file front matter,django/db/backends/sqlite3/base.py,_sqlite_datetime_cast_date
django__django-11138,django/django,django/db/backends/sqlite3/base.py,_sqlite_datetime_cast_date,test_target_bundle,4,2,228,6b91fa5e22331f8f,1.0,0.1655773420479303,6.909090909090909,False,True,medium,task-aligned variant for SWE-style repair; useful for output-drift and pass@1 non-degradation checks,target plus changed/FAIL_TO_PASS test functions,django/db/backends/sqlite3/base.py;tests/timezones/tests.py,_sqlite_datetime_cast_date;LegacyDatabaseTests.test_naive_datetime;LegacyDatabaseTests.test_naive_datetime_with_microsecond;LegacyDatabaseTests.test_aware_datetime_in_local_timezone
django__django-11138,django/django,django/db/backends/sqlite3/base.py,_sqlite_datetime_cast_time,ast_function_only,1,1,33,d158cc23648c5047,1.0,0.023965141612200435,1.0,False,False,medium,baseline exact target span; useful when the patch-local symbol is self-contained,target function/method/class only,django/db/backends/sqlite3/base.py,_sqlite_datetime_cast_time
django__django-11138,django/django,django/db/backends/sqlite3/base.py,_sqlite_datetime_cast_time,call_neighborhood_1hop,2,1,92,945a1976b035172e,1.0,0.06681190994916485,2.787878787878788,False,False,high,expected to improve lossy precision when target behavior depends on local helpers or dispatch utilities,target plus statically resolved direct callees,django/db/backends/sqlite3/base.py,_sqlite_datetime_cast_time;_sqlite_datetime_parse
django__django-11138,django/django,django/db/backends/sqlite3/base.py,_sqlite_datetime_cast_time,reverse_callers_1hop,1,1,33,d158cc23648c5047,1.0,0.023965141612200435,1.0,False,False,diagnostic,diagnostic high-context variant; may increase semantic alignment but also raises drift risk from caller/test-specific context,target plus same-repo callers that reference it,django/db/backends/sqlite3/base.py,_sqlite_datetime_cast_time
django__django-11138,django/django,django/db/backends/sqlite3/base.py,_sqlite_datetime_cast_time,import_dependency_bundle,1,1,177,981f09ba9d9ae63d,1.0,0.12854030501089325,5.363636363636363,True,False,high,expected to preserve stable API/import context with limited semantic contamination,target plus local import context and resolved import-file front matter,django/db/backends/sqlite3/base.py,_sqlite_datetime_cast_time
django__django-11138,django/django,django/db/backends/sqlite3/base.py,_sqlite_datetime_cast_time,test_target_bundle,4,2,228,1e215c314f50f99b,1.0,0.1655773420479303,6.909090909090909,False,True,medium,task-aligned variant for SWE-style repair; useful for output-drift and pass@1 non-degradation checks,target plus changed/FAIL_TO_PASS test functions,django/db/backends/sqlite3/base.py;tests/timezones/tests.py,_sqlite_datetime_cast_time;LegacyDatabaseTests.test_naive_datetime;LegacyDatabaseTests.test_naive_datetime_with_microsecond;LegacyDatabaseTests.test_aware_datetime_in_local_timezone
django__django-11138,django/django,django/db/backends/sqlite3/base.py,_sqlite_datetime_parse,ast_function_only,1,1,59,e97eee6a6ff1998d,1.0,0.042846768336964415,1.0,False,False,medium,baseline exact target span; useful when the patch-local symbol is self-contained,target function/method/class only,django/db/backends/sqlite3/base.py,_sqlite_datetime_parse
django__django-11138,django/django,django/db/backends/sqlite3/base.py,_sqlite_datetime_parse,call_neighborhood_1hop,1,1,59,e97eee6a6ff1998d,1.0,0.042846768336964415,1.0,False,False,high,expected to improve lossy precision when target behavior depends on local helpers or dispatch utilities,target plus statically resolved direct callees,django/db/backends/sqlite3/base.py,_sqlite_datetime_parse
django__django-11138,django/django,django/db/backends/sqlite3/base.py,_sqlite_datetime_parse,reverse_callers_1hop,6,1,793,8352fcb98860e46b,1.0,0.5758896151053013,13.440677966101696,False,False,diagnostic,diagnostic high-context variant; may increase semantic alignment but also raises drift risk from caller/test-specific context,target plus same-repo callers that reference it,django/db/backends/sqlite3/base.py,_sqlite_datetime_parse;_sqlite_date_trunc;_sqlite_datetime_cast_date;_sqlite_datetime_cast_time;_sqlite_datetime_extract;_sqlite_datetime_trunc
django__django-11138,django/django,django/db/backends/sqlite3/base.py,_sqlite_datetime_parse,import_dependency_bundle,1,1,203,896232f2ee2c1c12,1.0,0.14742193173565724,3.440677966101695,True,False,high,expected to preserve stable API/import context with limited semantic contamination,target plus local import context and resolved import-file front matter,django/db/backends/sqlite3/base.py,_sqlite_datetime_parse
django__django-11138,django/django,django/db/backends/sqlite3/base.py,_sqlite_datetime_parse,test_target_bundle,4,2,254,5e5647bd6609f0c3,1.0,0.18445896877269427,4.305084745762712,False,True,medium,task-aligned variant for SWE-style repair; useful for output-drift and pass@1 non-degradation checks,target plus changed/FAIL_TO_PASS test functions,django/db/backends/sqlite3/base.py;tests/timezones/tests.py,_sqlite_datetime_parse;LegacyDatabaseTests.test_naive_datetime;LegacyDatabaseTests.test_naive_datetime_with_microsecond;LegacyDatabaseTests.test_aware_datetime_in_local_timezone
django__django-11141,django/django,django/db/migrations/loader.py,MigrationLoader.load_disk,ast_function_only,1,1,471,a9dd8c44d9e3d09c,1.0,0.3911960132890365,1.0,False,False,medium,baseline exact target span; useful when the patch-local symbol is self-contained,target function/method/class only,django/db/migrations/loader.py,MigrationLoader.load_disk
django__django-11141,django/django,django/db/migrations/loader.py,MigrationLoader.load_disk,call_neighborhood_1hop,2,1,554,6f8b31f7830b2d7a,1.0,0.4601328903654485,1.1762208067940552,False,False,high,expected to improve lossy precision when target behavior depends on local helpers or dispatch utilities,target plus statically resolved direct callees,django/db/migrations/loader.py,MigrationLoader.load_disk;MigrationLoader.migrations_module
django__django-11141,django/django,django/db/migrations/loader.py,MigrationLoader.load_disk,reverse_callers_1hop,5,2,7391,4c6ca3887b2ab668,1.0,1.0,15.692144373673036,False,True,diagnostic,diagnostic high-context variant; may increase semantic alignment but also raises drift risk from caller/test-specific context,target plus same-repo callers that reference it,django/db/migrations/loader.py;tests/migrations/test_loader.py,MigrationLoader.load_disk;MigrationLoader.build_graph;MigrationLoader;LoaderTests.test_ignore_files;LoaderTests
django__django-11141,django/django,django/db/migrations/loader.py,MigrationLoader.load_disk,import_dependency_bundle,1,1,527,e3dde2cf625eaefb,1.0,0.4377076411960133,1.118895966029724,True,False,high,expected to preserve stable API/import context with limited semantic contamination,target plus local import context and resolved import-file front matter,django/db/migrations/loader.py,MigrationLoader.load_disk
django__django-11141,django/django,django/db/migrations/loader.py,MigrationLoader.load_disk,test_target_bundle,4,2,1042,d7651861bec95baf,1.0,0.8654485049833887,2.2123142250530785,False,True,medium,task-aligned variant for SWE-style repair; useful for output-drift and pass@1 non-degradation checks,target plus changed/FAIL_TO_PASS test functions,django/db/migrations/loader.py;tests/migrations/test_loader.py,MigrationLoader.load_disk;RecorderTests.test_apply;LoaderTests.test_load;LoaderTests.test_plan_handles_repeated_migrations
django__django-11141,django/django,django/db/migrations/loader.py,MigrationLoader,ast_function_only,1,1,2548,0547a63e850875a9,1.0,1.0,1.0,False,False,medium,baseline exact target span; useful when the patch-local symbol is self-contained,target function/method/class only,django/db/migrations/loader.py,MigrationLoader
django__django-11141,django/django,django/db/migrations/loader.py,MigrationLoader,call_neighborhood_1hop,7,1,4279,5e12b523f9362cf5,1.0,1.0,1.6793563579277866,False,False,high,expected to improve lossy precision when target behavior depends on local helpers or dispatch utilities,target plus statically resolved direct callees,django/db/migrations/loader.py,MigrationLoader;MigrationLoader.add_external_dependencies;MigrationLoader.add_internal_dependencies;MigrationLoader.build_graph;MigrationLoader.check_key;MigrationLoader.load_disk;MigrationLoader.migrations_module
django__django-11141,django/django,django/db/migrations/loader.py,MigrationLoader,reverse_callers_1hop,26,2,9705,1c7994e9e210ea31,1.0,1.0,3.8088697017268447,False,True,diagnostic,diagnostic high-context variant; may increase semantic alignment but also raises drift risk from caller/test-specific context,target plus same-repo callers that reference it,django/db/migrations/loader.py;tests/migrations/test_loader.py,MigrationLoader;LoaderTests.test_check_consistent_history;LoaderTests.test_check_consistent_history_squashed;LoaderTests.test_explicit_missing_module;LoaderTests.test_first;LoaderTests.test_ignore_files;LoaderTests.test_load;LoaderTests.test_load_empty_dir;LoaderTests.test_load_import_error;LoaderTests.test_load_module_file;LoaderTests.test_load_unmigrated_dependency;LoaderTests.test_loading_squashed;LoaderTests.test_loading_squashed_complex;LoaderTests.test_loading_squashed_complex_multi_apps;LoaderTests.test_loading_squashed_complex_multi_apps_partially_applied;LoaderTests.test_loading_squashed_erroneous;LoaderTests.test_loading_squashed_ref_squashed;LoaderTests.test_marked_as_migrated;LoaderTests.test_marked_as_unmigrated;LoaderTests.test_name_match;LoaderTests.test_plan_handles_repeated_migrations;LoaderTests.test_run_before;LoaderTests;PycLoaderTests.test_invalid;PycLoaderTests.test_valid;PycLoaderTests
django__django-11141,django/django,django/db/migrations/loader.py,MigrationLoader,import_dependency_bundle,1,1,2604,f09f47b3acb9a7e8,1.0,1.0,1.021978021978022,True,False,high,expected to preserve stable API/import context with limited semantic contamination,target plus local import context and resolved import-file front matter,django/db/migrations/loader.py,MigrationLoader
django__django-11141,django/django,django/db/migrations/loader.py,MigrationLoader,test_target_bundle,4,2,3119,9bef3b9014d660f0,1.0,1.0,1.2240973312401884,False,True,medium,task-aligned variant for SWE-style repair; useful for output-drift and pass@1 non-degradation checks,target plus changed/FAIL_TO_PASS test functions,django/db/migrations/loader.py;tests/migrations/test_loader.py,MigrationLoader;RecorderTests.test_apply;LoaderTests.test_load;LoaderTests.test_plan_handles_repeated_migrations
django__django-11149,django/django,django/contrib/admin/options.py,StackedInline,ast_function_only,1,1,17,031f472087d7e88c,1.0,0.015315315315315315,1.0,False,False,medium,baseline exact target span; useful when the patch-local symbol is self-contained,target function/method/class only,django/contrib/admin/options.py,StackedInline
django__django-11149,django/django,django/contrib/admin/options.py,StackedInline,call_neighborhood_1hop,1,1,17,031f472087d7e88c,1.0,0.015315315315315315,1.0,False,False,high,expected to improve lossy precision when target behavior depends on local helpers or dispatch utilities,target plus statically resolved direct callees,django/contrib/admin/options.py,StackedInline
django__django-11149,django/django,django/contrib/admin/options.py,StackedInline,reverse_callers_1hop,1,1,17,031f472087d7e88c,1.0,0.015315315315315315,1.0,False,False,diagnostic,diagnostic high-context variant; may increase semantic alignment but also raises drift risk from caller/test-specific context,target plus same-repo callers that reference it,django/contrib/admin/options.py,StackedInline
django__django-11149,django/django,django/contrib/admin/options.py,StackedInline,import_dependency_bundle,1,1,368,286ee41751781431,1.0,0.33153153153153153,21.647058823529413,True,False,high,expected to preserve stable API/import context with limited semantic contamination,target plus local import context and resolved import-file front matter,django/contrib/admin/options.py,StackedInline
django__django-11149,django/django,django/contrib/admin/options.py,StackedInline,test_target_bundle,4,2,325,d5579bd949a0b8b8,1.0,0.2927927927927928,19.11764705882353,False,True,medium,task-aligned variant for SWE-style repair; useful for output-drift and pass@1 non-degradation checks,target plus changed/FAIL_TO_PASS test functions,django/contrib/admin/options.py;tests/admin_inlines/tests.py,StackedInline;TestInline.test_can_delete;TestInline.test_readonly_stacked_inline_label;TestInline.test_many_to_many_inlines
django__django-11149,django/django,django/contrib/admin/options.py,InlineModelAdmin.has_add_permission,ast_function_only,1,1,88,701dc1d355c0dd5f,1.0,0.07927927927927927,1.0,False,False,medium,baseline exact target span; useful when the patch-local symbol is self-contained,target function/method/class only,django/contrib/admin/options.py,InlineModelAdmin.has_add_permission
django__django-11149,django/django,django/contrib/admin/options.py,InlineModelAdmin.has_add_permission,call_neighborhood_1hop,4,1,488,3a922b01883611bf,1.0,0.43963963963963965,5.545454545454546,False,False,high,expected to improve lossy precision when target behavior depends on local helpers or dispatch utilities,target plus statically resolved direct callees,django/contrib/admin/options.py,InlineModelAdmin.has_add_permission;BaseModelAdmin.has_add_permission;BaseModelAdmin.has_view_permission;InlineModelAdmin.has_view_permission
django__django-11149,django/django,django/contrib/admin/options.py,InlineModelAdmin.has_add_permission,reverse_callers_1hop,12,1,19926,84ee9acbfef41bea,1.0,1.0,226.4318181818182,False,False,diagnostic,diagnostic high-context variant; may increase semantic alignment but also raises drift risk from caller/test-specific context,target plus same-repo callers that reference it,django/contrib/admin/options.py,InlineModelAdmin.has_add_permission;BaseModelAdmin.formfield_for_dbfield;BaseModelAdmin;InlineModelAdmin.get_formset;InlineModelAdmin;ModelAdmin._changeform_view;ModelAdmin.changelist_view;ModelAdmin.get_inline_formsets;ModelAdmin.get_inline_instances;ModelAdmin.get_model_perms;ModelAdmin.render_change_form;ModelAdmin
django__django-11149,django/django,django/contrib/admin/options.py,InlineModelAdmin.has_add_permission,import_dependency_bundle,1,1,439,e179e3c0bf240309,1.0,0.3954954954954955,4.988636363636363,True,False,high,expected to preserve stable API/import context with limited semantic contamination,target plus local import context and resolved import-file front matter,django/contrib/admin/options.py,InlineModelAdmin.has_add_permission
django__django-11149,django/django,django/contrib/admin/options.py,InlineModelAdmin.has_add_permission,test_target_bundle,4,2,396,d1c409fb87dab1f7,1.0,0.3567567567567568,4.5,False,True,medium,task-aligned variant for SWE-style repair; useful for output-drift and pass@1 non-degradation checks,target plus changed/FAIL_TO_PASS test functions,django/contrib/admin/options.py;tests/admin_inlines/tests.py,InlineModelAdmin.has_add_permission;TestInline.test_can_delete;TestInline.test_readonly_stacked_inline_label;TestInline.test_many_to_many_inlines
django__django-11149,django/django,django/contrib/admin/options.py,InlineModelAdmin.has_change_permission,ast_function_only,1,1,90,1a2e7afef5fea0a9,1.0,0.08108108108108109,1.0,False,False,medium,baseline exact target span; useful when the patch-local symbol is self-contained,target function/method/class only,django/contrib/admin/options.py,InlineModelAdmin.has_change_permission
django__django-11149,django/django,django/contrib/admin/options.py,InlineModelAdmin.has_change_permission,call_neighborhood_1hop,4,1,560,9e56eda68915b4bb,1.0,0.5045045045045045,6.222222222222222,False,False,high,expected to improve lossy precision when target behavior depends on local helpers or dispatch utilities,target plus statically resolved direct callees,django/contrib/admin/options.py,InlineModelAdmin.has_change_permission;BaseModelAdmin.has_change_permission;BaseModelAdmin.has_view_permission;InlineModelAdmin.has_view_permission
django__django-11149,django/django,django/contrib/admin/options.py,InlineModelAdmin.has_change_permission,reverse_callers_1hop,16,1,21538,61897539dab68adf,1.0,1.0,239.3111111111111,False,False,diagnostic,diagnostic high-context variant; may increase semantic alignment but also raises drift risk from caller/test-specific context,target plus same-repo callers that reference it,django/contrib/admin/options.py,InlineModelAdmin.has_change_permission;BaseModelAdmin.formfield_for_dbfield;BaseModelAdmin.has_view_or_change_permission;BaseModelAdmin;InlineModelAdmin.get_formset;InlineModelAdmin;ModelAdmin._changeform_view;ModelAdmin._create_formsets;ModelAdmin.changelist_view;ModelAdmin.get_form;ModelAdmin.get_inline_formsets;ModelAdmin.get_model_perms;ModelAdmin.render_change_form;ModelAdmin.response_add;ModelAdmin.response_delete;ModelAdmin
django__django-11149,django/django,django/contrib/admin/options.py,InlineModelAdmin.has_change_permission,import_dependency_bundle,1,1,441,fc2f6d8bd5e5f0f5,1.0,0.3972972972972973,4.9,True,False,high,expected to preserve stable API/import context with limited semantic contamination,target plus local import context and resolved import-file front matter,django/contrib/admin/options.py,InlineModelAdmin.has_change_permission
django__django-11149,django/django,django/contrib/admin/options.py,InlineModelAdmin.has_change_permission,test_target_bundle,4,2,398,69889196b08dabcf,1.0,0.35855855855855856,4.4222222222222225,False,True,medium,task-aligned variant for SWE-style repair; useful for output-drift and pass@1 non-degradation checks,target plus changed/FAIL_TO_PASS test functions,django/contrib/admin/options.py;tests/admin_inlines/tests.py,InlineModelAdmin.has_change_permission;TestInline.test_can_delete;TestInline.test_readonly_stacked_inline_label;TestInline.test_many_to_many_inlines
matplotlib__matplotlib-13989,matplotlib/matplotlib,lib/matplotlib/axes/_axes.py,Axes.hist,ast_function_only,1,1,4480,fc41f92a9737c35d,1.0,1.0,1.0,False,False,medium,baseline exact target span; useful when the patch-local symbol is self-contained,target function/method/class only,lib/matplotlib/axes/_axes.py,Axes.hist
matplotlib__matplotlib-13989,matplotlib/matplotlib,lib/matplotlib/axes/_axes.py,Axes.hist,call_neighborhood_1hop,17,9,7059,56b46e301d83a804,1.0,1.0,1.5756696428571428,False,False,high,expected to improve lossy precision when target behavior depends on local helpers or dispatch utilities,target plus statically resolved direct callees,lib/matplotlib/__init__.py;lib/matplotlib/animation.py;lib/matplotlib/artist.py;lib/matplotlib/axes/_axes.py;lib/matplotlib/backend_bases.py;lib/matplotlib/colorbar.py;lib/matplotlib/docstring.py;lib/matplotlib/gridspec.py;lib/matplotlib/transforms.py,Axes.hist;RcParams.copy;_preprocess_data;MovieWriterRegistry.list;Artist.convert_xunits;Artist.set_label;Artist.update;Axes.fill;Axes.pie.get_next_color;histogram_bin_edges;NavigationToolbar2.update;ColorbarBase.set_label;copy;GridSpec.update;BboxBase.max;BboxBase.min;BboxBase.size
matplotlib__matplotlib-13989,matplotlib/matplotlib,lib/matplotlib/axes/_axes.py,Axes.hist,reverse_callers_1hop,31,2,7718,95cdce1d23bf5fcb,1.0,1.0,1.722767857142857,False,True,diagnostic,diagnostic high-context variant; may increase semantic alignment but also raises drift risk from caller/test-specific context,target plus same-repo callers that reference it,lib/matplotlib/axes/_axes.py;lib/matplotlib/tests/test_axes.py,Axes.hist;test_axes_margins;test_hist_auto_bins;test_hist_bar_empty;test_hist_datetime_datasets;test_hist_density;test_hist_emptydata;test_hist_labels;test_hist_log;test_hist_nan_data;test_hist_normed_density;test_hist_offset;test_hist_stacked_bar;test_hist_stacked_density;test_hist_stacked_step;test_hist_stacked_stepfilled;test_hist_stacked_stepfilled_alpha;test_hist_stacked_weighted;test_hist_step;test_hist_step_bottom;test_hist_step_empty;test_hist_step_filled;test_hist_step_horiz;test_hist_step_log_bottom;test_hist_steplog;test_hist_unequal_bins_density;test_hist_with_empty_input;test_length_one_hist;test_numerical_hist_label;test_pandas_indexing_hist;test_unicode_hist_label
matplotlib__matplotlib-13989,matplotlib/matplotlib,lib/matplotlib/axes/_axes.py,Axes.hist,import_dependency_bundle,1,1,4688,45e530993a4f6cf1,1.0,1.0,1.0464285714285715,True,False,high,expected to preserve stable API/import context with limited semantic contamination,target plus local import context and resolved import-file front matter,lib/matplotlib/axes/_axes.py,Axes.hist
matplotlib__matplotlib-13989,matplotlib/matplotlib,lib/matplotlib/axes/_axes.py,Axes.hist,test_target_bundle,4,2,4671,695f72332eb8a870,1.0,1.0,1.0426339285714286,False,True,medium,task-aligned variant for SWE-style repair; useful for output-drift and pass@1 non-degradation checks,target plus changed/FAIL_TO_PASS test functions,lib/matplotlib/axes/_axes.py;lib/matplotlib/tests/test_axes.py,Axes.hist;test_get_labels;test_acorr;test_spy
matplotlib__matplotlib-13989,matplotlib/matplotlib,lib/matplotlib/axes/_axes.py,Axes,ast_function_only,1,1,64797,ab09474fef090102,1.0,1.0,1.0,False,False,medium,baseline exact target span; useful when the patch-local symbol is self-contained,target function/method/class only,lib/matplotlib/axes/_axes.py,Axes
matplotlib__matplotlib-13989,matplotlib/matplotlib,lib/matplotlib/axes/_axes.py,Axes,call_neighborhood_1hop,147,24,122160,6daafb1f61f27c17,1.0,1.0,1.885272466317885,False,True,high,expected to improve lossy precision when target behavior depends on local helpers or dispatch utilities,target plus statically resolved direct callees,lib/matplotlib/__init__.py;lib/matplotlib/animation.py;lib/matplotlib/artist.py;lib/matplotlib/axes/_axes.py;lib/matplotlib/backend_bases.py;lib/matplotlib/category.py;lib/matplotlib/colorbar.py;lib/matplotlib/dates.py;lib/matplotlib/docstring.py;lib/matplotlib/gridspec.py;lib/matplotlib/image.py;lib/matplotlib/legend.py;lib/matplotlib/markers.py;lib/matplotlib/mlab.py;lib/matplotlib/offsetbox.py;lib/matplotlib/pyplot.py;lib/matplotlib/streamplot.py;lib/matplotlib/table.py;lib/matplotlib/tests/test_axes.py;lib/matplotlib/ticker.py;lib/matplotlib/transforms.py;lib/matplotlib/units.py;setupext.py;versioneer.py,Axes;RcParams.copy;_preprocess_data;MovieWriterRegistry.list;Artist.convert_xunits;Artist.convert_yunits;Artist.get_clip_path;Artist.get_label;Artist.get_transform;Artist.get_zorder;Artist.set_alpha;Artist.set_clip_path;Artist.set_label;Artist.set_transform;Artist.set_url;Artist.set_visible;Artist.set_zorder;Artist.update;Axes._convert_dx;Axes._parse_scatter_color_args;Axes._pcolorargs;Axes._quiver_units;Axes.angle_spectrum;Axes.axhline;Axes.bar;Axes.bxp.dopatch;Axes.bxp.dopatch;Axes.bxp.doplot;Axes.bxp.doplot;Axes.bxp.patch_list;Axes.bxp.to_vc;Axes.bxp.with_rcdefaults;Axes.bxp;Axes.clabel;Axes.cohere;Axes.csd;Axes.errorbar.extract_err;Axes.errorbar.xywhere;Axes.errorbar;Axes.fill;Axes.fill_between.get_interp_point;Axes.fill_betweenx.get_interp_point;Axes.hexbin.coarse_bin;Axes.hlines;Axes.imshow;Axes.indicate_inset;Axes.magnitude_spectrum;Axes.pcolormesh;Axes.phase_spectrum;Axes.pie.get_next_color;Axes.plot;Axes.psd;Axes.set_xlabel;Axes.set_ylabel;Axes.specgram;Axes.text;Axes.violin;Axes.vlines;Axes.xcorr;_make_inset_locator.inset_locator;_make_inset_locator;histogram_bin_edges;FigureCanvasBase.resize;FigureManagerBase.resize;GraphicsContextBase.get_clip_path;GraphicsContextBase.set_clip_path;GraphicsContextBase.set_url;NavigationToolbar2.update;StrCategoryConverter.convert;ColorbarBase.set_alpha;ColorbarBase.set_label;ColorbarBase.set_ticklabels;ColorbarBase.set_ticks;_ColorbarMappableDummy.get_clim;_ColorbarMappableDummy.get_cmap;_ColorbarMappableDummy.set_clim;_ColorbarMappableDummy.set_cmap;_ColorbarMappableDummy.set_norm;AutoDateLocator.autoscale;AutoDateLocator.nonsingular;DateConverter.convert;DateLocator.nonsingular;RRuleLocator.autoscale;YearLocator.autoscale;copy;GridSpec.update;SubplotSpec.get_position;AxesImage.get_extent;AxesImage.set_extent;AxesImage;BboxImage.get_transform;FigureImage.get_extent;NonUniformImage.get_extent;NonUniformImage.set_array;NonUniformImage.set_cmap;NonUniformImage.set_data;NonUniformImage.set_norm;PcolorImage.set_array;PcolorImage.set_data;PcolorImage;_ImageBase.set_alpha;_ImageBase.set_array;_ImageBase.set_data;Legend.set_frame_on;Legend;_get_legend_handles_labels;_parse_legend_args;MarkerStyle.get_path;MarkerStyle.get_transform;MarkerStyle.is_filled;MarkerStyle;GaussianKDE.evaluate;GaussianKDE;detrend;AuxTransformBox.add_artist;DrawingArea.add_artist;DrawingArea.set_transform;TextArea.get_text;TextArea.set_text;axis;connect;grid;set_cmap;Grid.shape;Cell.get_text;Cell.set_transform;CustomCell.get_path;test_bxp_no_flier_stats.transform;test_bxp_with_xlabels.transform;test_bxp_with_ylabels.transform;FixedFormatter;FixedLocator;MaxNLocator;Bbox.from_bounds;Bbox.update_from_data_xy;BboxBase.max;BboxBase.min;BboxBase.size;BboxBase.transformed;BlendedAffine2D.contains_branch_seperately;BlendedGenericTransform.contains_branch_seperately;IdentityTransform;Transform.contains_branch_seperately;nonsingular;ConversionInterface.convert;Path;get_config_from_root.get
matplotlib__matplotlib-13989,matplotlib/matplotlib,lib/matplotlib/axes/_axes.py,Axes,reverse_callers_1hop,2,1,65223,291d456e0731f437,1.0,1.0,1.0065743784434464,False,False,diagnostic,diagnostic high-context variant; may increase semantic alignment but also raises drift risk from caller/test-specific context,target plus same-repo callers that reference it,lib/matplotlib/axes/_axes.py,Axes;Axes.inset_axes
matplotlib__matplotlib-13989,matplotlib/matplotlib,lib/matplotlib/axes/_axes.py,Axes,import_dependency_bundle,1,1,65005,0478da2a96b6ef49,1.0,1.0,1.0032100251554856,True,False,high,expected to preserve stable API/import context with limited semantic contamination,target plus local import context and resolved import-file front matter,lib/matplotlib/axes/_axes.py,Axes
matplotlib__matplotlib-13989,matplotlib/matplotlib,lib/matplotlib/axes/_axes.py,Axes,test_target_bundle,4,2,64988,8e71c6e0ebc6438e,1.0,1.0,1.0029476673302777,False,True,medium,task-aligned variant for SWE-style repair; useful for output-drift and pass@1 non-degradation checks,target plus changed/FAIL_TO_PASS test functions,lib/matplotlib/axes/_axes.py;lib/matplotlib/tests/test_axes.py,Axes;test_get_labels;test_acorr;test_spy
matplotlib__matplotlib-14623,matplotlib/matplotlib,lib/matplotlib/axes/_base.py,_AxesBase.set_xlim,ast_function_only,1,1,876,cd4cc42e82fc7987,1.0,0.8248587570621468,1.0,False,False,medium,baseline exact target span; useful when the patch-local symbol is self-contained,target function/method/class only,lib/matplotlib/axes/_base.py,_AxesBase.set_xlim
matplotlib__matplotlib-14623,matplotlib/matplotlib,lib/matplotlib/axes/_base.py,_AxesBase.set_xlim,call_neighborhood_1hop,9,3,1910,a3d679d01704d6e3,1.0,1.0,2.180365296803653,False,False,high,expected to improve lossy precision when target behavior depends on local helpers or dispatch utilities,target plus statically resolved direct callees,lib/matplotlib/axes/_base.py;lib/matplotlib/backend_bases.py;lib/matplotlib/ticker.py,_AxesBase.set_xlim;_AxesBase._process_unit_info;_AxesBase._validate_converted_limits;_AxesBase.get_xlim;_AxesBase.get_xscale;FigureCanvasBase.draw_idle;Locator.nonsingular;LogLocator.nonsingular;LogitLocator.nonsingular
matplotlib__matplotlib-14623,matplotlib/matplotlib,lib/matplotlib/axes/_base.py,_AxesBase.set_xlim,reverse_callers_1hop,38,7,69596,6dd5994dbff0a830,1.0,1.0,79.44748858447488,False,True,diagnostic,diagnostic high-context variant; may increase semantic alignment but also raises drift risk from caller/test-specific context,target plus same-repo callers that reference it,lib/matplotlib/axes/_base.py;lib/matplotlib/colorbar.py;lib/matplotlib/image.py;lib/matplotlib/pyplot.py;lib/matplotlib/tests/test_axes.py;lib/mpl_toolkits/mplot3d/axes3d.py;tutorials/intermediate/imshow_extent.py,_AxesBase.set_xlim;_AxesBase._set_view;_AxesBase._set_view_from_bbox;_AxesBase.axis;_AxesBase.cla;_AxesBase.drag_pan;_AxesBase.set_xbound;_AxesBase;ColorbarBase._config_axes;ColorbarBase;AxesImage.set_extent;AxesImage;xlim;shared_axis_remover._helper_x;shared_axis_remover;test_adjust_numtick_aspect;test_arc_angles;test_arrow_simple;test_axvspan_epoch;test_errorbar_limits;test_fill_between_interpolate_decreasing;test_hist_step;test_manage_xticks;test_mixed_collection;test_polar_coord_annotations;test_remove_shared_axes_relim;test_shared_axes_autoscale;test_stackplot;test_step_linestyle;test_tick_label_update;test_twin_spines;test_vertex_markers;test_vlines;test_zoom_inset;Axes3D.set_top_view;Axes3D.set_xlim3d;Axes3D;plot_imshow_with_labels
matplotlib__matplotlib-14623,matplotlib/matplotlib,lib/matplotlib/axes/_base.py,_AxesBase.set_xlim,import_dependency_bundle,1,1,1006,b7208eba4d1c88de,1.0,0.9472693032015066,1.1484018264840183,True,False,high,expected to preserve stable API/import context with limited semantic contamination,target plus local import context and resolved import-file front matter,lib/matplotlib/axes/_base.py,_AxesBase.set_xlim
matplotlib__matplotlib-14623,matplotlib/matplotlib,lib/matplotlib/axes/_base.py,_AxesBase.set_xlim,test_target_bundle,4,2,1067,b03afb7417440748,1.0,1.0,1.2180365296803652,False,True,medium,task-aligned variant for SWE-style repair; useful for output-drift and pass@1 non-degradation checks,target plus changed/FAIL_TO_PASS test functions,lib/matplotlib/axes/_base.py;lib/matplotlib/tests/test_axes.py,_AxesBase.set_xlim;test_get_labels;test_acorr;test_spy
matplotlib__matplotlib-14623,matplotlib/matplotlib,lib/matplotlib/axes/_base.py,_AxesBase.set_ylim,ast_function_only,1,1,899,13b8f38095a10c4e,1.0,0.8465160075329566,1.0,False,False,medium,baseline exact target span; useful when the patch-local symbol is self-contained,target function/method/class only,lib/matplotlib/axes/_base.py,_AxesBase.set_ylim
matplotlib__matplotlib-14623,matplotlib/matplotlib,lib/matplotlib/axes/_base.py,_AxesBase.set_ylim,call_neighborhood_1hop,9,3,1933,e5d7287d7b565fe6,1.0,1.0,2.150166852057842,False,False,high,expected to improve lossy precision when target behavior depends on local helpers or dispatch utilities,target plus statically resolved direct callees,lib/matplotlib/axes/_base.py;lib/matplotlib/backend_bases.py;lib/matplotlib/ticker.py,_AxesBase.set_ylim;_AxesBase._process_unit_info;_AxesBase._validate_converted_limits;_AxesBase.get_ylim;_AxesBase.get_yscale;FigureCanvasBase.draw_idle;Locator.nonsingular;LogLocator.nonsingular;LogitLocator.nonsingular
matplotlib__matplotlib-14623,matplotlib/matplotlib,lib/matplotlib/axes/_base.py,_AxesBase.set_ylim,reverse_callers_1hop,45,7,70263,a6ea95e267d76b78,1.0,1.0,78.15684093437153,False,True,diagnostic,diagnostic high-context variant; may increase semantic alignment but also raises drift risk from caller/test-specific context,target plus same-repo callers that reference it,lib/matplotlib/axes/_base.py;lib/matplotlib/colorbar.py;lib/matplotlib/image.py;lib/matplotlib/pyplot.py;lib/matplotlib/tests/test_axes.py;lib/mpl_toolkits/mplot3d/axes3d.py;tutorials/intermediate/imshow_extent.py,_AxesBase.set_ylim;_AxesBase._set_view;_AxesBase._set_view_from_bbox;_AxesBase.axis;_AxesBase.cla;_AxesBase.drag_pan;_AxesBase.set_ybound;_AxesBase;ColorbarBase._config_axes;ColorbarBase;AxesImage.set_extent;AxesImage;ylim;shared_axis_remover._helper_y;shared_axis_remover;test_adjust_numtick_aspect;test_arc_angles;test_arrow_simple;test_axhspan_epoch;test_boxplot;test_boxplot_autorange_whiskers;test_boxplot_sym2;test_boxplot_sym;test_boxplot_with_CIarray;test_fill_between_interpolate_decreasing;test_hist_step;test_hist_step_filled;test_hist_step_log_bottom;test_hlines;test_mixed_collection;test_polar_coord_annotations;test_polar_invertedylim;test_polar_invertedylim_rorigin;test_shared_axes_autoscale;test_stackplot;test_step_linestyle;test_symlog2;test_symlog;test_twin_spines;test_vertex_markers;test_zoom_inset;Axes3D.set_top_view;Axes3D.set_ylim3d;Axes3D;plot_imshow_with_labels
matplotlib__matplotlib-14623,matplotlib/matplotlib,lib/matplotlib/axes/_base.py,_AxesBase.set_ylim,import_dependency_bundle,1,1,1029,88fe00fa0826f4ae,1.0,0.9689265536723164,1.1446051167964404,True,False,high,expected to preserve stable API/import context with limited semantic contamination,target plus local import context and resolved import-file front matter,lib/matplotlib/axes/_base.py,_AxesBase.set_ylim
matplotlib__matplotlib-14623,matplotlib/matplotlib,lib/matplotlib/axes/_base.py,_AxesBase.set_ylim,test_target_bundle,4,2,1090,97015995bface175,1.0,1.0,1.2124582869855396,False,True,medium,task-aligned variant for SWE-style repair; useful for output-drift and pass@1 non-degradation checks,target plus changed/FAIL_TO_PASS test functions,lib/matplotlib/axes/_base.py;lib/matplotlib/tests/test_axes.py,_AxesBase.set_ylim;test_get_labels;test_acorr;test_spy
matplotlib__matplotlib-14623,matplotlib/matplotlib,lib/matplotlib/axes/_base.py,_AxesBase,ast_function_only,1,1,29090,e6544c89412f35c5,1.0,1.0,1.0,False,False,medium,baseline exact target span; useful when the patch-local symbol is self-contained,target function/method/class only,lib/matplotlib/axes/_base.py,_AxesBase
matplotlib__matplotlib-14623,matplotlib/matplotlib,lib/matplotlib/axes/_base.py,_AxesBase,call_neighborhood_1hop,209,19,66739,4bfd7671a8abd910,1.0,1.0,2.2942248195256103,False,True,high,expected to improve lossy precision when target behavior depends on local helpers or dispatch utilities,target plus statically resolved direct callees,lib/matplotlib/__init__.py;lib/matplotlib/artist.py;lib/matplotlib/axes/_base.py;lib/matplotlib/backend_bases.py;lib/matplotlib/category.py;lib/matplotlib/colorbar.py;lib/matplotlib/dates.py;lib/matplotlib/docstring.py;lib/matplotlib/gridspec.py;lib/matplotlib/image.py;lib/matplotlib/markers.py;lib/matplotlib/offsetbox.py;lib/matplotlib/pyplot.py;lib/matplotlib/table.py;lib/matplotlib/tests/test_axes.py;lib/matplotlib/ticker.py;lib/matplotlib/transforms.py;lib/mpl_toolkits/mplot3d/axes3d.py;versioneer.py,_AxesBase;RcParams.copy;Artist._get_clipping_extent_bbox;Artist.get_animated;Artist.get_clip_path;Artist.get_figure;Artist.get_in_layout;Artist.get_label;Artist.get_transform;Artist.get_visible;Artist.have_units;Artist.is_transform_set;Artist.remove;Artist.set_clip_box;Artist.set_clip_path;Artist.set_label;Artist.set_transform;Artist.set_visible;Artist.set_zorder;Artist.update;_AxesBase.__getstate__;_AxesBase.__init__;_AxesBase._gen_axes_patch;_AxesBase._gen_axes_spines;_AxesBase._get_axis_list;_AxesBase._init_axis;_AxesBase._make_twin_axes;_AxesBase._on_units_changed;_AxesBase._process_unit_info._process_single_axis;_AxesBase._process_unit_info;_AxesBase._set_artist_props;_AxesBase._set_lim_and_transforms;_AxesBase._set_position;_AxesBase._set_title_offset_trans;_AxesBase._update_image_limits;_AxesBase._update_line_limits;_AxesBase._update_patch_limits;_AxesBase._update_title_position;_AxesBase._update_transScale;_AxesBase._validate_converted_limits;_AxesBase.apply_aspect;_AxesBase.autoscale_view.handle_single_axis;_AxesBase.autoscale_view;_AxesBase.cla;_AxesBase.contains;_AxesBase.contains_point;_AxesBase.drag_pan.format_deltas;_AxesBase.draw;_AxesBase.format_xdata;_AxesBase.format_ydata;_AxesBase.get_anchor;_AxesBase.get_aspect;_AxesBase.get_autoscalex_on;_AxesBase.get_autoscaley_on;_AxesBase.get_axes_locator;_AxesBase.get_children;_AxesBase.get_data_ratio;_AxesBase.get_data_ratio_log;_AxesBase.get_default_bbox_extra_artists;_AxesBase.get_facecolor;_AxesBase.get_position;_AxesBase.get_shared_x_axes;_AxesBase.get_shared_y_axes;_AxesBase.get_tightbbox;_AxesBase.get_window_extent;_AxesBase.get_xaxis_transform;_AxesBase.get_xbound;_AxesBase.get_xlim;_AxesBase.get_xscale;_AxesBase.get_yaxis_transform;_AxesBase.get_ybound;_AxesBase.get_ylim;_AxesBase.get_yscale;_AxesBase.grid;_AxesBase.relim;_AxesBase.set_adjustable;_AxesBase.set_anchor;_AxesBase.set_aspect;_AxesBase.set_autoscale_on;_AxesBase.set_autoscalex_on;_AxesBase.set_autoscaley_on;_AxesBase.set_axes_locator;_AxesBase.set_axis_off;_AxesBase.set_axis_on;_AxesBase.set_axisbelow;_AxesBase.set_facecolor;_AxesBase.set_figure;_AxesBase.set_navigate;_AxesBase.set_navigate_mode;_AxesBase.set_position;_AxesBase.set_prop_cycle;_AxesBase.set_xbound;_AxesBase.set_xlim;_AxesBase.set_xmargin;_AxesBase.set_xscale;_AxesBase.set_ybound;_AxesBase.set_ylim;_AxesBase.set_ymargin;_AxesBase.set_yscale;_AxesBase.tick_params;_AxesBase.update_datalim;_AxesBase.xaxis_inverted;_AxesBase.yaxis_inverted;_process_plot_var_args.__getstate__;_process_plot_var_args.__init__;_process_plot_var_args.set_prop_cycle;_process_plot_var_args;FigureCanvasBase.draw_idle;FigureCanvasBase.is_saving;GraphicsContextBase.get_clip_path;GraphicsContextBase.set_clip_path;GraphicsContextBase.set_linewidth;NavigationToolbar2.update;RendererBase.close_group;RendererBase.open_group;RendererBase.start_rasterizing;RendererBase.stop_rasterizing;StrCategoryConverter.convert;Colorbar.remove;ColorbarBase.remove;ColorbarBase.set_label;ColorbarBase.set_ticklabels;ColorbarBase.set_ticks;DateConverter.convert;rrulewrapper.set;copy;GridSpec.update;AxesImage.get_extent;BboxImage.get_transform;FigureImage.get_extent;NonUniformImage.get_extent;_draw_list_compositing_images;MarkerStyle.get_path;MarkerStyle.get_transform;DrawingArea.set_transform;connect;Cell.set_transform;CustomCell.get_path;test_bxp_no_flier_stats.transform;test_bxp_with_xlabels.transform;test_bxp_with_ylabels.transform;AutoMinorLocator;EngFormatter.set_useMathText;FixedLocator.set_params;IndexLocator.set_params;LinearLocator.view_limits;Locator.nonsingular;Locator.set_params;Locator.view_limits;LogLocator.nonsingular;LogLocator;LogitLocator.nonsingular;MultipleLocator.view_limits;NullLocator;ScalarFormatter.set_powerlimits;ScalarFormatter.set_scientific;ScalarFormatter.set_useLocale;ScalarFormatter.set_useMathText;ScalarFormatter.set_useOffset;SymmetricalLogLocator;Affine2DBase.inverted;Affine2DBase.transform_point;AffineBase.transform_path;AffineBase.transform_path_affine;Bbox.from_bounds;Bbox.get_points;Bbox.ignore;Bbox.invalidate;Bbox.null;Bbox.set;Bbox.set_points;Bbox.unit;Bbox.update_from_data_xy;Bbox.update_from_path;Bbox;BboxBase.anchored;BboxBase.frozen;BboxBase.get_points;BboxBase.intersection;BboxBase.max;BboxBase.shrunk_to_aspect;BboxBase.transformed;BboxBase.translated;BboxBase.union;BboxTransformFrom;BboxTransformTo;BlendedAffine2D.contains_branch_seperately;BlendedGenericTransform.contains_branch_seperately;IdentityTransform.inverted;IdentityTransform.transform_path;IdentityTransform.transform_path_affine;IdentityTransform;ScaledTranslation;Transform.contains_branch_seperately;Transform.inverted;Transform.transform_path;Transform.transform_path_affine;Transform.transform_point;TransformNode.frozen;TransformNode.invalidate;TransformWrapper.frozen;TransformWrapper.set;TransformWrapper;TransformedBbox.get_points;TransformedBbox;TransformedPath.get_transformed_path_and_affine;blended_transform_factory;Axes3D.have_units;get_config_from_root.get
matplotlib__matplotlib-14623,matplotlib/matplotlib,lib/matplotlib/axes/_base.py,_AxesBase,reverse_callers_1hop,1,1,29090,e6544c89412f35c5,1.0,1.0,1.0,False,False,diagnostic,diagnostic high-context variant; may increase semantic alignment but also raises drift risk from caller/test-specific context,target plus same-repo callers that reference it,lib/matplotlib/axes/_base.py,_AxesBase
matplotlib__matplotlib-14623,matplotlib/matplotlib,lib/matplotlib/axes/_base.py,_AxesBase,import_dependency_bundle,1,1,29220,4063800a09ed738f,1.0,1.0,1.0044688896528016,True,False,high,expected to preserve stable API/import context with limited semantic contamination,target plus local import context and resolved import-file front matter,lib/matplotlib/axes/_base.py,_AxesBase
matplotlib__matplotlib-14623,matplotlib/matplotlib,lib/matplotlib/axes/_base.py,_AxesBase,test_target_bundle,4,2,29281,8fbfbd369f4610b7,1.0,1.0,1.0065658301821931,False,True,medium,task-aligned variant for SWE-style repair; useful for output-drift and pass@1 non-degradation checks,target plus changed/FAIL_TO_PASS test functions,lib/matplotlib/axes/_base.py;lib/matplotlib/tests/test_axes.py,_AxesBase;test_get_labels;test_acorr;test_spy
matplotlib__matplotlib-14623,matplotlib/matplotlib,lib/matplotlib/ticker.py,Locator.nonsingular,ast_function_only,1,1,46,cfd45e2418bdb652,1.0,0.0423963133640553,1.0,False,False,medium,baseline exact target span; useful when the patch-local symbol is self-contained,target function/method/class only,lib/matplotlib/ticker.py,Locator.nonsingular
matplotlib__matplotlib-14623,matplotlib/matplotlib,lib/matplotlib/ticker.py,Locator.nonsingular,call_neighborhood_1hop,3,1,426,de9f549b132a2b33,1.0,0.39262672811059907,9.26086956521739,False,False,high,expected to improve lossy precision when target behavior depends on local helpers or dispatch utilities,target plus statically resolved direct callees,lib/matplotlib/ticker.py,Locator.nonsingular;LogLocator.nonsingular;LogitLocator.nonsingular
matplotlib__matplotlib-14623,matplotlib/matplotlib,lib/matplotlib/ticker.py,Locator.nonsingular,reverse_callers_1hop,35,4,73541,69f670da2fe1fd5f,1.0,1.0,1598.7173913043478,False,False,diagnostic,diagnostic high-context variant; may increase semantic alignment but also raises drift risk from caller/test-specific context,target plus same-repo callers that reference it,lib/matplotlib/axes/_base.py;lib/matplotlib/colorbar.py;lib/matplotlib/ticker.py;lib/mpl_toolkits/mplot3d/axes3d.py,Locator.nonsingular;_AxesBase.autoscale_view.handle_single_axis;_AxesBase.autoscale_view;_AxesBase.set_xlim;_AxesBase.set_ylim;_AxesBase;ColorbarBase._process_values;ColorbarBase;LinearLocator.tick_values;LinearLocator.view_limits;LinearLocator;Locator.pan;Locator.view_limits;Locator.zoom;Locator;LogFormatter.__call__;LogFormatter;LogLocator.view_limits;LogLocator;LogitLocator.tick_values;LogitLocator;MaxNLocator.tick_values;MaxNLocator.view_limits;MaxNLocator;MultipleLocator.view_limits;MultipleLocator;OldAutoLocator.refresh;OldAutoLocator;SymmetricalLogLocator.view_limits;SymmetricalLogLocator;Axes3D.autoscale_view;Axes3D.set_xlim3d;Axes3D.set_ylim3d;Axes3D.set_zlim3d;Axes3D
matplotlib__matplotlib-14623,matplotlib/matplotlib,lib/matplotlib/ticker.py,Locator.nonsingular,import_dependency_bundle,1,1,72,9888bc263fdf3668,1.0,0.0663594470046083,1.565217391304348,True,False,high,expected to preserve stable API/import context with limited semantic contamination,target plus local import context and resolved import-file front matter,lib/matplotlib/ticker.py,Locator.nonsingular
matplotlib__matplotlib-14623,matplotlib/matplotlib,lib/matplotlib/ticker.py,Locator.nonsingular,test_target_bundle,4,2,237,f5fb9153c383d7a2,1.0,0.2184331797235023,5.1521739130434785,False,True,medium,task-aligned variant for SWE-style repair; useful for output-drift and pass@1 non-degradation checks,target plus changed/FAIL_TO_PASS test functions,lib/matplotlib/tests/test_axes.py;lib/matplotlib/ticker.py,Locator.nonsingular;test_get_labels;test_acorr;test_spy
matplotlib__matplotlib-14623,matplotlib/matplotlib,lib/matplotlib/ticker.py,Locator,ast_function_only,1,1,768,298651b1fa8d3982,1.0,0.7078341013824885,1.0,False,False,medium,baseline exact target span; useful when the patch-local symbol is self-contained,target function/method/class only,lib/matplotlib/ticker.py,Locator
matplotlib__matplotlib-14623,matplotlib/matplotlib,lib/matplotlib/ticker.py,Locator,call_neighborhood_1hop,14,1,1916,8638775b8b25483b,1.0,1.0,2.4947916666666665,False,False,high,expected to improve lossy precision when target behavior depends on local helpers or dispatch utilities,target plus statically resolved direct callees,lib/matplotlib/ticker.py,Locator;LinearLocator.view_limits;Locator.nonsingular;Locator.view_limits;LogLocator.nonsingular;LogLocator.view_limits;LogitLocator.nonsingular;MaxNLocator.view_limits;MultipleLocator.view_limits;OldAutoLocator.view_limits;SymmetricalLogLocator.view_limits;TickHelper.set_view_interval;_DummyAxis.get_view_interval;_DummyAxis.set_view_interval
matplotlib__matplotlib-14623,matplotlib/matplotlib,lib/matplotlib/ticker.py,Locator,reverse_callers_1hop,1,1,768,298651b1fa8d3982,1.0,0.7078341013824885,1.0,False,False,diagnostic,diagnostic high-context variant; may increase semantic alignment but also raises drift risk from caller/test-specific context,target plus same-repo callers that reference it,lib/matplotlib/ticker.py,Locator
matplotlib__matplotlib-14623,matplotlib/matplotlib,lib/matplotlib/ticker.py,Locator,import_dependency_bundle,1,1,794,0adbec6a0d8471c5,1.0,0.7317972350230415,1.0338541666666667,True,False,high,expected to preserve stable API/import context with limited semantic contamination,target plus local import context and resolved import-file front matter,lib/matplotlib/ticker.py,Locator
matplotlib__matplotlib-14623,matplotlib/matplotlib,lib/matplotlib/ticker.py,Locator,test_target_bundle,4,2,959,797fb9f8e4e1568a,1.0,0.8838709677419355,1.2486979166666667,False,True,medium,task-aligned variant for SWE-style repair; useful for output-drift and pass@1 non-degradation checks,target plus changed/FAIL_TO_PASS test functions,lib/matplotlib/tests/test_axes.py;lib/matplotlib/ticker.py,Locator;test_get_labels;test_acorr;test_spy
matplotlib__matplotlib-14623,matplotlib/matplotlib,lib/mpl_toolkits/mplot3d/axes3d.py,Axes3D.set_xlim3d,ast_function_only,1,1,453,7890ae2b972353d1,1.0,0.4575757575757576,1.0,False,False,medium,baseline exact target span; useful when the patch-local symbol is self-contained,target function/method/class only,lib/mpl_toolkits/mplot3d/axes3d.py,Axes3D.set_xlim3d
matplotlib__matplotlib-14623,matplotlib/matplotlib,lib/mpl_toolkits/mplot3d/axes3d.py,Axes3D.set_xlim3d,call_neighborhood_1hop,9,4,2270,629ef8aea6389485,1.0,1.0,5.011037527593819,False,False,high,expected to improve lossy precision when target behavior depends on local helpers or dispatch utilities,target plus statically resolved direct callees,lib/matplotlib/axes/_base.py;lib/matplotlib/backend_bases.py;lib/matplotlib/ticker.py;lib/mpl_toolkits/mplot3d/axes3d.py,Axes3D.set_xlim3d;_AxesBase._validate_converted_limits;_AxesBase.get_xlim;_AxesBase.set_xlim;FigureCanvasBase.draw_idle;Locator.nonsingular;LogLocator.nonsingular;LogitLocator.nonsingular;Axes3D._process_unit_info
matplotlib__matplotlib-14623,matplotlib/matplotlib,lib/mpl_toolkits/mplot3d/axes3d.py,Axes3D.set_xlim3d,reverse_callers_1hop,3,1,22471,fe04eeb8e9877c82,1.0,1.0,49.60485651214128,False,False,diagnostic,diagnostic high-context variant; may increase semantic alignment but also raises drift risk from caller/test-specific context,target plus same-repo callers that reference it,lib/mpl_toolkits/mplot3d/axes3d.py,Axes3D.set_xlim3d;Axes3D._on_move;Axes3D
matplotlib__matplotlib-14623,matplotlib/matplotlib,lib/mpl_toolkits/mplot3d/axes3d.py,Axes3D.set_xlim3d,import_dependency_bundle,1,1,561,d2ce766c8bc06bab,1.0,0.5666666666666667,1.2384105960264902,True,False,high,expected to preserve stable API/import context with limited semantic contamination,target plus local import context and resolved import-file front matter,lib/mpl_toolkits/mplot3d/axes3d.py,Axes3D.set_xlim3d
matplotlib__matplotlib-14623,matplotlib/matplotlib,lib/mpl_toolkits/mplot3d/axes3d.py,Axes3D.set_xlim3d,test_target_bundle,4,2,644,ead699a5efaa9bb9,1.0,0.6505050505050505,1.4216335540838851,False,True,medium,task-aligned variant for SWE-style repair; useful for output-drift and pass@1 non-degradation checks,target plus changed/FAIL_TO_PASS test functions,lib/matplotlib/tests/test_axes.py;lib/mpl_toolkits/mplot3d/axes3d.py,Axes3D.set_xlim3d;test_get_labels;test_acorr;test_spy
matplotlib__matplotlib-14623,matplotlib/matplotlib,lib/mpl_toolkits/mplot3d/axes3d.py,Axes3D.set_ylim3d,ast_function_only,1,1,456,af41a94d3b4cc8da,1.0,0.46060606060606063,1.0,False,False,medium,baseline exact target span; useful when the patch-local symbol is self-contained,target function/method/class only,lib/mpl_toolkits/mplot3d/axes3d.py,Axes3D.set_ylim3d
matplotlib__matplotlib-14623,matplotlib/matplotlib,lib/mpl_toolkits/mplot3d/axes3d.py,Axes3D.set_ylim3d,call_neighborhood_1hop,9,4,2296,3b8b3b147342901c,1.0,1.0,5.035087719298246,False,False,high,expected to improve lossy precision when target behavior depends on local helpers or dispatch utilities,target plus statically resolved direct callees,lib/matplotlib/axes/_base.py;lib/matplotlib/backend_bases.py;lib/matplotlib/ticker.py;lib/mpl_toolkits/mplot3d/axes3d.py,Axes3D.set_ylim3d;_AxesBase._validate_converted_limits;_AxesBase.get_ylim;_AxesBase.set_ylim;FigureCanvasBase.draw_idle;Locator.nonsingular;LogLocator.nonsingular;LogitLocator.nonsingular;Axes3D._process_unit_info
matplotlib__matplotlib-14623,matplotlib/matplotlib,lib/mpl_toolkits/mplot3d/axes3d.py,Axes3D.set_ylim3d,reverse_callers_1hop,3,1,22474,b8fc693bee96b69a,1.0,1.0,49.28508771929825,False,False,diagnostic,diagnostic high-context variant; may increase semantic alignment but also raises drift risk from caller/test-specific context,target plus same-repo callers that reference it,lib/mpl_toolkits/mplot3d/axes3d.py,Axes3D.set_ylim3d;Axes3D._on_move;Axes3D
matplotlib__matplotlib-14623,matplotlib/matplotlib,lib/mpl_toolkits/mplot3d/axes3d.py,Axes3D.set_ylim3d,import_dependency_bundle,1,1,564,b1ef7a5bea006828,1.0,0.5696969696969697,1.236842105263158,True,False,high,expected to preserve stable API/import context with limited semantic contamination,target plus local import context and resolved import-file front matter,lib/mpl_toolkits/mplot3d/axes3d.py,Axes3D.set_ylim3d
matplotlib__matplotlib-14623,matplotlib/matplotlib,lib/mpl_toolkits/mplot3d/axes3d.py,Axes3D.set_ylim3d,test_target_bundle,4,2,647,4735bfb30ad62881,1.0,0.6535353535353535,1.418859649122807,False,True,medium,task-aligned variant for SWE-style repair; useful for output-drift and pass@1 non-degradation checks,target plus changed/FAIL_TO_PASS test functions,lib/matplotlib/tests/test_axes.py;lib/mpl_toolkits/mplot3d/axes3d.py,Axes3D.set_ylim3d;test_get_labels;test_acorr;test_spy
matplotlib__matplotlib-14623,matplotlib/matplotlib,lib/mpl_toolkits/mplot3d/axes3d.py,Axes3D.set_zlim3d,ast_function_only,1,1,455,4c7f320d766e134d,1.0,0.4595959595959596,1.0,False,False,medium,baseline exact target span; useful when the patch-local symbol is self-contained,target function/method/class only,lib/mpl_toolkits/mplot3d/axes3d.py,Axes3D.set_zlim3d
matplotlib__matplotlib-14623,matplotlib/matplotlib,lib/mpl_toolkits/mplot3d/axes3d.py,Axes3D.set_zlim3d,call_neighborhood_1hop,7,4,1291,c629658c86965480,1.0,1.0,2.8373626373626375,False,False,high,expected to improve lossy precision when target behavior depends on local helpers or dispatch utilities,target plus statically resolved direct callees,lib/matplotlib/axes/_base.py;lib/matplotlib/backend_bases.py;lib/matplotlib/ticker.py;lib/mpl_toolkits/mplot3d/axes3d.py,Axes3D.set_zlim3d;_AxesBase._validate_converted_limits;FigureCanvasBase.draw_idle;Locator.nonsingular;LogLocator.nonsingular;LogitLocator.nonsingular;Axes3D._process_unit_info
matplotlib__matplotlib-14623,matplotlib/matplotlib,lib/mpl_toolkits/mplot3d/axes3d.py,Axes3D.set_zlim3d,reverse_callers_1hop,3,1,22473,48931ca5edfe62d7,1.0,1.0,49.39120879120879,False,False,diagnostic,diagnostic high-context variant; may increase semantic alignment but also raises drift risk from caller/test-specific context,target plus same-repo callers that reference it,lib/mpl_toolkits/mplot3d/axes3d.py,Axes3D.set_zlim3d;Axes3D._on_move;Axes3D
matplotlib__matplotlib-14623,matplotlib/matplotlib,lib/mpl_toolkits/mplot3d/axes3d.py,Axes3D.set_zlim3d,import_dependency_bundle,1,1,563,1d0dd0bc4dafc047,1.0,0.5686868686868687,1.2373626373626374,True,False,high,expected to preserve stable API/import context with limited semantic contamination,target plus local import context and resolved import-file front matter,lib/mpl_toolkits/mplot3d/axes3d.py,Axes3D.set_zlim3d
matplotlib__matplotlib-14623,matplotlib/matplotlib,lib/mpl_toolkits/mplot3d/axes3d.py,Axes3D.set_zlim3d,test_target_bundle,4,2,646,e4d98a1ed1e2e4fb,1.0,0.6525252525252525,1.4197802197802198,False,True,medium,task-aligned variant for SWE-style repair; useful for output-drift and pass@1 non-degradation checks,target plus changed/FAIL_TO_PASS test functions,lib/matplotlib/tests/test_axes.py;lib/mpl_toolkits/mplot3d/axes3d.py,Axes3D.set_zlim3d;test_get_labels;test_acorr;test_spy
matplotlib__matplotlib-20488,matplotlib/matplotlib,lib/matplotlib/image.py,_ImageBase._make_image,ast_function_only,1,1,2542,b0c3f22efcb5f0c5,1.0,1.0,1.0,False,False,medium,baseline exact target span; useful when the patch-local symbol is self-contained,target function/method/class only,lib/matplotlib/image.py,_ImageBase._make_image
matplotlib__matplotlib-20488,matplotlib/matplotlib,lib/matplotlib/image.py,_ImageBase._make_image,call_neighborhood_1hop,24,7,6467,b3151822efca4648,1.0,1.0,2.544059795436664,False,False,high,expected to improve lossy precision when target behavior depends on local helpers or dispatch utilities,target plus statically resolved direct callees,lib/matplotlib/artist.py;lib/matplotlib/backend_bases.py;lib/matplotlib/image.py;lib/matplotlib/markers.py;lib/matplotlib/offsetbox.py;lib/matplotlib/table.py;lib/matplotlib/transforms.py,_ImageBase._make_image;Artist.get_alpha;Artist.get_transform;GraphicsContextBase.get_alpha;_ImageBase._get_scalar_alpha;_resample;_rgb_to_rgba;MarkerStyle.get_transform;DrawingArea.get_transform;Table.scale;Affine2D.scale;Affine2D.translate;Affine2D;Affine2DBase.inverted;Bbox.frozen;BboxBase.frozen;BboxBase.intersection;BboxBase.max;BboxBase.min;IdentityTransform.inverted;IdentityTransform;Transform.inverted;TransformNode.frozen;TransformedBbox
matplotlib__matplotlib-20488,matplotlib/matplotlib,lib/matplotlib/image.py,_ImageBase._make_image,reverse_callers_1hop,7,1,5269,f08acba959f3b908,1.0,1.0,2.0727773406766326,False,False,diagnostic,diagnostic high-context variant; may increase semantic alignment but also raises drift risk from caller/test-specific context,target plus same-repo callers that reference it,lib/matplotlib/image.py,_ImageBase._make_image;AxesImage.make_image;AxesImage;BboxImage.make_image;BboxImage;FigureImage.make_image;FigureImage
matplotlib__matplotlib-20488,matplotlib/matplotlib,lib/matplotlib/image.py,_ImageBase._make_image,import_dependency_bundle,1,1,2630,38cd13f4992970e1,1.0,1.0,1.034618410700236,True,False,high,expected to preserve stable API/import context with limited semantic contamination,target plus local import context and resolved import-file front matter,lib/matplotlib/image.py,_ImageBase._make_image
matplotlib__matplotlib-20488,matplotlib/matplotlib,lib/matplotlib/image.py,_ImageBase._make_image,test_target_bundle,4,2,3002,3707a1e5e6836b95,1.0,1.0,1.1809598741148701,False,True,medium,task-aligned variant for SWE-style repair; useful for output-drift and pass@1 non-degradation checks,target plus changed/FAIL_TO_PASS test functions,lib/matplotlib/image.py;lib/matplotlib/tests/test_image.py,_ImageBase._make_image;test_image_interps;test_alpha_interp;test_interp_nearest_vs_none
matplotlib__matplotlib-20488,matplotlib/matplotlib,lib/matplotlib/image.py,_ImageBase,ast_function_only,1,1,5153,7d1240ab181dfe9e,1.0,1.0,1.0,False,False,medium,baseline exact target span; useful when the patch-local symbol is self-contained,target function/method/class only,lib/matplotlib/image.py,_ImageBase
matplotlib__matplotlib-20488,matplotlib/matplotlib,lib/matplotlib/image.py,_ImageBase,call_neighborhood_1hop,81,10,16850,6280bb04c9903a18,1.0,1.0,3.2699398408693963,False,False,high,expected to improve lossy precision when target behavior depends on local helpers or dispatch utilities,target plus statically resolved direct callees,lib/matplotlib/artist.py;lib/matplotlib/backend_bases.py;lib/matplotlib/gridspec.py;lib/matplotlib/image.py;lib/matplotlib/markers.py;lib/matplotlib/offsetbox.py;lib/matplotlib/table.py;lib/matplotlib/transforms.py;lib/matplotlib/type1font.py;tutorials/advanced/blitting.py,_ImageBase;Artist._default_contains;Artist._set_alpha_for_array;Artist._set_gc_clip;Artist.get_alpha;Artist.get_gid;Artist.get_transform;Artist.get_url;Artist.get_visible;Artist.set_gid;Artist.set_url;Artist.update;GraphicsContextBase.get_alpha;GraphicsContextBase.get_gid;GraphicsContextBase.get_url;GraphicsContextBase.restore;GraphicsContextBase.set_gid;GraphicsContextBase.set_url;RendererBase.draw_image;RendererBase.get_image_magnification;RendererBase.new_gc;RendererBase.option_scale_image;GridSpec.update;AxesImage.__init__;AxesImage._check_unsampled_image;AxesImage.get_extent;AxesImage.make_image;BboxImage.__init__;BboxImage.make_image;FigureImage.__init__;FigureImage.get_extent;FigureImage.make_image;FigureImage.set_data;NonUniformImage.__init__;NonUniformImage._check_unsampled_image;NonUniformImage.get_extent;NonUniformImage.make_image;NonUniformImage.set_data;NonUniformImage.set_filternorm;NonUniformImage.set_filterrad;NonUniformImage.set_interpolation;PcolorImage.__init__;PcolorImage._check_unsampled_image;PcolorImage.make_image;PcolorImage.set_data;_ImageBase.__getstate__;_ImageBase.__init__;_ImageBase._check_unsampled_image;_ImageBase._get_scalar_alpha;_ImageBase.changed;_ImageBase.make_image;_ImageBase.set_alpha;_ImageBase.set_data;_ImageBase.set_filternorm;_ImageBase.set_filterrad;_ImageBase.set_interpolation;_ImageBase.set_resample;_resample;_rgb_to_rgba;pil_to_array;MarkerStyle.get_transform;DrawingArea.get_transform;Table.scale;Affine2D.scale;Affine2D.translate;Affine2D;Affine2DBase.inverted;AffineBase.transform;Bbox.frozen;BboxBase.frozen;BboxBase.intersection;BboxBase.max;BboxBase.min;IdentityTransform.inverted;IdentityTransform;Transform.inverted;Transform.transform;TransformNode.frozen;TransformedBbox;Type1Font.transform;BlitManager.update
matplotlib__matplotlib-20488,matplotlib/matplotlib,lib/matplotlib/image.py,_ImageBase,reverse_callers_1hop,1,1,5153,7d1240ab181dfe9e,1.0,1.0,1.0,False,False,diagnostic,diagnostic high-context variant; may increase semantic alignment but also raises drift risk from caller/test-specific context,target plus same-repo callers that reference it,lib/matplotlib/image.py,_ImageBase
matplotlib__matplotlib-20488,matplotlib/matplotlib,lib/matplotlib/image.py,_ImageBase,import_dependency_bundle,1,1,5241,3894a60da44b2ba0,1.0,1.0,1.017077430622938,True,False,high,expected to preserve stable API/import context with limited semantic contamination,target plus local import context and resolved import-file front matter,lib/matplotlib/image.py,_ImageBase
matplotlib__matplotlib-20488,matplotlib/matplotlib,lib/matplotlib/image.py,_ImageBase,test_target_bundle,4,2,5613,3040130e7e759032,1.0,1.0,1.0892683873471765,False,True,medium,task-aligned variant for SWE-style repair; useful for output-drift and pass@1 non-degradation checks,target plus changed/FAIL_TO_PASS test functions,lib/matplotlib/image.py;lib/matplotlib/tests/test_image.py,_ImageBase;test_image_interps;test_alpha_interp;test_interp_nearest_vs_none
matplotlib__matplotlib-20676,matplotlib/matplotlib,lib/matplotlib/widgets.py,SpanSelector._setup_edge_handle,ast_function_only,1,1,56,6f941df26a04b669,1.0,0.05104831358249772,1.0,False,False,medium,baseline exact target span; useful when the patch-local symbol is self-contained,target function/method/class only,lib/matplotlib/widgets.py,SpanSelector._setup_edge_handle
matplotlib__matplotlib-20676,matplotlib/matplotlib,lib/matplotlib/widgets.py,SpanSelector._setup_edge_handle,call_neighborhood_1hop,2,1,750,4d996fc999b68a5b,1.0,0.6836827711941659,13.392857142857142,False,False,high,expected to improve lossy precision when target behavior depends on local helpers or dispatch utilities,target plus statically resolved direct callees,lib/matplotlib/widgets.py,SpanSelector._setup_edge_handle;ToolLineHandles
matplotlib__matplotlib-20676,matplotlib/matplotlib,lib/matplotlib/widgets.py,SpanSelector._setup_edge_handle,reverse_callers_1hop,4,1,2832,b20f3979427c0463,1.0,1.0,50.57142857142857,False,False,diagnostic,diagnostic high-context variant; may increase semantic alignment but also raises drift risk from caller/test-specific context,target plus same-repo callers that reference it,lib/matplotlib/widgets.py,SpanSelector._setup_edge_handle;SpanSelector.__init__;SpanSelector.direction;SpanSelector
matplotlib__matplotlib-20676,matplotlib/matplotlib,lib/matplotlib/widgets.py,SpanSelector._setup_edge_handle,import_dependency_bundle,1,1,100,a564a94083f39daf,1.0,0.09115770282588878,1.7857142857142858,True,False,high,expected to preserve stable API/import context with limited semantic contamination,target plus local import context and resolved import-file front matter,lib/matplotlib/widgets.py,SpanSelector._setup_edge_handle
matplotlib__matplotlib-20676,matplotlib/matplotlib,lib/matplotlib/widgets.py,SpanSelector._setup_edge_handle,test_target_bundle,4,2,1109,77eb410b134ef0b0,1.0,1.0,19.803571428571427,False,True,medium,task-aligned variant for SWE-style repair; useful for output-drift and pass@1 non-degradation checks,target plus changed/FAIL_TO_PASS test functions,lib/matplotlib/tests/test_widgets.py;lib/matplotlib/widgets.py,SpanSelector._setup_edge_handle;test_rectangle_selector;test_rectangle_drag;test_ellipse
matplotlib__matplotlib-20676,matplotlib/matplotlib,lib/matplotlib/widgets.py,SpanSelector,ast_function_only,1,1,2353,57457519e03116b3,1.0,1.0,1.0,False,False,medium,baseline exact target span; useful when the patch-local symbol is self-contained,target function/method/class only,lib/matplotlib/widgets.py,SpanSelector
matplotlib__matplotlib-20676,matplotlib/matplotlib,lib/matplotlib/widgets.py,SpanSelector,call_neighborhood_1hop,53,7,13890,f858006db2ef4f34,1.0,1.0,5.903102422439439,False,True,high,expected to improve lossy precision when target behavior depends on local helpers or dispatch utilities,target plus statically resolved direct callees,lib/matplotlib/artist.py;lib/matplotlib/image.py;lib/matplotlib/offsetbox.py;lib/matplotlib/pyplot.py;lib/matplotlib/table.py;lib/matplotlib/tests/test_widgets.py;lib/matplotlib/widgets.py,SpanSelector;Artist.get_visible;BboxImage.contains;_ImageBase.contains;OffsetBox.set_height;OffsetBox.set_width;get;Table.contains;check_rectangle.onselect;test_ellipse.onselect;test_rectangle_drag.onselect;AxesWidget.__init__;AxesWidget.disconnect_events;Button.__init__;CheckButtons.__init__;Cursor.__init__;EllipseSelector._draw_shape;Lasso.__init__;LassoSelector.__init__;LockDraw.__init__;MultiCursor.__init__;PolygonSelector.__init__;RadioButtons.__init__;RangeSlider.__init__;RectangleSelector.__init__;RectangleSelector._contains;RectangleSelector._draw_shape;RectangleSelector._set_active_handle;Slider.__init__;SliderBase.__init__;SpanSelector.__init__;SpanSelector._contains;SpanSelector._draw_shape;SpanSelector._set_active_handle;SpanSelector._setup_edge_handle;SpanSelector.new_axes;SubplotTool.__init__;TextBox.__init__;ToolHandles.__init__;ToolHandles.closest;ToolHandles.set_data;ToolHandles.set_visible;ToolLineHandles.__init__;ToolLineHandles.closest;ToolLineHandles.remove;ToolLineHandles.set_data;ToolLineHandles.set_visible;ToolLineHandles;_SelectorWidget.__init__;_SelectorWidget._get_data;_SelectorWidget.connect_default_events;_SelectorWidget.set_visible;_SelectorWidget.update
matplotlib__matplotlib-20676,matplotlib/matplotlib,lib/matplotlib/widgets.py,SpanSelector,reverse_callers_1hop,4,2,2988,fc7aef07657ba798,1.0,1.0,1.2698682532936676,False,True,diagnostic,diagnostic high-context variant; may increase semantic alignment but also raises drift risk from caller/test-specific context,target plus same-repo callers that reference it,lib/matplotlib/tests/test_widgets.py;lib/matplotlib/widgets.py,SpanSelector;check_span;test_span_selector_direction;test_span_selector_drag
matplotlib__matplotlib-20676,matplotlib/matplotlib,lib/matplotlib/widgets.py,SpanSelector,import_dependency_bundle,1,1,2397,c20fffc095f93b3b,1.0,1.0,1.0186995325116872,True,False,high,expected to preserve stable API/import context with limited semantic contamination,target plus local import context and resolved import-file front matter,lib/matplotlib/widgets.py,SpanSelector
matplotlib__matplotlib-20676,matplotlib/matplotlib,lib/matplotlib/widgets.py,SpanSelector,test_target_bundle,4,2,3406,209203cca24cb5bc,1.0,1.0,1.4475138121546962,False,True,medium,task-aligned variant for SWE-style repair; useful for output-drift and pass@1 non-degradation checks,target plus changed/FAIL_TO_PASS test functions,lib/matplotlib/tests/test_widgets.py;lib/matplotlib/widgets.py,SpanSelector;test_rectangle_selector;test_rectangle_drag;test_ellipse
matplotlib__matplotlib-20826,matplotlib/matplotlib,lib/matplotlib/axis.py,Axis.clear,ast_function_only,1,1,131,7c9cef090af6b464,1.0,0.1291913214990138,1.0,False,False,medium,baseline exact target span; useful when the patch-local symbol is self-contained,target function/method/class only,lib/matplotlib/axis.py,Axis.clear
matplotlib__matplotlib-20826,matplotlib/matplotlib,lib/matplotlib/axis.py,Axis.clear,call_neighborhood_1hop,7,2,596,7b00ddd6d034c8dc,1.0,0.5877712031558185,4.549618320610687,False,False,high,expected to improve lossy precision when target behavior depends on local helpers or dispatch utilities,target plus statically resolved direct callees,lib/matplotlib/axis.py;lib/matplotlib/offsetbox.py,Axis.clear;Axis._reset_major_tick_kw;Axis._reset_minor_tick_kw;Axis._set_scale;Axis.reset_ticks;Axis.set_units;TextArea.set_text
matplotlib__matplotlib-20826,matplotlib/matplotlib,lib/matplotlib/axis.py,Axis.clear,reverse_callers_1hop,25,8,22982,eb5107cbeba53020,1.0,1.0,175.4351145038168,False,True,diagnostic,diagnostic high-context variant; may increase semantic alignment but also raises drift risk from caller/test-specific context,target plus same-repo callers that reference it,lib/matplotlib/__init__.py;lib/matplotlib/axis.py;lib/matplotlib/backend_bases.py;lib/matplotlib/offsetbox.py;lib/matplotlib/pyplot.py;lib/matplotlib/tests/test_axes.py;lib/matplotlib/textpath.py;lib/matplotlib/ticker.py,Axis.clear;rcdefaults;Axis.__init__;Axis._reset_major_tick_kw;Axis._reset_minor_tick_kw;Axis.cla;Axis;NavigationToolbar2.update;NavigationToolbar2;AuxTransformBox.get_extent;AuxTransformBox.set_offset;AuxTransformBox;DrawingArea.draw;DrawingArea.set_offset;DrawingArea;TextArea.get_extent;TextArea.set_offset;TextArea;figure;test_reset_grid;TextToPath.get_glyphs_mathtext;TextToPath.get_glyphs_tex;TextToPath;LogitFormatter.set_locs;LogitFormatter
matplotlib__matplotlib-20826,matplotlib/matplotlib,lib/matplotlib/axis.py,Axis.clear,import_dependency_bundle,1,1,197,4780f35c93c2c680,1.0,0.1942800788954635,1.5038167938931297,True,False,high,expected to preserve stable API/import context with limited semantic contamination,target plus local import context and resolved import-file front matter,lib/matplotlib/axis.py,Axis.clear
matplotlib__matplotlib-20826,matplotlib/matplotlib,lib/matplotlib/axis.py,Axis.clear,test_target_bundle,4,2,627,d3ff0d3962afc892,1.0,0.6183431952662722,4.786259541984733,False,True,medium,task-aligned variant for SWE-style repair; useful for output-drift and pass@1 non-degradation checks,target plus changed/FAIL_TO_PASS test functions,lib/matplotlib/axis.py;lib/matplotlib/tests/test_axes.py,Axis.clear;test_get_labels;test_label_loc_vertical;test_label_loc_horizontal
matplotlib__matplotlib-20826,matplotlib/matplotlib,lib/matplotlib/axis.py,Axis,ast_function_only,1,1,10033,9ddf9a7dd04229d3,1.0,1.0,1.0,False,False,medium,baseline exact target span; useful when the patch-local symbol is self-contained,target function/method/class only,lib/matplotlib/axis.py,Axis
matplotlib__matplotlib-20826,matplotlib/matplotlib,lib/matplotlib/axis.py,Axis,call_neighborhood_1hop,136,15,25080,a9e454693297b972,1.0,1.0,2.4997508222864546,False,True,high,expected to improve lossy precision when target behavior depends on local helpers or dispatch utilities,target plus statically resolved direct callees,lib/matplotlib/artist.py;lib/matplotlib/axis.py;lib/matplotlib/backend_bases.py;lib/matplotlib/backend_tools.py;lib/matplotlib/dates.py;lib/matplotlib/gridspec.py;lib/matplotlib/image.py;lib/matplotlib/offsetbox.py;lib/matplotlib/pyplot.py;lib/matplotlib/table.py;lib/matplotlib/tests/test_axes.py;lib/matplotlib/ticker.py;lib/matplotlib/transforms.py;lib/matplotlib/type1font.py;tutorials/advanced/blitting.py,Axis;Artist.get_gid;Artist.get_visible;Artist.set_transform;Artist.set_visible;Artist.update;Artist.update_from;Axis.__init__;Axis._copy_tick_props;Axis._get_tick;Axis._get_tick_bboxes;Axis._reset_major_tick_kw;Axis._reset_minor_tick_kw;Axis._set_artist_props;Axis._set_formatter;Axis._set_scale;Axis._set_tick_locations;Axis._translate_tick_kw;Axis._update_axisinfo;Axis._update_label_position;Axis._update_offset_text_position;Axis._update_ticks;Axis.clear;Axis.convert_units;Axis.draw;Axis.get_major_locator;Axis.get_major_ticks;Axis.get_majorticklabels;Axis.get_majorticklines;Axis.get_majorticklocs;Axis.get_minor_locator;Axis.get_minor_ticks;Axis.get_minorticklabels;Axis.get_minorticklines;Axis.get_minorticklocs;Axis.get_minpos;Axis.get_tick_padding;Axis.get_transform;Axis.get_view_interval;Axis.limit_range_for_scale;Axis.reset_ticks;Axis.set_clip_path;Axis.set_default_intervals;Axis.set_label_text;Axis.set_major_formatter;Axis.set_major_locator;Axis.set_minor_formatter;Axis.set_minor_locator;Axis.set_tick_params;Axis.set_ticklabels;Axis.set_units;Axis.set_view_interval;Axis.update_units;Tick.__init__;Tick._apply_params;Tick._set_artist_props;Tick.draw;Tick.get_loc;Tick.get_tick_padding;Tick.get_view_interval;Tick.set_clip_path;Tick.set_label1;Tick.set_label2;Tick.update_position;Ticker.__init__;Ticker.formatter;Ticker.formatter;Ticker.locator;Ticker.locator;Ticker;XAxis.__init__;XAxis._get_tick;XAxis._update_label_position;XAxis._update_offset_text_position;XAxis.get_minpos;XAxis.set_default_intervals;XTick.__init__;XTick.get_view_interval;XTick.update_position;YAxis.__init__;YAxis._get_tick;YAxis._update_label_position;YAxis._update_offset_text_position;YAxis.get_minpos;YAxis.set_default_intervals;YTick.__init__;YTick.get_view_interval;YTick.update_position;_LazyTickList.__init__;_LazyTickList;GraphicsContextBase.get_gid;RendererBase.close_group;RendererBase.open_group;SetCursorBase.set_figure;ToolCursorPosition.set_figure;ToolToggleBase.set_figure;AutoDateFormatter._set_locator;ConciseDateConverter.axisinfo;ConciseDateFormatter.format_ticks;ConciseDateFormatter.get_offset;DateConverter.axisinfo;DateConverter.convert;DateConverter.default_units;MicrosecondLocator.set_axis;GridSpec.update;AxesImage.get_window_extent;BboxImage.get_window_extent;DrawingArea.get_offset;DrawingArea.set_transform;OffsetBox.get_offset;TextArea.get_text;TextArea.set_text;get;Cell.get_text;Cell.set_transform;Table.get_window_extent;test_bxp_no_flier_stats.transform;test_bxp_with_xlabels.transform;test_bxp_with_ylabels.transform;FixedFormatter;FixedLocator;Formatter._set_locator;Formatter.format_ticks;Formatter.set_locs;FuncFormatter;LogFormatter.set_locs;ScalarFormatter.set_locs;StrMethodFormatter;TickHelper.set_axis;Bbox.from_extents;BboxBase.max;BboxBase.min;BboxBase.union;_interval_contains_close;Type1Font._parse.convert;BlitManager.update
matplotlib__matplotlib-20826,matplotlib/matplotlib,lib/matplotlib/axis.py,Axis,reverse_callers_1hop,1,1,10033,9ddf9a7dd04229d3,1.0,1.0,1.0,False,False,diagnostic,diagnostic high-context variant; may increase semantic alignment but also raises drift risk from caller/test-specific context,target plus same-repo callers that reference it,lib/matplotlib/axis.py,Axis
matplotlib__matplotlib-20826,matplotlib/matplotlib,lib/matplotlib/axis.py,Axis,import_dependency_bundle,1,1,10099,cf9a972b504547fb,1.0,1.0,1.0065782916375958,True,False,high,expected to preserve stable API/import context with limited semantic contamination,target plus local import context and resolved import-file front matter,lib/matplotlib/axis.py,Axis
matplotlib__matplotlib-20826,matplotlib/matplotlib,lib/matplotlib/axis.py,Axis,test_target_bundle,4,2,10529,144e52bba151f532,1.0,1.0,1.0494368583673876,False,True,medium,task-aligned variant for SWE-style repair; useful for output-drift and pass@1 non-degradation checks,target plus changed/FAIL_TO_PASS test functions,lib/matplotlib/axis.py;lib/matplotlib/tests/test_axes.py,Axis;test_get_labels;test_label_loc_vertical;test_label_loc_horizontal
matplotlib__matplotlib-20859,matplotlib/matplotlib,lib/matplotlib/legend.py,Legend.__init__,ast_function_only,1,1,1998,e197ae5aef85eccc,1.0,1.0,1.0,False,False,medium,baseline exact target span; useful when the patch-local symbol is self-contained,target function/method/class only,lib/matplotlib/legend.py,Legend.__init__
matplotlib__matplotlib-20859,matplotlib/matplotlib,lib/matplotlib/legend.py,Legend.__init__,call_neighborhood_1hop,11,3,3892,a6b906a5b1613c3a,1.0,1.0,1.947947947947948,False,False,high,expected to improve lossy precision when target behavior depends on local helpers or dispatch utilities,target plus statically resolved direct callees,lib/matplotlib/backend_tools.py;lib/matplotlib/legend.py;lib/matplotlib/textpath.py,Legend.__init__;SetCursorBase.set_figure;ToolCursorPosition.set_figure;ToolToggleBase.set_figure;DraggableLegend.__init__;Legend._init_legend_box;Legend._set_artist_props;Legend._set_loc;Legend.set_bbox_to_anchor;Legend.set_title;TextPath.set_size
matplotlib__matplotlib-20859,matplotlib/matplotlib,lib/matplotlib/legend.py,Legend.__init__,reverse_callers_1hop,4,1,8436,c42f5e03e1fdaa4d,1.0,1.0,4.222222222222222,False,False,diagnostic,diagnostic high-context variant; may increase semantic alignment but also raises drift risk from caller/test-specific context,target plus same-repo callers that reference it,lib/matplotlib/legend.py,Legend.__init__;DraggableLegend.__init__;DraggableLegend;Legend
matplotlib__matplotlib-20859,matplotlib/matplotlib,lib/matplotlib/legend.py,Legend.__init__,import_dependency_bundle,1,1,2133,b6a316edf42f39ac,1.0,1.0,1.0675675675675675,True,False,high,expected to preserve stable API/import context with limited semantic contamination,target plus local import context and resolved import-file front matter,lib/matplotlib/legend.py,Legend.__init__
matplotlib__matplotlib-20859,matplotlib/matplotlib,lib/matplotlib/legend.py,Legend.__init__,test_target_bundle,4,2,2366,f7e65d04b0938682,1.0,1.0,1.1841841841841843,False,True,medium,task-aligned variant for SWE-style repair; useful for output-drift and pass@1 non-degradation checks,target plus changed/FAIL_TO_PASS test functions,lib/matplotlib/legend.py;lib/matplotlib/tests/test_legend.py,Legend.__init__;test_legend_ordereddict;test_legend_auto1;test_legend_auto2
matplotlib__matplotlib-20859,matplotlib/matplotlib,lib/matplotlib/legend.py,Legend,ast_function_only,1,1,5918,45649f7c0c52299a,1.0,1.0,1.0,False,False,medium,baseline exact target span; useful when the patch-local symbol is self-contained,target function/method/class only,lib/matplotlib/legend.py,Legend
matplotlib__matplotlib-20859,matplotlib/matplotlib,lib/matplotlib/legend.py,Legend,call_neighborhood_1hop,83,18,21498,289ea3a2a430479d,1.0,1.0,3.6326461642446772,False,False,high,expected to improve lossy precision when target behavior depends on local helpers or dispatch utilities,target plus statically resolved direct callees,lib/matplotlib/__init__.py;lib/matplotlib/artist.py;lib/matplotlib/backend_bases.py;lib/matplotlib/backend_tools.py;lib/matplotlib/docstring.py;lib/matplotlib/gridspec.py;lib/matplotlib/legend.py;lib/matplotlib/legend_handler.py;lib/matplotlib/markers.py;lib/matplotlib/offsetbox.py;lib/matplotlib/pyplot.py;lib/matplotlib/table.py;lib/matplotlib/textpath.py;lib/matplotlib/ticker.py;lib/matplotlib/transforms.py;lib/matplotlib/type1font.py;tutorials/advanced/blitting.py;tutorials/intermediate/legend_guide.py,Legend;RcParams.copy;Artist._default_contains;Artist.get_gid;Artist.get_transform;Artist.get_visible;Artist.set_transform;Artist.set_visible;Artist.update;GraphicsContextBase.get_gid;RendererBase.close_group;RendererBase.open_group;RendererBase.points_to_pixels;SetCursorBase.set_figure;ToolCursorPosition.set_figure;ToolToggleBase.set_figure;copy;GridSpec.update;DraggableLegend.__init__;DraggableLegend;Legend.__init__;Legend._auto_legend_data;Legend._find_best_position;Legend._get_anchored_bbox;Legend._init_legend_box;Legend._set_artist_props;Legend._set_loc;Legend.contains;Legend.draw;Legend.get_bbox_to_anchor;Legend.get_default_handler_map;Legend.get_frame;Legend.get_legend_handler;Legend.get_legend_handler_map;Legend.get_window_extent;Legend.set_bbox_to_anchor;Legend.set_title;HandlerBase.legend_artist;HandlerCircleCollection;HandlerErrorbar;HandlerLine2D;HandlerLineCollection;HandlerPatch;HandlerPathCollection;HandlerPolyCollection;HandlerRegularPolyCollection;HandlerStem;HandlerStepPatch;HandlerTuple;MarkerStyle.get_path;MarkerStyle.get_transform;DraggableBase.disconnect;DrawingArea.get_transform;DrawingArea.set_offset;DrawingArea.set_transform;DrawingArea;HPacker;OffsetBox.set_offset;OffsetBox.set_width;TextArea.set_offset;TextArea.set_text;TextArea;VPacker;disconnect;Cell.get_path;Cell.set_transform;TextPath.set_size;TickHelper.set_bounds;AffineBase.transform;AffineBase.transform_path;Bbox.from_bounds;BboxBase.count_contains;BboxBase.count_overlaps;BboxBase.min;BboxBase.transformed;BboxTransformTo;IdentityTransform.transform_path;Transform.transform;Transform.transform_path;TransformedBbox;Type1Font.transform;BlitManager.update;AnyObjectHandler.legend_artist
matplotlib__matplotlib-20859,matplotlib/matplotlib,lib/matplotlib/legend.py,Legend,reverse_callers_1hop,1,1,5918,45649f7c0c52299a,1.0,1.0,1.0,False,False,diagnostic,diagnostic high-context variant; may increase semantic alignment but also raises drift risk from caller/test-specific context,target plus same-repo callers that reference it,lib/matplotlib/legend.py,Legend
matplotlib__matplotlib-20859,matplotlib/matplotlib,lib/matplotlib/legend.py,Legend,import_dependency_bundle,1,1,6053,31d18c3db42e470a,1.0,1.0,1.0228117607299763,True,False,high,expected to preserve stable API/import context with limited semantic contamination,target plus local import context and resolved import-file front matter,lib/matplotlib/legend.py,Legend
matplotlib__matplotlib-20859,matplotlib/matplotlib,lib/matplotlib/legend.py,Legend,test_target_bundle,4,2,6286,d072cb2ebda6adba,1.0,1.0,1.0621831699898614,False,True,medium,task-aligned variant for SWE-style repair; useful for output-drift and pass@1 non-degradation checks,target plus changed/FAIL_TO_PASS test functions,lib/matplotlib/legend.py;lib/matplotlib/tests/test_legend.py,Legend;test_legend_ordereddict;test_legend_auto1;test_legend_auto2
matplotlib__matplotlib-21568,matplotlib/matplotlib,lib/matplotlib/dates.py,_wrap_in_tex,ast_function_only,1,1,105,e05dda12ba639382,1.0,0.08045977011494253,1.0,False,False,medium,baseline exact target span; useful when the patch-local symbol is self-contained,target function/method/class only,lib/matplotlib/dates.py,_wrap_in_tex
matplotlib__matplotlib-21568,matplotlib/matplotlib,lib/matplotlib/dates.py,_wrap_in_tex,call_neighborhood_1hop,1,1,105,e05dda12ba639382,1.0,0.08045977011494253,1.0,False,False,high,expected to improve lossy precision when target behavior depends on local helpers or dispatch utilities,target plus statically resolved direct callees,lib/matplotlib/dates.py,_wrap_in_tex
matplotlib__matplotlib-21568,matplotlib/matplotlib,lib/matplotlib/dates.py,_wrap_in_tex,reverse_callers_1hop,5,1,3006,6677a8cf4d022fc3,1.0,1.0,28.62857142857143,False,False,diagnostic,diagnostic high-context variant; may increase semantic alignment but also raises drift risk from caller/test-specific context,target plus same-repo callers that reference it,lib/matplotlib/dates.py,_wrap_in_tex;ConciseDateFormatter.format_ticks;ConciseDateFormatter;DateFormatter.__call__;DateFormatter
matplotlib__matplotlib-21568,matplotlib/matplotlib,lib/matplotlib/dates.py,_wrap_in_tex,import_dependency_bundle,1,1,183,2d82cdfae421944f,1.0,0.14022988505747128,1.7428571428571429,True,False,high,expected to preserve stable API/import context with limited semantic contamination,target plus local import context and resolved import-file front matter,lib/matplotlib/dates.py,_wrap_in_tex
matplotlib__matplotlib-21568,matplotlib/matplotlib,lib/matplotlib/dates.py,_wrap_in_tex,test_target_bundle,4,2,453,b5bebcdd4d3395db,1.0,0.3471264367816092,4.314285714285714,False,True,medium,task-aligned variant for SWE-style repair; useful for output-drift and pass@1 non-degradation checks,target plus changed/FAIL_TO_PASS test functions,lib/matplotlib/dates.py;lib/matplotlib/tests/test_dates.py,_wrap_in_tex;test_date_numpyx;test_date_date2num_numpy;test_date2num_NaT
matplotlib__matplotlib-22719,matplotlib/matplotlib,lib/matplotlib/category.py,UnitData.update,ast_function_only,1,1,217,0def4f7495ad0d35,1.0,0.21463897131552917,1.0,False,False,medium,baseline exact target span; useful when the patch-local symbol is self-contained,target function/method/class only,lib/matplotlib/category.py,UnitData.update
matplotlib__matplotlib-22719,matplotlib/matplotlib,lib/matplotlib/category.py,UnitData.update,call_neighborhood_1hop,2,1,287,29699da5f5569a96,1.0,0.2838773491592483,1.3225806451612903,False,False,high,expected to improve lossy precision when target behavior depends on local helpers or dispatch utilities,target plus statically resolved direct callees,lib/matplotlib/category.py,UnitData.update;UnitData._str_is_convertible
matplotlib__matplotlib-22719,matplotlib/matplotlib,lib/matplotlib/category.py,UnitData.update,reverse_callers_1hop,32,9,17072,aa5b45de39173e1c,1.0,1.0,78.67281105990783,False,True,diagnostic,diagnostic high-context variant; may increase semantic alignment but also raises drift risk from caller/test-specific context,target plus same-repo callers that reference it,lib/matplotlib/__init__.py;lib/matplotlib/category.py;lib/matplotlib/dates.py;lib/matplotlib/legend.py;lib/matplotlib/offsetbox.py;lib/matplotlib/pyplot.py;lib/matplotlib/tests/test_category.py;lib/matplotlib/ticker.py;setupext.py,UnitData.update;RcParams.__init__;RcParams;rc_context;rc_file;rc_file_defaults;rcdefaults;StrCategoryConverter.convert;StrCategoryConverter.default_units;StrCategoryConverter;UnitData.__init__;UnitData;AutoDateLocator.__init__;AutoDateLocator;rrulewrapper.__setstate__;rrulewrapper.set;rrulewrapper;Legend.update_default_handler_map;Legend;PaddedBox.__init__;PaddedBox;_xkcd.__exit__;_xkcd.__init__;_xkcd;switch_backend.backend_mod;switch_backend;TestUnitData.test_non_string_update_fails;TestUnitData.test_update;TestUnitData;LogitFormatter.set_locs;LogitFormatter;_get_hash
matplotlib__matplotlib-22719,matplotlib/matplotlib,lib/matplotlib/category.py,UnitData.update,import_dependency_bundle,1,1,241,6fe15ce005395025,1.0,0.23837784371909002,1.1105990783410138,True,False,high,expected to preserve stable API/import context with limited semantic contamination,target plus local import context and resolved import-file front matter,lib/matplotlib/category.py,UnitData.update
matplotlib__matplotlib-22719,matplotlib/matplotlib,lib/matplotlib/category.py,UnitData.update,test_target_bundle,4,2,556,85ac227b665e62c5,1.0,0.5499505440158259,2.5622119815668203,False,True,medium,task-aligned variant for SWE-style repair; useful for output-drift and pass@1 non-degradation checks,target plus changed/FAIL_TO_PASS test functions,lib/matplotlib/category.py;lib/matplotlib/tests/test_category.py,UnitData.update;test_overriding_units_in_plot;test_hist;TestUnitData.test_unit
matplotlib__matplotlib-22719,matplotlib/matplotlib,lib/matplotlib/category.py,StrCategoryConverter.convert,ast_function_only,1,1,326,acae1a96ae5c342b,1.0,0.32245301681503463,1.0,False,False,medium,baseline exact target span; useful when the patch-local symbol is self-contained,target function/method/class only,lib/matplotlib/category.py,StrCategoryConverter.convert
matplotlib__matplotlib-22719,matplotlib/matplotlib,lib/matplotlib/category.py,StrCategoryConverter.convert,call_neighborhood_1hop,3,1,593,44bbb29da4e51324,1.0,0.5865479723046488,1.8190184049079754,False,False,high,expected to improve lossy precision when target behavior depends on local helpers or dispatch utilities,target plus statically resolved direct callees,lib/matplotlib/category.py,StrCategoryConverter.convert;StrCategoryConverter._validate_unit;UnitData.update
matplotlib__matplotlib-22719,matplotlib/matplotlib,lib/matplotlib/category.py,StrCategoryConverter.convert,reverse_callers_1hop,9,3,1963,b9db177cf1c7a524,1.0,1.0,6.021472392638037,False,True,diagnostic,diagnostic high-context variant; may increase semantic alignment but also raises drift risk from caller/test-specific context,target plus same-repo callers that reference it,lib/matplotlib/category.py;lib/matplotlib/image.py;lib/matplotlib/tests/test_category.py,StrCategoryConverter.convert;_pil_png_to_float_array;pil_to_array;TestStrCategoryConverter.test_convert;TestStrCategoryConverter.test_convert_fail;TestStrCategoryConverter.test_convert_float_array;TestStrCategoryConverter.test_convert_one_number;TestStrCategoryConverter.test_convert_one_string;TestStrCategoryConverter
matplotlib__matplotlib-22719,matplotlib/matplotlib,lib/matplotlib/category.py,StrCategoryConverter.convert,import_dependency_bundle,1,1,350,fbf3537157b8787f,1.0,0.34619188921859545,1.0736196319018405,True,False,high,expected to preserve stable API/import context with limited semantic contamination,target plus local import context and resolved import-file front matter,lib/matplotlib/category.py,StrCategoryConverter.convert
matplotlib__matplotlib-22719,matplotlib/matplotlib,lib/matplotlib/category.py,StrCategoryConverter.convert,test_target_bundle,4,2,665,4129be42553a0374,1.0,0.6577645895153313,2.039877300613497,False,True,medium,task-aligned variant for SWE-style repair; useful for output-drift and pass@1 non-degradation checks,target plus changed/FAIL_TO_PASS test functions,lib/matplotlib/category.py;lib/matplotlib/tests/test_category.py,StrCategoryConverter.convert;test_overriding_units_in_plot;test_hist;TestUnitData.test_unit
matplotlib__matplotlib-22719,matplotlib/matplotlib,lib/matplotlib/category.py,UnitData,ast_function_only,1,1,364,9847be192c7dd30f,1.0,0.3600395647873393,1.0,False,False,medium,baseline exact target span; useful when the patch-local symbol is self-contained,target function/method/class only,lib/matplotlib/category.py,UnitData
matplotlib__matplotlib-22719,matplotlib/matplotlib,lib/matplotlib/category.py,UnitData,call_neighborhood_1hop,4,2,760,6a6695d4dc0c5eea,1.0,0.751730959446093,2.087912087912088,False,False,high,expected to improve lossy precision when target behavior depends on local helpers or dispatch utilities,target plus statically resolved direct callees,lib/matplotlib/_fontconfig_pattern.py;lib/matplotlib/category.py,UnitData;FontconfigPatternParser.parse;UnitData._str_is_convertible;UnitData.update
matplotlib__matplotlib-22719,matplotlib/matplotlib,lib/matplotlib/category.py,UnitData,reverse_callers_1hop,14,2,3116,769442ed348e5cba,1.0,1.0,8.56043956043956,False,True,diagnostic,diagnostic high-context variant; may increase semantic alignment but also raises drift risk from caller/test-specific context,target plus same-repo callers that reference it,lib/matplotlib/category.py;lib/matplotlib/tests/test_category.py,UnitData;StrCategoryConverter.default_units;StrCategoryConverter;TestStrCategoryConverter.mock_axis;TestStrCategoryConverter;TestStrCategoryFormatter.test_StrCategoryFormatter;TestStrCategoryFormatter;TestStrCategoryLocator.test_StrCategoryLocator;TestStrCategoryLocator;TestUnitData.test_non_string_fails;TestUnitData.test_non_string_update_fails;TestUnitData.test_unit;TestUnitData.test_update;TestUnitData
matplotlib__matplotlib-22719,matplotlib/matplotlib,lib/matplotlib/category.py,UnitData,import_dependency_bundle,1,1,388,685de7857b228179,1.0,0.3837784371909001,1.065934065934066,True,False,high,expected to preserve stable API/import context with limited semantic contamination,target plus local import context and resolved import-file front matter,lib/matplotlib/category.py,UnitData
matplotlib__matplotlib-22719,matplotlib/matplotlib,lib/matplotlib/category.py,UnitData,test_target_bundle,4,2,703,af8ff7bd230d733d,1.0,0.695351137487636,1.9313186813186813,False,True,medium,task-aligned variant for SWE-style repair; useful for output-drift and pass@1 non-degradation checks,target plus changed/FAIL_TO_PASS test functions,lib/matplotlib/category.py;lib/matplotlib/tests/test_category.py,UnitData;test_overriding_units_in_plot;test_hist;TestUnitData.test_unit
matplotlib__matplotlib-22865,matplotlib/matplotlib,lib/matplotlib/colorbar.py,Colorbar._add_solids_patches,ast_function_only,1,1,199,98486f61bbc9d58d,1.0,0.14183891660727013,1.0,False,False,medium,baseline exact target span; useful when the patch-local symbol is self-contained,target function/method/class only,lib/matplotlib/colorbar.py,Colorbar._add_solids_patches
matplotlib__matplotlib-22865,matplotlib/matplotlib,lib/matplotlib/colorbar.py,Colorbar._add_solids_patches,call_neighborhood_1hop,1,1,199,98486f61bbc9d58d,1.0,0.14183891660727013,1.0,False,False,high,expected to improve lossy precision when target behavior depends on local helpers or dispatch utilities,target plus statically resolved direct callees,lib/matplotlib/colorbar.py,Colorbar._add_solids_patches
matplotlib__matplotlib-22865,matplotlib/matplotlib,lib/matplotlib/colorbar.py,Colorbar._add_solids_patches,reverse_callers_1hop,3,1,9778,0efa32cae897efcc,1.0,1.0,49.1356783919598,False,False,diagnostic,diagnostic high-context variant; may increase semantic alignment but also raises drift risk from caller/test-specific context,target plus same-repo callers that reference it,lib/matplotlib/colorbar.py,Colorbar._add_solids_patches;Colorbar._add_solids;Colorbar
matplotlib__matplotlib-22865,matplotlib/matplotlib,lib/matplotlib/colorbar.py,Colorbar._add_solids_patches,import_dependency_bundle,1,1,267,be180909c612605e,1.0,0.1903064861012117,1.3417085427135678,True,False,high,expected to preserve stable API/import context with limited semantic contamination,target plus local import context and resolved import-file front matter,lib/matplotlib/colorbar.py,Colorbar._add_solids_patches
matplotlib__matplotlib-22865,matplotlib/matplotlib,lib/matplotlib/colorbar.py,Colorbar._add_solids_patches,test_target_bundle,4,2,524,8fdd8f6ea118cb28,1.0,0.3734853884533143,2.6331658291457285,False,True,medium,task-aligned variant for SWE-style repair; useful for output-drift and pass@1 non-degradation checks,target plus changed/FAIL_TO_PASS test functions,lib/matplotlib/colorbar.py;lib/matplotlib/tests/test_colorbar.py,Colorbar._add_solids_patches;test_colorbar_extension_shape;test_colorbar_extension_length;test_colorbar_extension_inverted_axis
matplotlib__matplotlib-22865,matplotlib/matplotlib,lib/matplotlib/colorbar.py,Colorbar._add_solids,ast_function_only,1,1,239,dba0025b0c3311b7,1.0,0.17034925160370634,1.0,False,False,medium,baseline exact target span; useful when the patch-local symbol is self-contained,target function/method/class only,lib/matplotlib/colorbar.py,Colorbar._add_solids
matplotlib__matplotlib-22865,matplotlib/matplotlib,lib/matplotlib/colorbar.py,Colorbar._add_solids,call_neighborhood_1hop,5,3,905,eae00e537d9b99e9,1.0,0.6450463292943692,3.786610878661088,False,False,high,expected to improve lossy precision when target behavior depends on local helpers or dispatch utilities,target plus statically resolved direct callees,lib/matplotlib/artist.py;lib/matplotlib/colorbar.py;lib/matplotlib/pyplot.py,Colorbar._add_solids;Artist.set_rasterized;Colorbar._add_solids_patches;Colorbar.remove;pcolormesh
matplotlib__matplotlib-22865,matplotlib/matplotlib,lib/matplotlib/colorbar.py,Colorbar._add_solids,reverse_callers_1hop,3,1,10037,4785c08aabb2a31b,1.0,1.0,41.99581589958159,False,False,diagnostic,diagnostic high-context variant; may increase semantic alignment but also raises drift risk from caller/test-specific context,target plus same-repo callers that reference it,lib/matplotlib/colorbar.py,Colorbar._add_solids;Colorbar._draw_all;Colorbar
matplotlib__matplotlib-22865,matplotlib/matplotlib,lib/matplotlib/colorbar.py,Colorbar._add_solids,import_dependency_bundle,1,1,307,621838aaf193be58,1.0,0.21881682109764788,1.284518828451883,True,False,high,expected to preserve stable API/import context with limited semantic contamination,target plus local import context and resolved import-file front matter,lib/matplotlib/colorbar.py,Colorbar._add_solids
matplotlib__matplotlib-22865,matplotlib/matplotlib,lib/matplotlib/colorbar.py,Colorbar._add_solids,test_target_bundle,4,2,564,23391d1aac8bd791,1.0,0.40199572344975054,2.3598326359832638,False,True,medium,task-aligned variant for SWE-style repair; useful for output-drift and pass@1 non-degradation checks,target plus changed/FAIL_TO_PASS test functions,lib/matplotlib/colorbar.py;lib/matplotlib/tests/test_colorbar.py,Colorbar._add_solids;test_colorbar_extension_shape;test_colorbar_extension_length;test_colorbar_extension_inverted_axis
matplotlib__matplotlib-22865,matplotlib/matplotlib,lib/matplotlib/colorbar.py,Colorbar,ast_function_only,1,1,9340,a57e52916d17fb6f,1.0,1.0,1.0,False,False,medium,baseline exact target span; useful when the patch-local symbol is self-contained,target function/method/class only,lib/matplotlib/colorbar.py,Colorbar
matplotlib__matplotlib-22865,matplotlib/matplotlib,lib/matplotlib/colorbar.py,Colorbar,call_neighborhood_1hop,87,14,21494,be0d570fd7b535f7,1.0,1.0,2.3012847965738756,False,False,high,expected to improve lossy precision when target behavior depends on local helpers or dispatch utilities,target plus statically resolved direct callees,lib/matplotlib/__init__.py;lib/matplotlib/artist.py;lib/matplotlib/backend_bases.py;lib/matplotlib/colorbar.py;lib/matplotlib/dates.py;lib/matplotlib/gridspec.py;lib/matplotlib/layout_engine.py;lib/matplotlib/markers.py;lib/matplotlib/offsetbox.py;lib/matplotlib/pyplot.py;lib/matplotlib/ticker.py;lib/matplotlib/transforms.py;tutorials/advanced/blitting.py;tutorials/colors/colormapnorms.py,Colorbar;RcParams.copy;Artist.get_alpha;Artist.get_figure;Artist.set_clip_path;Artist.set_rasterized;Artist.set_visible;GraphicsContextBase.get_alpha;GraphicsContextBase.set_clip_path;Colorbar._add_solids;Colorbar._add_solids_patches;Colorbar._do_extends;Colorbar._draw_all;Colorbar._extend_lower;Colorbar._extend_upper;Colorbar._forward_boundaries;Colorbar._get_extension_lengths;Colorbar._get_ticker_locator_formatter;Colorbar._locate;Colorbar._long_axis;Colorbar._mesh;Colorbar._process_values;Colorbar._proportional_y;Colorbar._reset_locator_formatter_scale;Colorbar._set_scale;Colorbar._short_axis;Colorbar._uniform_y;Colorbar.add_lines;Colorbar.locator;Colorbar.locator;Colorbar.minorticks_on;Colorbar.remove;Colorbar.set_alpha;Colorbar.set_label;Colorbar.set_ticklabels;Colorbar.set_ticks;Colorbar.update_ticks;_ColorbarAxesLocator.get_subplotspec;_ColorbarAxesLocator;_ColorbarSpine.set_xy;_ColorbarSpine;AutoDateLocator.nonsingular;ConciseDateFormatter.format_ticks;ConciseDateFormatter.get_offset;DateLocator.nonsingular;MicrosecondLocator.set_axis;MicrosecondLocator.set_data_interval;MicrosecondLocator.set_view_interval;rrulewrapper.set;GridSpecFromSubplotSpec.get_topmost_subplotspec;SubplotSpec.get_gridspec;SubplotSpec.get_position;SubplotSpec.get_topmost_subplotspec;LayoutEngine.set;TightLayoutEngine.set;MarkerStyle.scaled;AuxTransformBox.add_artist;DraggableBase.disconnect;DrawingArea.add_artist;DrawingArea.get_offset;OffsetBox.get_offset;cla;connect;disconnect;pcolormesh;FixedLocator;FormatStrFormatter;Formatter.format_ticks;IndexLocator;NullLocator;StrMethodFormatter;TickHelper.create_dummy_axis;TickHelper.set_axis;TickHelper.set_data_interval;TickHelper.set_view_interval;_DummyAxis.set_data_interval;_DummyAxis.set_view_interval;Affine2DBase.inverted;AffineBase.transform;BboxBase.max;IdentityTransform.inverted;IdentityTransform.transform;Transform.inverted;Transform.transform;nonsingular;BlitManager.add_artist;MidpointNormalize.inverse
matplotlib__matplotlib-22865,matplotlib/matplotlib,lib/matplotlib/colorbar.py,Colorbar,reverse_callers_1hop,6,2,10021,b08cc76ad646f6e5,1.0,1.0,1.0729122055674518,False,True,diagnostic,diagnostic high-context variant; may increase semantic alignment but also raises drift risk from caller/test-specific context,target plus same-repo callers that reference it,lib/matplotlib/colorbar.py;lib/matplotlib/tests/test_colorbar.py,Colorbar;_colorbar_extension_length;_colorbar_extension_shape;test_colorbar_lognorm_extension;test_colorbar_powernorm_extension;test_colorbarbase
matplotlib__matplotlib-22865,matplotlib/matplotlib,lib/matplotlib/colorbar.py,Colorbar,import_dependency_bundle,1,1,9408,b907111e1ccefe12,1.0,1.0,1.0072805139186296,True,False,high,expected to preserve stable API/import context with limited semantic contamination,target plus local import context and resolved import-file front matter,lib/matplotlib/colorbar.py,Colorbar
matplotlib__matplotlib-22865,matplotlib/matplotlib,lib/matplotlib/colorbar.py,Colorbar,test_target_bundle,4,2,9665,0ec14b1873b1d089,1.0,1.0,1.034796573875803,False,True,medium,task-aligned variant for SWE-style repair; useful for output-drift and pass@1 non-degradation checks,target plus changed/FAIL_TO_PASS test functions,lib/matplotlib/colorbar.py;lib/matplotlib/tests/test_colorbar.py,Colorbar;test_colorbar_extension_shape;test_colorbar_extension_length;test_colorbar_extension_inverted_axis
matplotlib__matplotlib-22871,matplotlib/matplotlib,lib/matplotlib/dates.py,ConciseDateFormatter.format_ticks,ast_function_only,1,1,682,9801e8b3b088332b,1.0,0.5151057401812689,1.0,False,False,medium,baseline exact target span; useful when the patch-local symbol is self-contained,target function/method/class only,lib/matplotlib/dates.py,ConciseDateFormatter.format_ticks
matplotlib__matplotlib-22871,matplotlib/matplotlib,lib/matplotlib/dates.py,ConciseDateFormatter.format_ticks,call_neighborhood_1hop,4,2,987,96fac2ac9ea1181d,1.0,0.7454682779456193,1.4472140762463344,False,False,high,expected to improve lossy precision when target behavior depends on local helpers or dispatch utilities,target plus statically resolved direct callees,lib/matplotlib/dates.py;lib/matplotlib/transforms.py,ConciseDateFormatter.format_ticks;_wrap_in_tex;num2date;BboxBase.min
matplotlib__matplotlib-22871,matplotlib/matplotlib,lib/matplotlib/dates.py,ConciseDateFormatter.format_ticks,reverse_callers_1hop,5,3,10462,daa323f28be82dfd,1.0,1.0,15.340175953079179,False,True,diagnostic,diagnostic high-context variant; may increase semantic alignment but also raises drift risk from caller/test-specific context,target plus same-repo callers that reference it,lib/matplotlib/colorbar.py;lib/matplotlib/dates.py;lib/matplotlib/tests/test_dates.py,ConciseDateFormatter.format_ticks;Colorbar._ticker;Colorbar;test_concise_formatter_subsecond;test_concise_formatter_usetex
matplotlib__matplotlib-22871,matplotlib/matplotlib,lib/matplotlib/dates.py,ConciseDateFormatter.format_ticks,import_dependency_bundle,1,1,758,67f154a8c52fd44a,1.0,0.5725075528700906,1.1114369501466275,True,False,high,expected to preserve stable API/import context with limited semantic contamination,target plus local import context and resolved import-file front matter,lib/matplotlib/dates.py,ConciseDateFormatter.format_ticks
matplotlib__matplotlib-22871,matplotlib/matplotlib,lib/matplotlib/dates.py,ConciseDateFormatter.format_ticks,test_target_bundle,4,2,1030,b3605880a7b6a9c7,1.0,0.7779456193353474,1.5102639296187683,False,True,medium,task-aligned variant for SWE-style repair; useful for output-drift and pass@1 non-degradation checks,target plus changed/FAIL_TO_PASS test functions,lib/matplotlib/dates.py;lib/matplotlib/tests/test_dates.py,ConciseDateFormatter.format_ticks;test_date_numpyx;test_date_date2num_numpy;test_date2num_NaT
matplotlib__matplotlib-22871,matplotlib/matplotlib,lib/matplotlib/dates.py,ConciseDateFormatter,ast_function_only,1,1,1943,27f01ec1abf1e561,1.0,1.0,1.0,False,False,medium,baseline exact target span; useful when the patch-local symbol is self-contained,target function/method/class only,lib/matplotlib/dates.py,ConciseDateFormatter
matplotlib__matplotlib-22871,matplotlib/matplotlib,lib/matplotlib/dates.py,ConciseDateFormatter,call_neighborhood_1hop,7,3,2537,e6058c51a0ab7969,1.0,1.0,1.305712815234174,False,False,high,expected to improve lossy precision when target behavior depends on local helpers or dispatch utilities,target plus statically resolved direct callees,lib/matplotlib/colorbar.py;lib/matplotlib/dates.py;lib/matplotlib/transforms.py,ConciseDateFormatter;Colorbar.formatter;Colorbar.formatter;DateFormatter;_wrap_in_tex;num2date;BboxBase.min
matplotlib__matplotlib-22871,matplotlib/matplotlib,lib/matplotlib/dates.py,ConciseDateFormatter,reverse_callers_1hop,17,2,5575,5999d73f29724415,1.0,1.0,2.869274318064848,False,True,diagnostic,diagnostic high-context variant; may increase semantic alignment but also raises drift risk from caller/test-specific context,target plus same-repo callers that reference it,lib/matplotlib/dates.py;lib/matplotlib/tests/test_dates.py,ConciseDateFormatter;ConciseDateConverter.axisinfo;ConciseDateConverter;test_concise_formatter._create_auto_date_locator;test_concise_formatter;test_concise_formatter_call;test_concise_formatter_exceptions;test_concise_formatter_formats._create_auto_date_locator;test_concise_formatter_formats;test_concise_formatter_show_offset;test_concise_formatter_subsecond;test_concise_formatter_tz._create_auto_date_locator;test_concise_formatter_tz;test_concise_formatter_usetex;test_concise_formatter_zformats._create_auto_date_locator;test_concise_formatter_zformats;test_offset_changes
matplotlib__matplotlib-22871,matplotlib/matplotlib,lib/matplotlib/dates.py,ConciseDateFormatter,import_dependency_bundle,1,1,2019,9cb2dc14838a1da6,1.0,1.0,1.0391147709727226,True,False,high,expected to preserve stable API/import context with limited semantic contamination,target plus local import context and resolved import-file front matter,lib/matplotlib/dates.py,ConciseDateFormatter
matplotlib__matplotlib-22871,matplotlib/matplotlib,lib/matplotlib/dates.py,ConciseDateFormatter,test_target_bundle,4,2,2291,c3bea13e4dc599e5,1.0,1.0,1.1791044776119404,False,True,medium,task-aligned variant for SWE-style repair; useful for output-drift and pass@1 non-degradation checks,target plus changed/FAIL_TO_PASS test functions,lib/matplotlib/dates.py;lib/matplotlib/tests/test_dates.py,ConciseDateFormatter;test_date_numpyx;test_date_date2num_numpy;test_date2num_NaT
matplotlib__matplotlib-23299,matplotlib/matplotlib,lib/matplotlib/__init__.py,rc_context,ast_function_only,1,1,252,7c0065153dfbc7a4,1.0,0.24394966118102615,1.0,False,False,medium,baseline exact target span; useful when the patch-local symbol is self-contained,target function/method/class only,lib/matplotlib/__init__.py,rc_context
matplotlib__matplotlib-23299,matplotlib/matplotlib,lib/matplotlib/__init__.py,rc_context,call_neighborhood_1hop,6,4,875,4ed68aab86cde6e2,1.0,0.8470474346563408,3.4722222222222223,False,False,high,expected to improve lossy precision when target behavior depends on local helpers or dispatch utilities,target plus statically resolved direct callees,lib/matplotlib/__init__.py;lib/matplotlib/artist.py;lib/matplotlib/gridspec.py;tutorials/advanced/blitting.py,rc_context;RcParams.copy;rc_file;Artist.update;GridSpec.update;BlitManager.update
matplotlib__matplotlib-23299,matplotlib/matplotlib,lib/matplotlib/__init__.py,rc_context,reverse_callers_1hop,13,5,5155,8a369d47417cf693,1.0,1.0,20.456349206349206,False,True,diagnostic,diagnostic high-context variant; may increase semantic alignment but also raises drift risk from caller/test-specific context,target plus same-repo callers that reference it,lib/matplotlib/__init__.py;lib/matplotlib/backend_bases.py;lib/matplotlib/backend_tools.py;lib/matplotlib/tests/test_rcparams.py;tutorials/introductory/customizing.py,rc_context;NavigationToolbar2.configure_subplots;NavigationToolbar2;ToolGrid.trigger;ToolGrid;ToolMinorGrid.trigger;ToolMinorGrid;test_Bug_2543;test_legend_colors;test_rcparams.func;test_rcparams;test_rcparams_reset_after_fail;plotting_function
matplotlib__matplotlib-23299,matplotlib/matplotlib,lib/matplotlib/__init__.py,rc_context,import_dependency_bundle,1,1,358,3785889e789934a4,1.0,0.3465634075508228,1.4206349206349207,True,False,high,expected to preserve stable API/import context with limited semantic contamination,target plus local import context and resolved import-file front matter,lib/matplotlib/__init__.py,rc_context
matplotlib__matplotlib-23299,matplotlib/matplotlib,lib/matplotlib/__init__.py,rc_context,test_target_bundle,4,2,936,d9b4936b978660a7,1.0,0.9060987415295256,3.7142857142857144,False,True,medium,task-aligned variant for SWE-style repair; useful for output-drift and pass@1 non-degradation checks,target plus changed/FAIL_TO_PASS test functions,lib/matplotlib/__init__.py;lib/matplotlib/tests/test_rcparams.py,rc_context;test_rcparams;test_RcParams_class;test_rcparams_update
matplotlib__matplotlib-23314,matplotlib/matplotlib,lib/mpl_toolkits/mplot3d/axes3d.py,Axes3D.draw,ast_function_only,1,1,344,3836847878323fb3,1.0,0.2826622843056697,1.0,False,False,medium,baseline exact target span; useful when the patch-local symbol is self-contained,target function/method/class only,lib/mpl_toolkits/mplot3d/axes3d.py,Axes3D.draw
matplotlib__matplotlib-23314,matplotlib/matplotlib,lib/mpl_toolkits/mplot3d/axes3d.py,Axes3D.draw,call_neighborhood_1hop,8,4,1213,79b26e2cadb25653,1.0,0.9967132292522597,3.5261627906976742,False,False,high,expected to improve lossy precision when target behavior depends on local helpers or dispatch utilities,target plus statically resolved direct callees,lib/matplotlib/artist.py;lib/matplotlib/colorbar.py;lib/matplotlib/transforms.py;lib/mpl_toolkits/mplot3d/axes3d.py,Axes3D.draw;Artist.get_visible;Artist.get_zorder;Colorbar.locator;Colorbar.locator;BboxBase.max;Axes3D.apply_aspect;Axes3D.get_proj
matplotlib__matplotlib-23314,matplotlib/matplotlib,lib/mpl_toolkits/mplot3d/axes3d.py,Axes3D.draw,reverse_callers_1hop,55,3,34923,f24495330696ed0f,1.0,1.0,101.5203488372093,False,True,diagnostic,diagnostic high-context variant; may increase semantic alignment but also raises drift risk from caller/test-specific context,target plus same-repo callers that reference it,lib/matplotlib/tests/test_axes.py;lib/mpl_toolkits/mplot3d/axes3d.py;lib/mpl_toolkits/tests/test_mplot3d.py,Axes3D.draw;color_boxes;test_adjust_numtick_aspect;test_automatic_legend;test_autoscale_log_shared;test_autoscale_tiny_sticky;test_axline_args;test_bbox_aspect_axes_init;test_box_aspect;test_box_aspect_custom_position;test_boxplot_not_single;test_displaced_spine;test_empty_eventplot;test_eventplot_orientation;test_grid;test_hist_log_barstacked;test_inset;test_large_offset;test_minor_accountedfor;test_move_offsetlabel;test_nodecorator;test_normal_axes;test_pandas_bar_align_center;test_pcolor_regression;test_plot_format;test_rcparam_grid_minor;test_redraw_in_frame;test_relative_ticklabel_sizes;test_secondary_formatter;test_secondary_minorloc;test_secondary_resize;test_shared_with_aspect_2;test_shared_with_aspect_3;test_subsampled_ticklabels;test_tick_label_update;test_tickdirs;test_title_no_move_off_page;test_title_xticks_top;test_title_xticks_top_both;test_titletwiny;test_twinx_cla;test_unautoscale;test_zoom_inset;Axes3D;test_ax3d_tickcolour;test_bar3d_notshaded;test_bar3d_shaded;test_colorbar_pos;test_pan;test_patch_modification;test_poly_collection_2d_to_3d_empty;test_scalarmap_update;test_scatter_spiral;test_unautoscale;test_view_init_vertical_axis
matplotlib__matplotlib-23314,matplotlib/matplotlib,lib/mpl_toolkits/mplot3d/axes3d.py,Axes3D.draw,import_dependency_bundle,1,1,474,44f2b88a071691ff,1.0,0.3894823336072309,1.377906976744186,True,False,high,expected to preserve stable API/import context with limited semantic contamination,target plus local import context and resolved import-file front matter,lib/mpl_toolkits/mplot3d/axes3d.py,Axes3D.draw
matplotlib__matplotlib-23314,matplotlib/matplotlib,lib/mpl_toolkits/mplot3d/axes3d.py,Axes3D.draw,test_target_bundle,7,3,1121,731b54bea0b421c7,1.0,0.9211175020542317,3.258720930232558,False,True,medium,task-aligned variant for SWE-style repair; useful for output-drift and pass@1 non-degradation checks,target plus changed/FAIL_TO_PASS test functions,lib/matplotlib/tests/test_axes.py;lib/mpl_toolkits/mplot3d/axes3d.py;lib/mpl_toolkits/tests/test_mplot3d.py,Axes3D.draw;test_get_labels;test_label_loc_vertical;test_label_loc_horizontal;test_aspect_equal_error;test_bar3d;test_bar3d_colors
matplotlib__matplotlib-23314,matplotlib/matplotlib,lib/mpl_toolkits/mplot3d/axes3d.py,Axes3D,ast_function_only,1,1,25664,e8c9f180a37aea92,1.0,1.0,1.0,False,False,medium,baseline exact target span; useful when the patch-local symbol is self-contained,target function/method/class only,lib/mpl_toolkits/mplot3d/axes3d.py,Axes3D
matplotlib__matplotlib-23314,matplotlib/matplotlib,lib/mpl_toolkits/mplot3d/axes3d.py,Axes3D,call_neighborhood_1hop,121,17,46343,8106a6ebf95a3999,1.0,1.0,1.8057590399002494,False,True,high,expected to improve lossy precision when target behavior depends on local helpers or dispatch utilities,target plus statically resolved direct callees,lib/matplotlib/__init__.py;lib/matplotlib/artist.py;lib/matplotlib/backend_bases.py;lib/matplotlib/backend_tools.py;lib/matplotlib/colorbar.py;lib/matplotlib/dates.py;lib/matplotlib/gridspec.py;lib/matplotlib/image.py;lib/matplotlib/layout_engine.py;lib/matplotlib/markers.py;lib/matplotlib/offsetbox.py;lib/matplotlib/pyplot.py;lib/matplotlib/table.py;lib/matplotlib/tests/test_axes.py;lib/matplotlib/ticker.py;lib/matplotlib/transforms.py;lib/mpl_toolkits/mplot3d/axes3d.py,Axes3D;RcParams.copy;_preprocess_data;Artist.get_figure;Artist.get_label;Artist.get_visible;Artist.get_zorder;Artist.remove;Artist.set_alpha;Artist.set_visible;Artist.set_zorder;_get_tightbbox_for_layout_only;FigureCanvasBase.draw_idle;GraphicsContextBase.set_linewidth;NavigationToolbar2.push_current;ToolViewsPositions.push_current;Colorbar._set_scale;Colorbar.locator;Colorbar.locator;Colorbar.remove;Colorbar.set_alpha;AutoDateLocator.nonsingular;DateLocator.nonsingular;rrulewrapper.set;SubplotSpec.get_position;NonUniformImage.set_array;NonUniformImage.set_norm;PcolorImage.set_array;_ImageBase.set_alpha;_ImageBase.set_array;LayoutEngine.get;LayoutEngine.set;TightLayoutEngine.set;MarkerStyle.transformed;TextArea.get_text;get;Cell.get_text;test_bxp_no_flier_stats.transform;test_bxp_with_xlabels.transform;test_bxp_with_ylabels.transform;test_parse_scatter_color_args.get_next_color;test_parse_scatter_color_args_edgecolors.get_next_color;test_parse_scatter_color_args_error.get_next_color;LinearLocator.view_limits;Locator.view_limits;MultipleLocator.view_limits;Affine2DBase.inverted;Bbox.frozen;Bbox.unit;Bbox.update_from_data_x;Bbox.update_from_data_xy;Bbox.update_from_data_y;BboxBase.anchored;BboxBase.frozen;BboxBase.max;BboxBase.min;BboxBase.shrunk_to_aspect;BboxBase.transformed;BboxBase.union;IdentityTransform.inverted;Transform.inverted;TransformNode.frozen;nonsingular;Axes3D._3d_extend_contour;Axes3D.__init__;Axes3D._add_contourf_set;Axes3D._auto_scale_contourf;Axes3D._generate_normals;Axes3D._roll_to_vertical;Axes3D._shade_colors.norm;Axes3D._shade_colors;Axes3D.add_collection3d;Axes3D.add_contour_set;Axes3D.apply_aspect;Axes3D.auto_scale_xyz;Axes3D.autoscale_view;Axes3D.bar;Axes3D.clear;Axes3D.contour;Axes3D.contourf;Axes3D.draw;Axes3D.errorbar._apply_mask;Axes3D.errorbar._digout_minmax;Axes3D.errorbar._extract_errs;Axes3D.format_zdata;Axes3D.get_proj;Axes3D.get_tightbbox;Axes3D.get_w_lims;Axes3D.get_xlim;Axes3D.get_ylim;Axes3D.get_zbound;Axes3D.get_zlim;Axes3D.grid;Axes3D.mouse_init;Axes3D.plot;Axes3D.quiver.calc_arrows;Axes3D.quiver;Axes3D.scatter;Axes3D.set_aspect;Axes3D.set_axis_off;Axes3D.set_axis_on;Axes3D.set_proj_type;Axes3D.set_title;Axes3D.set_top_view;Axes3D.set_zbound;Axes3D.set_zlim;Axes3D.set_zmargin;Axes3D.text;Axes3D.tick_params;Axes3D.tricontour;Axes3D.tricontourf;Axes3D.tunit_cube;Axes3D.tunit_edges;Axes3D.unit_cube;Axes3D.view_init;Axes3D.voxels._broadcast_color_arg;Axes3D.voxels.permutation_matrices;Axes3D.voxels.voxels;Axes3D.voxels.voxels;Axes3D.voxels;Axes3D.zaxis_inverted
matplotlib__matplotlib-23314,matplotlib/matplotlib,lib/mpl_toolkits/mplot3d/axes3d.py,Axes3D,reverse_callers_1hop,3,2,25960,ee405a3785b102b4,1.0,1.0,1.0115336658354115,False,True,diagnostic,diagnostic high-context variant; may increase semantic alignment but also raises drift risk from caller/test-specific context,target plus same-repo callers that reference it,lib/mpl_toolkits/mplot3d/axes3d.py;lib/mpl_toolkits/tests/test_mplot3d.py,Axes3D;test_ax3d_tickcolour;test_axes3d_labelpad
matplotlib__matplotlib-23314,matplotlib/matplotlib,lib/mpl_toolkits/mplot3d/axes3d.py,Axes3D,import_dependency_bundle,1,1,25794,f9fd7039d47757b9,1.0,1.0,1.0050654613466334,True,False,high,expected to preserve stable API/import context with limited semantic contamination,target plus local import context and resolved import-file front matter,lib/mpl_toolkits/mplot3d/axes3d.py,Axes3D
matplotlib__matplotlib-23314,matplotlib/matplotlib,lib/mpl_toolkits/mplot3d/axes3d.py,Axes3D,test_target_bundle,7,3,26441,65d8871ef125793e,1.0,1.0,1.030275872817955,False,True,medium,task-aligned variant for SWE-style repair; useful for output-drift and pass@1 non-degradation checks,target plus changed/FAIL_TO_PASS test functions,lib/matplotlib/tests/test_axes.py;lib/mpl_toolkits/mplot3d/axes3d.py;lib/mpl_toolkits/tests/test_mplot3d.py,Axes3D;test_get_labels;test_label_loc_vertical;test_label_loc_horizontal;test_aspect_equal_error;test_bar3d;test_bar3d_colors
matplotlib__matplotlib-23412,matplotlib/matplotlib,lib/matplotlib/patches.py,Patch.draw,ast_function_only,1,1,141,e5c90ec30846fc90,1.0,0.14795383001049317,1.0,False,False,medium,baseline exact target span; useful when the patch-local symbol is self-contained,target function/method/class only,lib/matplotlib/patches.py,Patch.draw
matplotlib__matplotlib-23412,matplotlib/matplotlib,lib/matplotlib/patches.py,Patch.draw,call_neighborhood_1hop,23,4,1306,c313776c902c3c12,1.0,1.0,9.26241134751773,False,False,high,expected to improve lossy precision when target behavior depends on local helpers or dispatch utilities,target plus statically resolved direct callees,lib/matplotlib/artist.py;lib/matplotlib/backend_bases.py;lib/matplotlib/patches.py;lib/matplotlib/transforms.py,Patch.draw;Artist.get_visible;RendererBase.draw_path;Annulus.get_path;Arrow.get_path;Ellipse.get_path;FancyArrowPatch.get_path;FancyBboxPatch.get_path;Patch._bind_draw_path_function;Patch.get_path;Patch.get_transform;PathPatch.get_path;Polygon.get_path;Rectangle.get_path;RegularPolygon.get_path;Shadow.get_path;Wedge.get_path;AffineBase.get_affine;AffineBase.transform_path_non_affine;IdentityTransform.get_affine;IdentityTransform.transform_path_non_affine;Transform.get_affine;Transform.transform_path_non_affine
matplotlib__matplotlib-23412,matplotlib/matplotlib,lib/matplotlib/patches.py,Patch.draw,reverse_callers_1hop,10,2,6662,71a23c68b417ef61,1.0,1.0,47.248226950354606,False,True,diagnostic,diagnostic high-context variant; may increase semantic alignment but also raises drift risk from caller/test-specific context,target plus same-repo callers that reference it,lib/matplotlib/patches.py;lib/matplotlib/tests/test_patches.py,Patch.draw;Arc.draw;Arc;ConnectionPatch.draw;ConnectionPatch;Shadow.draw;Shadow;bbox_artist;draw_bbox;test_patch_linestyle_accents
matplotlib__matplotlib-23412,matplotlib/matplotlib,lib/matplotlib/patches.py,Patch.draw,import_dependency_bundle,1,1,224,9ad9a6ff555aa55d,1.0,0.23504721930745015,1.5886524822695036,True,False,high,expected to preserve stable API/import context with limited semantic contamination,target plus local import context and resolved import-file front matter,lib/matplotlib/patches.py,Patch.draw
matplotlib__matplotlib-23412,matplotlib/matplotlib,lib/matplotlib/patches.py,Patch.draw,test_target_bundle,4,2,984,bf04793f3592c022,1.0,1.0,6.9787234042553195,False,True,medium,task-aligned variant for SWE-style repair; useful for output-drift and pass@1 non-degradation checks,target plus changed/FAIL_TO_PASS test functions,lib/matplotlib/patches.py;lib/matplotlib/tests/test_patches.py,Patch.draw;test_Polygon_close;test_corner_center;test_rotate_rect
matplotlib__matplotlib-23412,matplotlib/matplotlib,lib/matplotlib/patches.py,Patch,ast_function_only,1,1,3937,64055fc7270e5459,1.0,1.0,1.0,False,False,medium,baseline exact target span; useful when the patch-local symbol is self-contained,target function/method/class only,lib/matplotlib/patches.py,Patch
matplotlib__matplotlib-23412,matplotlib/matplotlib,lib/matplotlib/patches.py,Patch,call_neighborhood_1hop,122,6,18188,ea167e62957c24cf,1.0,1.0,4.619761239522479,False,False,high,expected to improve lossy precision when target behavior depends on local helpers or dispatch utilities,target plus statically resolved direct callees,lib/matplotlib/artist.py;lib/matplotlib/backend_bases.py;lib/matplotlib/offsetbox.py;lib/matplotlib/patches.py;lib/matplotlib/table.py;lib/matplotlib/transforms.py,Patch;Artist._default_contains;Artist._internal_update;Artist._set_gc_clip;Artist.convert_xunits;Artist.convert_yunits;Artist.get_gid;Artist.get_path_effects;Artist.get_sketch_params;Artist.get_snap;Artist.get_visible;Artist.is_transform_set;Artist.set_sketch_params;Artist.set_snap;Artist.set_transform;Artist.set_url;GraphicsContextBase.get_gid;GraphicsContextBase.get_sketch_params;GraphicsContextBase.get_snap;GraphicsContextBase.restore;GraphicsContextBase.set_dashes;GraphicsContextBase.set_foreground;GraphicsContextBase.set_hatch_color;GraphicsContextBase.set_sketch_params;GraphicsContextBase.set_snap;GraphicsContextBase.set_url;RendererBase.close_group;RendererBase.draw_path;RendererBase.new_gc;RendererBase.open_group;DrawingArea.set_transform;Annulus.__init__;Annulus.get_path;Arc.__init__;Arrow.__init__;Arrow.get_patch_transform;Arrow.get_path;ArrowStyle.BarAB.__init__;ArrowStyle.BracketA.__init__;ArrowStyle.BracketAB.__init__;ArrowStyle.BracketB.__init__;ArrowStyle.BracketCurve.__init__;ArrowStyle.Curve.__init__;ArrowStyle.CurveBracket.__init__;ArrowStyle.Fancy.__init__;ArrowStyle.Simple.__init__;ArrowStyle.Wedge.__init__;ArrowStyle._Curve.__init__;BoxStyle.Circle.__init__;BoxStyle.DArrow.__init__;BoxStyle.LArrow.__init__;BoxStyle.Round.__init__;BoxStyle.Round4.__init__;BoxStyle.Sawtooth.__init__;BoxStyle.Square.__init__;Circle.__init__;CirclePolygon.__init__;ConnectionPatch.__init__;ConnectionStyle.Angle.__init__;ConnectionStyle.Angle3.__init__;ConnectionStyle.Arc.__init__;ConnectionStyle.Arc3.__init__;ConnectionStyle.Bar.__init__;ConnectionStyle._Base.SimpleEvent.__init__;Ellipse.__init__;Ellipse.get_patch_transform;Ellipse.get_path;FancyArrow.__init__;FancyArrowPatch.__init__;FancyArrowPatch.get_path;FancyBboxPatch.__init__;FancyBboxPatch.get_path;Patch.__init__;Patch._bind_draw_path_function;Patch._process_radius;Patch._set_edgecolor;Patch._set_facecolor;Patch.contains_point;Patch.contains_points;Patch.get_data_transform;Patch.get_edgecolor;Patch.get_extents;Patch.get_linewidth;Patch.get_patch_transform;Patch.get_path;Patch.get_transform;Patch.set_alpha;Patch.set_antialiased;Patch.set_capstyle;Patch.set_color;Patch.set_edgecolor;Patch.set_facecolor;Patch.set_fill;Patch.set_hatch;Patch.set_joinstyle;Patch.set_linestyle;Patch.set_linewidth;Patch.update_from;PathPatch.__init__;PathPatch.get_path;Polygon.__init__;Polygon.get_path;Rectangle.__init__;Rectangle.get_patch_transform;Rectangle.get_path;RegularPolygon.__init__;RegularPolygon.get_patch_transform;RegularPolygon.get_path;Shadow.__init__;Shadow.get_patch_transform;Shadow.get_path;StepPatch.__init__;Wedge.__init__;Wedge.get_path;Cell.set_transform;AffineBase.get_affine;AffineBase.transform_path_non_affine;IdentityTransform.get_affine;IdentityTransform.transform_path_non_affine;IdentityTransform;Transform.get_affine;Transform.transform_path_non_affine
matplotlib__matplotlib-23412,matplotlib/matplotlib,lib/matplotlib/patches.py,Patch,reverse_callers_1hop,6,2,4140,4c7e0f8fef598fd1,1.0,1.0,1.0515621031242062,False,True,diagnostic,diagnostic high-context variant; may increase semantic alignment but also raises drift risk from caller/test-specific context,target plus same-repo callers that reference it,lib/matplotlib/patches.py;lib/matplotlib/tests/test_patches.py,Patch;test_color_override_warning;test_default_antialiased;test_default_capstyle;test_default_joinstyle;test_default_linestyle
matplotlib__matplotlib-23412,matplotlib/matplotlib,lib/matplotlib/patches.py,Patch,import_dependency_bundle,1,1,4020,fb45489c942aedd5,1.0,1.0,1.0210820421640843,True,False,high,expected to preserve stable API/import context with limited semantic contamination,target plus local import context and resolved import-file front matter,lib/matplotlib/patches.py,Patch
matplotlib__matplotlib-23412,matplotlib/matplotlib,lib/matplotlib/patches.py,Patch,test_target_bundle,4,2,4780,31978cb65eed638b,1.0,1.0,1.2141224282448564,False,True,medium,task-aligned variant for SWE-style repair; useful for output-drift and pass@1 non-degradation checks,target plus changed/FAIL_TO_PASS test functions,lib/matplotlib/patches.py;lib/matplotlib/tests/test_patches.py,Patch;test_Polygon_close;test_corner_center;test_rotate_rect
matplotlib__matplotlib-23476,matplotlib/matplotlib,lib/matplotlib/figure.py,Figure.__getstate__,ast_function_only,1,1,142,920ff115769ee2df,1.0,0.12445223488168274,1.0,False,False,medium,baseline exact target span; useful when the patch-local symbol is self-contained,target function/method/class only,lib/matplotlib/figure.py,Figure.__getstate__
matplotlib__matplotlib-23476,matplotlib/matplotlib,lib/matplotlib/figure.py,Figure.__getstate__,call_neighborhood_1hop,1,1,142,920ff115769ee2df,1.0,0.12445223488168274,1.0,False,False,high,expected to improve lossy precision when target behavior depends on local helpers or dispatch utilities,target plus statically resolved direct callees,lib/matplotlib/figure.py,Figure.__getstate__
matplotlib__matplotlib-23476,matplotlib/matplotlib,lib/matplotlib/figure.py,Figure.__getstate__,reverse_callers_1hop,2,1,8653,ef00462a5c22e01d,1.0,1.0,60.936619718309856,False,False,diagnostic,diagnostic high-context variant; may increase semantic alignment but also raises drift risk from caller/test-specific context,target plus same-repo callers that reference it,lib/matplotlib/figure.py,Figure.__getstate__;Figure
matplotlib__matplotlib-23476,matplotlib/matplotlib,lib/matplotlib/figure.py,Figure.__getstate__,import_dependency_bundle,1,1,286,b1b8a33fe2c45a4a,1.0,0.2506573181419807,2.0140845070422535,True,False,high,expected to preserve stable API/import context with limited semantic contamination,target plus local import context and resolved import-file front matter,lib/matplotlib/figure.py,Figure.__getstate__
matplotlib__matplotlib-23476,matplotlib/matplotlib,lib/matplotlib/figure.py,Figure.__getstate__,test_target_bundle,4,2,1031,5b16b338ad817493,1.0,0.9035933391761612,7.26056338028169,False,True,medium,task-aligned variant for SWE-style repair; useful for output-drift and pass@1 non-degradation checks,target plus changed/FAIL_TO_PASS test functions,lib/matplotlib/figure.py;lib/matplotlib/tests/test_figure.py,Figure.__getstate__;test_align_labels;test_align_labels_stray_axes;test_figure_label
matplotlib__matplotlib-23476,matplotlib/matplotlib,lib/matplotlib/figure.py,Figure,ast_function_only,1,1,8511,f903bdbe8b7f7e1c,1.0,1.0,1.0,False,False,medium,baseline exact target span; useful when the patch-local symbol is self-contained,target function/method/class only,lib/matplotlib/figure.py,Figure
matplotlib__matplotlib-23476,matplotlib/matplotlib,lib/matplotlib/figure.py,Figure,call_neighborhood_1hop,77,10,29355,d3fa879bd17a0058,1.0,1.0,3.4490659146986253,False,False,high,expected to improve lossy precision when target behavior depends on local helpers or dispatch utilities,target plus statically resolved direct callees,lib/matplotlib/artist.py;lib/matplotlib/backend_bases.py;lib/matplotlib/colorbar.py;lib/matplotlib/dates.py;lib/matplotlib/figure.py;lib/matplotlib/image.py;lib/matplotlib/layout_engine.py;lib/matplotlib/pyplot.py;lib/matplotlib/table.py;lib/matplotlib/transforms.py,Figure;Artist._cm_set;Artist.get_gid;Artist.get_visible;Artist.set_alpha;DrawEvent;Event._process;FigureCanvasBase.print_figure;FigureCanvasBase.resize;FigureCanvasBase.stop_event_loop;FigureCanvasBase;FigureManagerBase.resize;GraphicsContextBase.get_gid;GraphicsContextBase.set_antialiased;RendererBase._draw_disabled;RendererBase.close_group;RendererBase.open_group;_Backend.draw_if_interactive;_Backend.new_figure_manager_given_figure;Colorbar.set_alpha;rrulewrapper.set;Figure.__getstate__;Figure.__init__;Figure._check_layout_engines_compat;Figure._get_renderer;Figure.clear;Figure.draw;Figure.get_dpi;Figure.get_figheight;Figure.get_figwidth;Figure.get_layout_engine;Figure.get_size_inches;Figure.pick;Figure.set_layout_engine;Figure.set_size_inches;Figure.show;FigureBase.__init__;FigureBase._get_draw_artists;FigureBase._set_artist_props;FigureBase.clear;SubFigure.__init__;SubFigure._get_renderer;SubFigure.draw;SubFigure.get_dpi;SubFigure.get_layout_engine;SubplotParams.__init__;SubplotParams.update;SubplotParams;_AxesStack.__init__;_AxesStack.as_list;_AxesStack.remove;_AxesStack;FigureImage;NonUniformImage.set_array;PcolorImage.set_array;_ImageBase.set_alpha;_ImageBase.set_array;_draw_list_compositing_images;ConstrainedLayoutEngine.execute;ConstrainedLayoutEngine;LayoutEngine.execute;LayoutEngine.set;TightLayoutEngine.execute;TightLayoutEngine.set;TightLayoutEngine;connect;draw_if_interactive;get_fignums;switch_backend.draw_if_interactive;switch_backend.new_figure_manager_given_figure;Table.scale;Affine2D.scale;Affine2D;Bbox.from_bounds;BboxBase.max;BboxTransformTo;TransformedBbox
matplotlib__matplotlib-23476,matplotlib/matplotlib,lib/matplotlib/figure.py,Figure,reverse_callers_1hop,11,4,21741,c502957104ba85a7,1.0,1.0,2.5544589354952416,False,True,diagnostic,diagnostic high-context variant; may increase semantic alignment but also raises drift risk from caller/test-specific context,target plus same-repo callers that reference it,lib/matplotlib/backend_bases.py;lib/matplotlib/figure.py;lib/matplotlib/image.py;lib/matplotlib/tests/test_figure.py,Figure;FigureCanvasBase.__init__;FigureCanvasBase;NavigationToolbar2.configure_subplots;NavigationToolbar2;imsave;thumbnail;test_figure_label;test_invalid_layouts;test_kwargs_pass;test_valid_layouts
matplotlib__matplotlib-23476,matplotlib/matplotlib,lib/matplotlib/figure.py,Figure,import_dependency_bundle,1,1,8655,6443a1c0a0df56e2,1.0,1.0,1.0169192809305605,True,False,high,expected to preserve stable API/import context with limited semantic contamination,target plus local import context and resolved import-file front matter,lib/matplotlib/figure.py,Figure
matplotlib__matplotlib-23476,matplotlib/matplotlib,lib/matplotlib/figure.py,Figure,test_target_bundle,4,2,9400,d39c2e24c89449de,1.0,1.0,1.1044530607449183,False,True,medium,task-aligned variant for SWE-style repair; useful for output-drift and pass@1 non-degradation checks,target plus changed/FAIL_TO_PASS test functions,lib/matplotlib/figure.py;lib/matplotlib/tests/test_figure.py,Figure;test_align_labels;test_align_labels_stray_axes;test_figure_label
matplotlib__matplotlib-24026,matplotlib/matplotlib,lib/matplotlib/stackplot.py,stackplot,ast_function_only,1,1,923,53f87461252b9b58,1.0,0.9342105263157895,1.0,False,False,medium,baseline exact target span; useful when the patch-local symbol is self-contained,target function/method/class only,lib/matplotlib/stackplot.py,stackplot
matplotlib__matplotlib-24026,matplotlib/matplotlib,lib/matplotlib/stackplot.py,stackplot,call_neighborhood_1hop,5,3,1044,13035e22fd2be5ca,1.0,1.0,1.1310942578548213,False,True,high,expected to improve lossy precision when target behavior depends on local helpers or dispatch utilities,target plus statically resolved direct callees,lib/matplotlib/pyplot.py;lib/matplotlib/stackplot.py;lib/matplotlib/tests/test_axes.py,stackplot;fill_between;test_parse_scatter_color_args.get_next_color;test_parse_scatter_color_args_edgecolors.get_next_color;test_parse_scatter_color_args_error.get_next_color
matplotlib__matplotlib-24026,matplotlib/matplotlib,lib/matplotlib/stackplot.py,stackplot,reverse_callers_1hop,3,2,1373,543db456b5591b75,1.0,1.0,1.487540628385699,False,True,diagnostic,diagnostic high-context variant; may increase semantic alignment but also raises drift risk from caller/test-specific context,target plus same-repo callers that reference it,lib/matplotlib/stackplot.py;lib/matplotlib/tests/test_axes.py,stackplot;test_stackplot;test_stackplot_baseline
matplotlib__matplotlib-24026,matplotlib/matplotlib,lib/matplotlib/stackplot.py,stackplot,import_dependency_bundle,1,1,931,3ffd392146498045,1.0,0.9423076923076923,1.0086673889490791,True,False,high,expected to preserve stable API/import context with limited semantic contamination,target plus local import context and resolved import-file front matter,lib/matplotlib/stackplot.py,stackplot
matplotlib__matplotlib-24026,matplotlib/matplotlib,lib/matplotlib/stackplot.py,stackplot,test_target_bundle,4,2,1092,0e8aed00e33993d8,1.0,1.0,1.1830985915492958,False,True,medium,task-aligned variant for SWE-style repair; useful for output-drift and pass@1 non-degradation checks,target plus changed/FAIL_TO_PASS test functions,lib/matplotlib/stackplot.py;lib/matplotlib/tests/test_axes.py,stackplot;test_invisible_axes;test_get_labels;test_repr
mwaskom__seaborn-3069,mwaskom/seaborn,seaborn/_core/plot.py,Plotter._finalize_figure,ast_function_only,1,1,199,c41d5f5dd1814e91,1.0,0.1877358490566038,1.0,False,False,medium,baseline exact target span; useful when the patch-local symbol is self-contained,target function/method/class only,seaborn/_core/plot.py,Plotter._finalize_figure
mwaskom__seaborn-3069,mwaskom/seaborn,seaborn/_core/plot.py,Plotter._finalize_figure,call_neighborhood_1hop,6,5,558,dadfcf543d40644e,1.0,0.5264150943396226,2.8040201005025125,False,False,high,expected to improve lossy precision when target behavior depends on local helpers or dispatch utilities,target plus statically resolved direct callees,seaborn/_compat.py;seaborn/_core/plot.py;seaborn/_core/scales.py;seaborn/axisgrid.py;seaborn/rcmod.py,Plotter._finalize_figure;set_layout_engine;Nominal._setup.convert_units;PseudoAxis.convert_units;_BaseGrid.set;set
mwaskom__seaborn-3069,mwaskom/seaborn,seaborn/_core/plot.py,Plotter._finalize_figure,reverse_callers_1hop,3,1,5977,ce6d9d003ccd210e,1.0,1.0,30.035175879396984,False,False,diagnostic,diagnostic high-context variant; may increase semantic alignment but also raises drift risk from caller/test-specific context,target plus same-repo callers that reference it,seaborn/_core/plot.py,Plotter._finalize_figure;Plot._plot;Plot
mwaskom__seaborn-3069,mwaskom/seaborn,seaborn/_core/plot.py,Plotter._finalize_figure,import_dependency_bundle,1,1,773,f99260304c3beb2a,1.0,0.7292452830188679,3.8844221105527637,True,False,high,expected to preserve stable API/import context with limited semantic contamination,target plus local import context and resolved import-file front matter,seaborn/_core/plot.py,Plotter._finalize_figure
mwaskom__seaborn-3069,mwaskom/seaborn,seaborn/_core/plot.py,Plotter._finalize_figure,test_target_bundle,4,2,349,c0df85f4b30e47f5,1.0,0.3292452830188679,1.7537688442211055,False,True,medium,task-aligned variant for SWE-style repair; useful for output-drift and pass@1 non-degradation checks,target plus changed/FAIL_TO_PASS test functions,seaborn/_core/plot.py;tests/_core/test_plot.py,Plotter._finalize_figure;TestInit.test_empty;TestInit.test_data_only;TestInit.test_df_and_named_variables
mwaskom__seaborn-3069,mwaskom/seaborn,seaborn/_core/plot.py,Plotter,ast_function_only,1,1,6450,8bdf9e4bf75276a3,1.0,1.0,1.0,False,False,medium,baseline exact target span; useful when the patch-local symbol is self-contained,target function/method/class only,seaborn/_core/plot.py,Plotter
mwaskom__seaborn-3069,mwaskom/seaborn,seaborn/_core/plot.py,Plotter,call_neighborhood_1hop,47,16,18312,c74a52cf064e657e,1.0,1.0,2.8390697674418606,False,True,high,expected to improve lossy precision when target behavior depends on local helpers or dispatch utilities,target plus statically resolved direct callees,seaborn/_compat.py;seaborn/_core/data.py;seaborn/_core/groupby.py;seaborn/_core/plot.py;seaborn/_core/properties.py;seaborn/_core/rules.py;seaborn/_core/scales.py;seaborn/_core/subplots.py;seaborn/_marks/base.py;seaborn/_oldcore.py;seaborn/axisgrid.py;seaborn/external/version.py;seaborn/rcmod.py;seaborn/regression.py;seaborn/relational.py;tests/_core/test_plot.py,Plotter;set_layout_engine;set_scale_obj;PlotData.join;GroupBy;Plot._plot;Plot.show;Plotter._filter_subplot_data;Plotter._generate_pairings;Plotter._get_scale;Plotter._get_subplot_data;Plotter._get_subplot_index;Plotter._plot_layer.get_order;Plotter._resolve_label;Plotter._setup_split_generator;Plotter._unscale_coords;Plotter._update_legend_contents;Plotter.show;theme_context;Fill.default_scale;IntervalProperty.infer_scale;ObjectProperty.default_scale;ObjectProperty.infer_scale;Property.default_scale;Property.infer_scale;categorical_order;ContinuousBase._setup;Nominal._setup.convert_units;Nominal._setup;PseudoAxis.convert_units;Scale._identity;Scale._setup;Scale._spacing;Subplots.init_figure;Subplots;Mark._infer_orient;Mark._resolve;categorical_order;_BaseGrid.savefig;_BaseGrid.set;Version;set;_LinearPlotter.dropna;_RelationalPlotter.add_legend_data.update;MockMark._legend_artist;TestLegend.test_multi_layer_different_artists.MockMark1._legend_artist;TestLegend.test_multi_layer_different_artists.MockMark2._legend_artist
mwaskom__seaborn-3069,mwaskom/seaborn,seaborn/_core/plot.py,Plotter,reverse_callers_1hop,3,1,12228,b7ffebf225e87d8d,1.0,1.0,1.895813953488372,False,False,diagnostic,diagnostic high-context variant; may increase semantic alignment but also raises drift risk from caller/test-specific context,target plus same-repo callers that reference it,seaborn/_core/plot.py,Plotter;Plot._plot;Plot
mwaskom__seaborn-3069,mwaskom/seaborn,seaborn/_core/plot.py,Plotter,import_dependency_bundle,1,1,7024,ddf8c3abada51447,1.0,1.0,1.0889922480620156,True,False,high,expected to preserve stable API/import context with limited semantic contamination,target plus local import context and resolved import-file front matter,seaborn/_core/plot.py,Plotter
mwaskom__seaborn-3069,mwaskom/seaborn,seaborn/_core/plot.py,Plotter,test_target_bundle,4,2,6600,145865eddb66a44d,1.0,1.0,1.0232558139534884,False,True,medium,task-aligned variant for SWE-style repair; useful for output-drift and pass@1 non-degradation checks,target plus changed/FAIL_TO_PASS test functions,seaborn/_core/plot.py;tests/_core/test_plot.py,Plotter;TestInit.test_empty;TestInit.test_data_only;TestInit.test_df_and_named_variables
mwaskom__seaborn-3187,mwaskom/seaborn,seaborn/_core/scales.py,ContinuousBase._get_transform,ast_function_only,1,1,208,c67b2fc427e8078e,1.0,0.268733850129199,1.0,False,False,medium,baseline exact target span; useful when the patch-local symbol is self-contained,target function/method/class only,seaborn/_core/scales.py,ContinuousBase._get_transform
mwaskom__seaborn-3187,mwaskom/seaborn,seaborn/_core/scales.py,ContinuousBase._get_transform,call_neighborhood_1hop,8,1,853,be58bc38e10b294d,1.0,1.0,4.100961538461538,False,False,high,expected to improve lossy precision when target behavior depends on local helpers or dispatch utilities,target plus statically resolved direct callees,seaborn/_core/scales.py,ContinuousBase._get_transform;ContinuousBase._get_transform.get_param;_make_identity_transforms;_make_log_transforms;_make_logit_transforms;_make_power_transforms;_make_sqrt_transforms;_make_symlog_transforms
mwaskom__seaborn-3187,mwaskom/seaborn,seaborn/_core/scales.py,ContinuousBase._get_transform,reverse_callers_1hop,5,1,3167,508453c482ab7a78,1.0,1.0,15.225961538461538,False,False,diagnostic,diagnostic high-context variant; may increase semantic alignment but also raises drift risk from caller/test-specific context,target plus same-repo callers that reference it,seaborn/_core/scales.py,ContinuousBase._get_transform;Continuous._get_locators;Continuous;ContinuousBase._setup;ContinuousBase
mwaskom__seaborn-3187,mwaskom/seaborn,seaborn/_core/scales.py,ContinuousBase._get_transform,import_dependency_bundle,1,1,455,edaab896e0eb9ca5,1.0,0.5878552971576227,2.1875,True,False,high,expected to preserve stable API/import context with limited semantic contamination,target plus local import context and resolved import-file front matter,seaborn/_core/scales.py,ContinuousBase._get_transform
mwaskom__seaborn-3187,mwaskom/seaborn,seaborn/_core/scales.py,ContinuousBase._get_transform,test_target_bundle,7,3,1118,6c362186bb7efbf9,1.0,1.0,5.375,False,True,medium,task-aligned variant for SWE-style repair; useful for output-drift and pass@1 non-degradation checks,target plus changed/FAIL_TO_PASS test functions,seaborn/_core/scales.py;tests/_core/test_plot.py;tests/test_relational.py,ContinuousBase._get_transform;TestInit.test_empty;TestInit.test_data_only;TestInit.test_df_and_named_variables;SharedAxesLevelTests.test_color;TestRelationalPlotter.test_wide_df_variables;TestRelationalPlotter.test_wide_df_with_nonnumeric_variables
mwaskom__seaborn-3187,mwaskom/seaborn,seaborn/_core/scales.py,ContinuousBase._setup,ast_function_only,1,1,411,9228ef5701515728,1.0,0.5310077519379846,1.0,False,False,medium,baseline exact target span; useful when the patch-local symbol is self-contained,target function/method/class only,seaborn/_core/scales.py,ContinuousBase._setup
mwaskom__seaborn-3187,mwaskom/seaborn,seaborn/_core/scales.py,ContinuousBase._setup,call_neighborhood_1hop,24,3,4041,0fd9f5d70a6eeea0,1.0,1.0,9.832116788321168,False,False,high,expected to improve lossy precision when target behavior depends on local helpers or dispatch utilities,target plus statically resolved direct callees,seaborn/_core/properties.py;seaborn/_core/scales.py;seaborn/regression.py,ContinuousBase._setup;IntervalProperty.get_mapping;ObjectProperty.get_mapping;Property.get_mapping;Continuous.label;Continuous.tick;ContinuousBase._get_transform;Nominal._setup.CatScale.set_default_locators_and_formatters;Nominal._setup.convert_units;Nominal.label;Nominal.tick;PseudoAxis.convert_units;PseudoAxis.set_view_interval;PseudoAxis.update_units;PseudoAxis;Scale._get_scale.InternalScale.set_default_locators_and_formatters;Scale._get_scale;Scale.label;Scale.tick;Temporal.label;Temporal.tick;_make_log_transforms.forward;_make_power_transforms.forward;_LinearPlotter.dropna
mwaskom__seaborn-3187,mwaskom/seaborn,seaborn/_core/scales.py,ContinuousBase._setup,reverse_callers_1hop,3,2,8165,e7248ed9ddc4c144,1.0,1.0,19.8661800486618,False,False,diagnostic,diagnostic high-context variant; may increase semantic alignment but also raises drift risk from caller/test-specific context,target plus same-repo callers that reference it,seaborn/_core/plot.py;seaborn/_core/scales.py,ContinuousBase._setup;Plotter._setup_scales;Plotter
mwaskom__seaborn-3187,mwaskom/seaborn,seaborn/_core/scales.py,ContinuousBase._setup,import_dependency_bundle,1,1,658,06c8fd790cb8b80f,1.0,0.8501291989664083,1.6009732360097324,True,False,high,expected to preserve stable API/import context with limited semantic contamination,target plus local import context and resolved import-file front matter,seaborn/_core/scales.py,ContinuousBase._setup
mwaskom__seaborn-3187,mwaskom/seaborn,seaborn/_core/scales.py,ContinuousBase._setup,test_target_bundle,7,3,1321,fd888bbd9f1ea647,1.0,1.0,3.2141119221411194,False,True,medium,task-aligned variant for SWE-style repair; useful for output-drift and pass@1 non-degradation checks,target plus changed/FAIL_TO_PASS test functions,seaborn/_core/scales.py;tests/_core/test_plot.py;tests/test_relational.py,ContinuousBase._setup;TestInit.test_empty;TestInit.test_data_only;TestInit.test_df_and_named_variables;SharedAxesLevelTests.test_color;TestRelationalPlotter.test_wide_df_variables;TestRelationalPlotter.test_wide_df_with_nonnumeric_variables
mwaskom__seaborn-3187,mwaskom/seaborn,seaborn/_core/scales.py,ContinuousBase,ast_function_only,1,1,641,e59b78601e8e4cb4,1.0,0.8281653746770026,1.0,False,False,medium,baseline exact target span; useful when the patch-local symbol is self-contained,target function/method/class only,seaborn/_core/scales.py,ContinuousBase
mwaskom__seaborn-3187,mwaskom/seaborn,seaborn/_core/scales.py,ContinuousBase,call_neighborhood_1hop,31,3,4916,9e5b4fe74d90b7b3,1.0,1.0,7.669266770670827,False,False,high,expected to improve lossy precision when target behavior depends on local helpers or dispatch utilities,target plus statically resolved direct callees,seaborn/_core/properties.py;seaborn/_core/scales.py;seaborn/regression.py,ContinuousBase;IntervalProperty.get_mapping;ObjectProperty.get_mapping;Property.get_mapping;Continuous.label;Continuous.tick;ContinuousBase._get_transform.get_param;ContinuousBase._get_transform;Nominal._setup.CatScale.set_default_locators_and_formatters;Nominal._setup.convert_units;Nominal.label;Nominal.tick;PseudoAxis.convert_units;PseudoAxis.set_view_interval;PseudoAxis.update_units;PseudoAxis;Scale._get_scale.InternalScale.set_default_locators_and_formatters;Scale._get_scale;Scale.label;Scale.tick;Temporal.label;Temporal.tick;_make_identity_transforms;_make_log_transforms.forward;_make_log_transforms;_make_logit_transforms;_make_power_transforms.forward;_make_power_transforms;_make_sqrt_transforms;_make_symlog_transforms;_LinearPlotter.dropna
mwaskom__seaborn-3187,mwaskom/seaborn,seaborn/_core/scales.py,ContinuousBase,reverse_callers_1hop,1,1,641,e59b78601e8e4cb4,1.0,0.8281653746770026,1.0,False,False,diagnostic,diagnostic high-context variant; may increase semantic alignment but also raises drift risk from caller/test-specific context,target plus same-repo callers that reference it,seaborn/_core/scales.py,ContinuousBase
mwaskom__seaborn-3187,mwaskom/seaborn,seaborn/_core/scales.py,ContinuousBase,import_dependency_bundle,1,1,888,74c4fe3e918a445e,1.0,1.0,1.3853354134165368,True,False,high,expected to preserve stable API/import context with limited semantic contamination,target plus local import context and resolved import-file front matter,seaborn/_core/scales.py,ContinuousBase
mwaskom__seaborn-3187,mwaskom/seaborn,seaborn/_core/scales.py,ContinuousBase,test_target_bundle,7,3,1551,627684913eca3edf,1.0,1.0,2.419656786271451,False,True,medium,task-aligned variant for SWE-style repair; useful for output-drift and pass@1 non-degradation checks,target plus changed/FAIL_TO_PASS test functions,seaborn/_core/scales.py;tests/_core/test_plot.py;tests/test_relational.py,ContinuousBase;TestInit.test_empty;TestInit.test_data_only;TestInit.test_df_and_named_variables;SharedAxesLevelTests.test_color;TestRelationalPlotter.test_wide_df_variables;TestRelationalPlotter.test_wide_df_with_nonnumeric_variables
mwaskom__seaborn-3187,mwaskom/seaborn,seaborn/utils.py,locator_to_legend_entries,ast_function_only,1,1,182,46d2c6d408bdc8cb,1.0,0.1629364368845121,1.0,False,False,medium,baseline exact target span; useful when the patch-local symbol is self-contained,target function/method/class only,seaborn/utils.py,locator_to_legend_entries
mwaskom__seaborn-3187,mwaskom/seaborn,seaborn/utils.py,locator_to_legend_entries,call_neighborhood_1hop,2,1,193,aecb218f451926a5,1.0,0.1727842435094002,1.0604395604395604,False,False,high,expected to improve lossy precision when target behavior depends on local helpers or dispatch utilities,target plus statically resolved direct callees,seaborn/utils.py,locator_to_legend_entries;locator_to_legend_entries.dummy_axis
mwaskom__seaborn-3187,mwaskom/seaborn,seaborn/utils.py,locator_to_legend_entries,reverse_callers_1hop,4,3,2843,0fcde33c7ce8f746,1.0,1.0,15.62087912087912,False,False,diagnostic,diagnostic high-context variant; may increase semantic alignment but also raises drift risk from caller/test-specific context,target plus same-repo callers that reference it,seaborn/relational.py;seaborn/utils.py;tests/test_utils.py,locator_to_legend_entries;_RelationalPlotter.add_legend_data;_RelationalPlotter;test_locator_to_legend_entries
mwaskom__seaborn-3187,mwaskom/seaborn,seaborn/utils.py,locator_to_legend_entries,import_dependency_bundle,1,1,248,2fd54ea35eef82d5,1.0,0.22202327663384064,1.3626373626373627,True,False,high,expected to preserve stable API/import context with limited semantic contamination,target plus local import context and resolved import-file front matter,seaborn/utils.py,locator_to_legend_entries
mwaskom__seaborn-3187,mwaskom/seaborn,seaborn/utils.py,locator_to_legend_entries,test_target_bundle,7,3,1092,ee21ae3fb9c98189,1.0,0.9776186213070726,6.0,False,True,medium,task-aligned variant for SWE-style repair; useful for output-drift and pass@1 non-degradation checks,target plus changed/FAIL_TO_PASS test functions,seaborn/utils.py;tests/_core/test_plot.py;tests/test_relational.py,locator_to_legend_entries;TestInit.test_empty;TestInit.test_data_only;TestInit.test_df_and_named_variables;SharedAxesLevelTests.test_color;TestRelationalPlotter.test_wide_df_variables;TestRelationalPlotter.test_wide_df_with_nonnumeric_variables
pallets__flask-5014,pallets/flask,src/flask/blueprints.py,Blueprint.__init__,ast_function_only,1,1,247,859f0e7b3ead4bbf,1.0,0.19296875,1.0,False,False,medium,baseline exact target span; useful when the patch-local symbol is self-contained,target function/method/class only,src/flask/blueprints.py,Blueprint.__init__
pallets__flask-5014,pallets/flask,src/flask/blueprints.py,Blueprint.__init__,call_neighborhood_1hop,2,1,583,8e82778e2c79eb91,1.0,0.45546875,2.360323886639676,False,False,high,expected to improve lossy precision when target behavior depends on local helpers or dispatch utilities,target plus statically resolved direct callees,src/flask/blueprints.py,Blueprint.__init__;BlueprintSetupState.__init__
pallets__flask-5014,pallets/flask,src/flask/blueprints.py,Blueprint.__init__,reverse_callers_1hop,2,1,3995,785e5f83c34f92a5,1.0,1.0,16.17408906882591,False,False,diagnostic,diagnostic high-context variant; may increase semantic alignment but also raises drift risk from caller/test-specific context,target plus same-repo callers that reference it,src/flask/blueprints.py,Blueprint.__init__;Blueprint
pallets__flask-5014,pallets/flask,src/flask/blueprints.py,Blueprint.__init__,import_dependency_bundle,1,1,287,cd609ca5cc545a1a,1.0,0.22421875,1.1619433198380567,True,False,high,expected to preserve stable API/import context with limited semantic contamination,target plus local import context and resolved import-file front matter,src/flask/blueprints.py,Blueprint.__init__
pallets__flask-5014,pallets/flask,src/flask/blueprints.py,Blueprint.__init__,test_target_bundle,4,2,830,3722af0671de275d,1.0,0.6484375,3.360323886639676,False,True,medium,task-aligned variant for SWE-style repair; useful for output-drift and pass@1 non-degradation checks,target plus changed/FAIL_TO_PASS test functions,src/flask/blueprints.py;tests/test_blueprints.py,Blueprint.__init__;test_blueprint_specific_error_handling;test_blueprint_specific_user_error_handling;test_blueprint_app_error_handling
pallets__flask-5014,pallets/flask,src/flask/blueprints.py,Blueprint,ast_function_only,1,1,3748,a133766d661acca0,1.0,1.0,1.0,False,False,medium,baseline exact target span; useful when the patch-local symbol is self-contained,target function/method/class only,src/flask/blueprints.py,Blueprint
pallets__flask-5014,pallets/flask,src/flask/blueprints.py,Blueprint,call_neighborhood_1hop,23,6,8005,a46980c2c64b7113,1.0,1.0,2.1358057630736393,False,False,high,expected to improve lossy precision when target behavior depends on local helpers or dispatch utilities,target plus statically resolved direct callees,examples/tutorial/flaskr/blog.py;src/flask/blueprints.py;src/flask/ctx.py;src/flask/scaffold.py;src/flask/sessions.py;tests/test_basic.py,Blueprint;update;Blueprint.__init__;Blueprint.add_app_template_filter;Blueprint.add_app_template_global;Blueprint.add_app_template_test;Blueprint.add_url_rule;Blueprint.make_setup_state;Blueprint.record;Blueprint.record_once;Blueprint.register.extend;Blueprint.register;BlueprintSetupState.__init__;BlueprintSetupState.add_url_rule;BlueprintSetupState;RequestContext.copy;_AppCtxGlobals.get;_AppCtxGlobals.setdefault;Scaffold.errorhandler;Scaffold.get;SecureCookieSession.get;SecureCookieSession.setdefault;test_session_vary_cookie.setdefault
pallets__flask-5014,pallets/flask,src/flask/blueprints.py,Blueprint,reverse_callers_1hop,52,7,11736,02bea98544978182,1.0,1.0,3.1312700106723588,False,True,diagnostic,diagnostic high-context variant; may increase semantic alignment but also raises drift risk from caller/test-specific context,target plus same-repo callers that reference it,src/flask/blueprints.py;tests/test_async.py;tests/test_basic.py;tests/test_blueprints.py;tests/test_cli.py;tests/test_testing.py;tests/test_user_error_handler.py,Blueprint;_async_app;test_async_before_after_request;test_inject_blueprint_url_defaults;test_add_template_filter;test_add_template_filter_with_name;test_add_template_filter_with_name_and_template;test_add_template_filter_with_template;test_add_template_test;test_add_template_test_with_name;test_add_template_test_with_name_and_template;test_add_template_test_with_template;test_app_request_processing;test_app_url_processors;test_blueprint_app_error_handling;test_blueprint_prefix_slash;test_blueprint_renaming;test_blueprint_specific_error_handling;test_blueprint_specific_user_error_handling;test_blueprint_url_defaults;test_blueprint_url_processors;test_child_and_parent_subdomain;test_context_processing;test_dotted_name_not_allowed;test_dotted_names_from_app;test_empty_url_defaults;test_endpoint_decorator;test_nested_blueprint;test_nested_callback_order;test_nesting_subdomains;test_nesting_url_prefixes;test_request_processing;test_route_decorator_custom_endpoint;test_route_decorator_custom_endpoint_with_dots;test_self_registration;test_template_filter;test_template_filter_after_route_with_template;test_template_filter_with_name;test_template_filter_with_name_and_template;test_template_filter_with_template;test_template_global;test_template_test;test_template_test_after_route_with_template;test_template_test_with_name;test_template_test_with_name_and_template;test_template_test_with_template;test_unique_blueprint_names;test_cli_blueprints;test_cli_empty;test_blueprint_with_subdomain;test_default_error_handler;test_error_handler_blueprint
pallets__flask-5014,pallets/flask,src/flask/blueprints.py,Blueprint,import_dependency_bundle,1,1,3788,ba230e6eddc14a63,1.0,1.0,1.0106723585912487,True,False,high,expected to preserve stable API/import context with limited semantic contamination,target plus local import context and resolved import-file front matter,src/flask/blueprints.py,Blueprint
pallets__flask-5014,pallets/flask,src/flask/blueprints.py,Blueprint,test_target_bundle,4,2,4331,384f2070bd061225,1.0,1.0,1.1555496264674494,False,True,medium,task-aligned variant for SWE-style repair; useful for output-drift and pass@1 non-degradation checks,target plus changed/FAIL_TO_PASS test functions,src/flask/blueprints.py;tests/test_blueprints.py,Blueprint;test_blueprint_specific_error_handling;test_blueprint_specific_user_error_handling;test_blueprint_app_error_handling
psf__requests-1142,psf/requests,requests/models.py,PreparedRequest.prepare_content_length,ast_function_only,1,1,100,3d8bb3c05cec15d4,1.0,0.10427528675703858,1.0,False,False,medium,baseline exact target span; useful when the patch-local symbol is self-contained,target function/method/class only,requests/models.py,PreparedRequest.prepare_content_length
psf__requests-1142,psf/requests,requests/models.py,PreparedRequest.prepare_content_length,call_neighborhood_1hop,1,1,100,3d8bb3c05cec15d4,1.0,0.10427528675703858,1.0,False,False,high,expected to improve lossy precision when target behavior depends on local helpers or dispatch utilities,target plus statically resolved direct callees,requests/models.py,PreparedRequest.prepare_content_length
psf__requests-1142,psf/requests,requests/models.py,PreparedRequest.prepare_content_length,reverse_callers_1hop,4,1,1819,e048e71d80f91db3,1.0,1.0,18.19,False,False,diagnostic,diagnostic high-context variant; may increase semantic alignment but also raises drift risk from caller/test-specific context,target plus same-repo callers that reference it,requests/models.py,PreparedRequest.prepare_content_length;PreparedRequest.prepare_auth;PreparedRequest.prepare_body;PreparedRequest
psf__requests-1142,psf/requests,requests/models.py,PreparedRequest.prepare_content_length,import_dependency_bundle,1,1,209,dd524c99988c0a57,1.0,0.21793534932221065,2.09,True,False,high,expected to preserve stable API/import context with limited semantic contamination,target plus local import context and resolved import-file front matter,requests/models.py,PreparedRequest.prepare_content_length
psf__requests-1142,psf/requests,requests/models.py,PreparedRequest.prepare_content_length,test_target_bundle,4,2,225,34b71cda54d3f04d,1.0,0.2346193952033368,2.25,False,True,medium,task-aligned variant for SWE-style repair; useful for output-drift and pass@1 non-degradation checks,target plus changed/FAIL_TO_PASS test functions,requests/models.py;test_requests.py,PreparedRequest.prepare_content_length;RequestsTestCase.test_entry_points;RequestsTestCase.test_invalid_url;RequestsTestCase.test_basic_building
psf__requests-1142,psf/requests,requests/models.py,PreparedRequest,ast_function_only,1,1,1297,06906f2d9ba61121,1.0,1.0,1.0,False,False,medium,baseline exact target span; useful when the patch-local symbol is self-contained,target function/method/class only,requests/models.py,PreparedRequest
psf__requests-1142,psf/requests,requests/models.py,PreparedRequest,call_neighborhood_1hop,15,8,3000,5e18e6a97db10cce,1.0,1.0,2.3130300693909023,False,False,high,expected to improve lossy precision when target behavior depends on local helpers or dispatch utilities,target plus statically resolved direct callees,requests/auth.py;requests/cookies.py;requests/exceptions.py;requests/hooks.py;requests/models.py;requests/packages/urllib3/packages/ordered_dict.py;requests/structures.py;requests/utils.py,PreparedRequest;HTTPBasicAuth;cookiejar_from_dict;get_cookie_header;InvalidURL;MissingSchema;default_hooks;PreparedRequest.prepare_content_length;RequestEncodingMixin._encode_files;RequestEncodingMixin._encode_params;RequestHooksMixin.register_hook;OrderedDict.update;CaseInsensitiveDict;requote_uri;super_len
psf__requests-1142,psf/requests,requests/models.py,PreparedRequest,reverse_callers_1hop,3,1,1991,ea7833fdd2e67436,1.0,1.0,1.5350809560524288,False,False,diagnostic,diagnostic high-context variant; may increase semantic alignment but also raises drift risk from caller/test-specific context,target plus same-repo callers that reference it,requests/models.py,PreparedRequest;Request.prepare;Request
psf__requests-1142,psf/requests,requests/models.py,PreparedRequest,import_dependency_bundle,1,1,1406,017d85ef72e48538,1.0,1.0,1.0840400925212028,True,False,high,expected to preserve stable API/import context with limited semantic contamination,target plus local import context and resolved import-file front matter,requests/models.py,PreparedRequest
psf__requests-1142,psf/requests,requests/models.py,PreparedRequest,test_target_bundle,4,2,1422,5ffbd9c5165f1be9,1.0,1.0,1.0963762528912875,False,True,medium,task-aligned variant for SWE-style repair; useful for output-drift and pass@1 non-degradation checks,target plus changed/FAIL_TO_PASS test functions,requests/models.py;test_requests.py,PreparedRequest;RequestsTestCase.test_entry_points;RequestsTestCase.test_invalid_url;RequestsTestCase.test_basic_building
psf__requests-1724,psf/requests,requests/sessions.py,Session.request,ast_function_only,1,1,703,cec17330a8b5feb5,1.0,0.7462845010615711,1.0,False,False,medium,baseline exact target span; useful when the patch-local symbol is self-contained,target function/method/class only,requests/sessions.py,Session.request
psf__requests-1724,psf/requests,requests/sessions.py,Session.request,call_neighborhood_1hop,11,5,2818,3cf567a5f3e81cf8,1.0,1.0,4.008534850640114,False,False,high,expected to improve lossy precision when target behavior depends on local helpers or dispatch utilities,target plus statically resolved direct callees,requests/cookies.py;requests/models.py;requests/packages/urllib3/packages/ordered_dict.py;requests/sessions.py;requests/utils.py,Session.request;RequestsCookieJar.items;cookiejar_from_dict;Request;OrderedDict.items;OrderedDict.setdefault;Session.get;Session.prepare_request;Session.send;merge_setting;get_environ_proxies
psf__requests-1724,psf/requests,requests/sessions.py,Session.request,reverse_callers_1hop,13,3,9748,6001f1e15b943c20,1.0,1.0,13.866287339971551,False,False,diagnostic,diagnostic high-context variant; may increase semantic alignment but also raises drift risk from caller/test-specific context,target plus same-repo callers that reference it,requests/packages/urllib3/connectionpool.py;requests/packages/urllib3/contrib/ntlmpool.py;requests/sessions.py,Session.request;HTTPConnectionPool._make_request;HTTPConnectionPool;NTLMConnectionPool._new_conn;NTLMConnectionPool;Session.delete;Session.get;Session.head;Session.options;Session.patch;Session.post;Session.put;Session
psf__requests-1724,psf/requests,requests/sessions.py,Session.request,import_dependency_bundle,1,1,787,0e05121cec67ff46,1.0,0.8354564755838642,1.1194879089615932,True,False,high,expected to preserve stable API/import context with limited semantic contamination,target plus local import context and resolved import-file front matter,requests/sessions.py,Session.request
psf__requests-1724,psf/requests,requests/sessions.py,Session.request,test_target_bundle,4,2,849,dbcf46b37c7bf470,1.0,0.9012738853503185,1.2076813655761025,False,True,medium,task-aligned variant for SWE-style repair; useful for output-drift and pass@1 non-degradation checks,target plus changed/FAIL_TO_PASS test functions,requests/sessions.py;test_requests.py,Session.request;RequestsTestCase.test_entry_points;RequestsTestCase.test_invalid_url;RequestsTestCase.test_basic_building
psf__requests-1724,psf/requests,requests/sessions.py,Session,ast_function_only,1,1,2932,583ea262540247c0,1.0,1.0,1.0,False,False,medium,baseline exact target span; useful when the patch-local symbol is self-contained,target function/method/class only,requests/sessions.py,Session
psf__requests-1724,psf/requests,requests/sessions.py,Session,call_neighborhood_1hop,33,8,15315,e09146b11c71076f,1.0,1.0,5.223396998635743,False,False,high,expected to improve lossy precision when target behavior depends on local helpers or dispatch utilities,target plus statically resolved direct callees,requests/adapters.py;requests/cookies.py;requests/exceptions.py;requests/hooks.py;requests/models.py;requests/packages/urllib3/packages/ordered_dict.py;requests/sessions.py;requests/utils.py,Session;HTTPAdapter;RequestsCookieJar.items;RequestsCookieJar.update;RequestsCookieJar.values;RequestsCookieJar;cookiejar_from_dict;extract_cookies_to_jar;InvalidSchema;default_hooks;dispatch_hook;PreparedRequest.prepare;PreparedRequest;Request.prepare;Request;OrderedDict.items;OrderedDict.pop;OrderedDict.setdefault;OrderedDict.update;OrderedDict.values;OrderedDict;Session.close;Session.get;Session.get_adapter;Session.mount;Session.prepare_request;Session.request;Session.send;SessionRedirectMixin.resolve_redirects;merge_setting;default_headers;get_environ_proxies;get_netrc_auth
psf__requests-1724,psf/requests,requests/sessions.py,Session,reverse_callers_1hop,15,3,10514,87dce3d2361c989a,1.0,1.0,3.5859481582537516,False,True,diagnostic,diagnostic high-context variant; may increase semantic alignment but also raises drift risk from caller/test-specific context,target plus same-repo callers that reference it,requests/api.py;requests/sessions.py;test_requests.py,Session;request;session;RequestsTestCase.test_DIGEST_AUTH_SETS_SESSION_COOKIES;RequestsTestCase.test_HTTP_200_OK_GET_ALTERNATIVE;RequestsTestCase.test_cannot_send_unprepared_requests;RequestsTestCase.test_fixes_1329;RequestsTestCase.test_header_remove_is_case_insensitive;RequestsTestCase.test_mixed_case_scheme_acceptable;RequestsTestCase.test_params_are_merged_case_sensitive;RequestsTestCase.test_prepared_from_session;RequestsTestCase.test_prepared_request_hook;RequestsTestCase.test_session_pickling;RequestsTestCase.test_transport_adapter_ordering;RequestsTestCase
psf__requests-1724,psf/requests,requests/sessions.py,Session,import_dependency_bundle,1,1,3016,1a0fe8b331d634c5,1.0,1.0,1.028649386084584,True,False,high,expected to preserve stable API/import context with limited semantic contamination,target plus local import context and resolved import-file front matter,requests/sessions.py,Session
psf__requests-1724,psf/requests,requests/sessions.py,Session,test_target_bundle,4,2,3078,c52b01146544c803,1.0,1.0,1.0497953615279672,False,True,medium,task-aligned variant for SWE-style repair; useful for output-drift and pass@1 non-degradation checks,target plus changed/FAIL_TO_PASS test functions,requests/sessions.py;test_requests.py,Session;RequestsTestCase.test_entry_points;RequestsTestCase.test_invalid_url;RequestsTestCase.test_basic_building
