$ git checkout --force c84b91b7603e488f7171fdff8f08368ef3d6b856
$ git clean -fdx
$ git checkout --force e245046bb6e8b32360aa48b8a41fb7050f0fc730
$ git clean -fdx
$ git checkout --force f0632c0fc7339f68e992ed63ae4cfac76cd41aad
$ git clean -fdx
$ git checkout --force 39d0fdd9096f7dceccbc8f82e1eda7dd64717a8e
$ git clean -fdx
$ git checkout --force 0192aac24123735b3eaf9b08df46429bb770c283
$ git clean -fdx
$ git checkout --force c84b91b7603e488f7171fdff8f08368ef3d6b856
$ git clean -fdx
$ git checkout --force e245046bb6e8b32360aa48b8a41fb7050f0fc730
$ git clean -fdx
$ git apply --check /home/gfy/CodeMAS_Project/sglang-kvflow/results/swe_generated_patch_kvcomm/qwen2_5_7b_json_5_forceevict/django__django-11149/lossless.patch
$ git apply --check /home/gfy/CodeMAS_Project/sglang-kvflow/results/swe_generated_patch_kvcomm/qwen2_5_7b_json_5_forceevict/django__django-11149/lossy.patch
$ git checkout --force f0632c0fc7339f68e992ed63ae4cfac76cd41aad
$ git clean -fdx
$ git apply --check /home/gfy/CodeMAS_Project/sglang-kvflow/results/swe_generated_patch_kvcomm/qwen2_5_7b_json_5_forceevict/matplotlib__matplotlib-21568/lossless.patch
$ git apply --check /home/gfy/CodeMAS_Project/sglang-kvflow/results/swe_generated_patch_kvcomm/qwen2_5_7b_json_5_forceevict/matplotlib__matplotlib-21568/lossy.patch
$ git apply --check /home/gfy/CodeMAS_Project/sglang-kvflow/results/swe_generated_patch_kvcomm/qwen2_5_7b_json_5_forceevict/matplotlib__matplotlib-21568/lossy_prefetch.patch
$ git checkout --force 39d0fdd9096f7dceccbc8f82e1eda7dd64717a8e
$ git clean -fdx
$ git apply --check /home/gfy/CodeMAS_Project/sglang-kvflow/results/swe_generated_patch_kvcomm/qwen2_5_7b_json_5_forceevict/psf__requests-5414/lossless.patch
$ git apply --check /home/gfy/CodeMAS_Project/sglang-kvflow/results/swe_generated_patch_kvcomm/qwen2_5_7b_json_5_forceevict/psf__requests-5414/lossy.patch
$ git apply --check /home/gfy/CodeMAS_Project/sglang-kvflow/results/swe_generated_patch_kvcomm/qwen2_5_7b_json_5_forceevict/psf__requests-5414/lossy_prefetch.patch
$ git checkout --force 0192aac24123735b3eaf9b08df46429bb770c283
$ git clean -fdx
$ git apply --check /home/gfy/CodeMAS_Project/sglang-kvflow/results/swe_generated_patch_kvcomm/qwen2_5_7b_json_5_forceevict/psf__requests-6028/lossless.patch
$ git apply --check /home/gfy/CodeMAS_Project/sglang-kvflow/results/swe_generated_patch_kvcomm/qwen2_5_7b_json_5_forceevict/psf__requests-6028/lossy.patch
$ git apply --check /home/gfy/CodeMAS_Project/sglang-kvflow/results/swe_generated_patch_kvcomm/qwen2_5_7b_json_5_forceevict/psf__requests-6028/lossy_prefetch.patch
$ /home/gfy/.conda/envs/sglang-kvflow/bin/python /home/gfy/CodeMAS_Project/sglang-kvflow/benchmark/multi_workflow/setup_swebench_local_env.py --dataset results/swebench_local_envs/_5_new_discriminative_instances.json --instance-id django__django-11149 --mode candidate --candidate-patch /home/gfy/CodeMAS_Project/sglang-kvflow/results/swe_generated_patch_kvcomm/qwen2_5_7b_json_5_forceevict/django__django-11149/lossless.patch --timeout 1200
$ /home/gfy/.conda/envs/sglang-kvflow/bin/python /home/gfy/CodeMAS_Project/sglang-kvflow/benchmark/multi_workflow/setup_swebench_local_env.py --dataset results/swebench_local_envs/_5_new_discriminative_instances.json --instance-id django__django-11149 --mode candidate --candidate-patch /home/gfy/CodeMAS_Project/sglang-kvflow/results/swe_generated_patch_kvcomm/qwen2_5_7b_json_5_forceevict/django__django-11149/lossy.patch --timeout 1200
$ /home/gfy/.conda/envs/sglang-kvflow/bin/python /home/gfy/CodeMAS_Project/sglang-kvflow/benchmark/multi_workflow/setup_swebench_local_env.py --dataset results/swebench_local_envs/_5_new_discriminative_instances.json --instance-id matplotlib__matplotlib-21568 --mode candidate --candidate-patch /home/gfy/CodeMAS_Project/sglang-kvflow/results/swe_generated_patch_kvcomm/qwen2_5_7b_json_5_forceevict/matplotlib__matplotlib-21568/lossless.patch --timeout 1200
$ /home/gfy/.conda/envs/sglang-kvflow/bin/python /home/gfy/CodeMAS_Project/sglang-kvflow/benchmark/multi_workflow/setup_swebench_local_env.py --dataset results/swebench_local_envs/_5_new_discriminative_instances.json --instance-id matplotlib__matplotlib-21568 --mode candidate --candidate-patch /home/gfy/CodeMAS_Project/sglang-kvflow/results/swe_generated_patch_kvcomm/qwen2_5_7b_json_5_forceevict/matplotlib__matplotlib-21568/lossy.patch --timeout 1200
$ /home/gfy/.conda/envs/sglang-kvflow/bin/python /home/gfy/CodeMAS_Project/sglang-kvflow/benchmark/multi_workflow/setup_swebench_local_env.py --dataset results/swebench_local_envs/_5_new_discriminative_instances.json --instance-id matplotlib__matplotlib-21568 --mode candidate --candidate-patch /home/gfy/CodeMAS_Project/sglang-kvflow/results/swe_generated_patch_kvcomm/qwen2_5_7b_json_5_forceevict/matplotlib__matplotlib-21568/lossy_prefetch.patch --timeout 1200
$ /home/gfy/.conda/envs/sglang-kvflow/bin/python /home/gfy/CodeMAS_Project/sglang-kvflow/benchmark/multi_workflow/setup_swebench_local_env.py --dataset results/swebench_local_envs/_5_new_discriminative_instances.json --instance-id psf__requests-5414 --mode candidate --candidate-patch /home/gfy/CodeMAS_Project/sglang-kvflow/results/swe_generated_patch_kvcomm/qwen2_5_7b_json_5_forceevict/psf__requests-5414/lossless.patch --timeout 1200
$ /home/gfy/.conda/envs/sglang-kvflow/bin/python /home/gfy/CodeMAS_Project/sglang-kvflow/benchmark/multi_workflow/setup_swebench_local_env.py --dataset results/swebench_local_envs/_5_new_discriminative_instances.json --instance-id psf__requests-5414 --mode candidate --candidate-patch /home/gfy/CodeMAS_Project/sglang-kvflow/results/swe_generated_patch_kvcomm/qwen2_5_7b_json_5_forceevict/psf__requests-5414/lossy.patch --timeout 1200
$ /home/gfy/.conda/envs/sglang-kvflow/bin/python /home/gfy/CodeMAS_Project/sglang-kvflow/benchmark/multi_workflow/setup_swebench_local_env.py --dataset results/swebench_local_envs/_5_new_discriminative_instances.json --instance-id psf__requests-5414 --mode candidate --candidate-patch /home/gfy/CodeMAS_Project/sglang-kvflow/results/swe_generated_patch_kvcomm/qwen2_5_7b_json_5_forceevict/psf__requests-5414/lossy_prefetch.patch --timeout 1200
$ /home/gfy/.conda/envs/sglang-kvflow/bin/python /home/gfy/CodeMAS_Project/sglang-kvflow/benchmark/multi_workflow/setup_swebench_local_env.py --dataset results/swebench_local_envs/_5_new_discriminative_instances.json --instance-id psf__requests-6028 --mode candidate --candidate-patch /home/gfy/CodeMAS_Project/sglang-kvflow/results/swe_generated_patch_kvcomm/qwen2_5_7b_json_5_forceevict/psf__requests-6028/lossless.patch --timeout 1200
$ /home/gfy/.conda/envs/sglang-kvflow/bin/python /home/gfy/CodeMAS_Project/sglang-kvflow/benchmark/multi_workflow/setup_swebench_local_env.py --dataset results/swebench_local_envs/_5_new_discriminative_instances.json --instance-id psf__requests-6028 --mode candidate --candidate-patch /home/gfy/CodeMAS_Project/sglang-kvflow/results/swe_generated_patch_kvcomm/qwen2_5_7b_json_5_forceevict/psf__requests-6028/lossy.patch --timeout 1200
$ /home/gfy/.conda/envs/sglang-kvflow/bin/python /home/gfy/CodeMAS_Project/sglang-kvflow/benchmark/multi_workflow/setup_swebench_local_env.py --dataset results/swebench_local_envs/_5_new_discriminative_instances.json --instance-id psf__requests-6028 --mode candidate --candidate-patch /home/gfy/CodeMAS_Project/sglang-kvflow/results/swe_generated_patch_kvcomm/qwen2_5_7b_json_5_forceevict/psf__requests-6028/lossy_prefetch.patch --timeout 1200
{
  "model": "/home/gfy/.cache/huggingface/hub/models--Qwen--Qwen2.5-Coder-7B-Instruct/snapshots/c03e6d358207e414f1eca0bb1891e29f1db0e242",
  "timestamp": "2026-06-09 02:52:18",
  "results": [
    {
      "instance_id": "django__django-11138",
      "repo": "django/django",
      "target_paths": [
        "django/db/backends/mysql/operations.py",
        "django/db/backends/oracle/operations.py",
        "django/db/backends/sqlite3/base.py",
        "django/db/backends/sqlite3/operations.py"
      ],
      "segments": [
        {
          "name": "django/db/backends/mysql/operations.py",
          "lines": 306
        },
        {
          "name": "django/db/backends/oracle/operations.py",
          "lines": 517
        },
        {
          "name": "django/db/backends/sqlite3/base.py",
          "lines": 514
        }
      ],
      "modes": [
        {
          "mode": "lossless",
          "elapsed_ms": 3549.28,
          "repair_elapsed_ms": 4977.67,
          "cached_tokens": 15266,
          "lossy_meta": {
            "lossy_anchor_rope_delta": 0,
            "codebase_prefetch_hint_count": 0,
            "codebase_prefetch_text_count": 0,
            "codebase_prefetch_queued_tokens": 0,
            "codebase_prefetch_matched_tokens": 0,
            "codebase_prefetch_success_count": 0,
            "codebase_prefetch_device_hit_count": 0,
            "agenttemplatekv_prefetch_hit_count": 0,
            "agenttemplatekv_prefetch_miss_count": 0,
            "agenttemplatekv_prefetch_protected_tokens": 0,
            "agenttemplatekv_prefetch_newly_protected_tokens": 0,
            "agenttemplatekv_prefetch_consumed_count": 0,
            "agenttemplatekv_prefetch_expired_tokens": 0,
            "agenttemplatekv_rejected_large_gap_count": 0
          },
          "raw_output_path": "/home/gfy/CodeMAS_Project/sglang-kvflow/results/swe_generated_patch_kvcomm/qwen2_5_7b_json_5_forceevict/django__django-11138/lossless_output.txt",
          "patch_path": "/home/gfy/CodeMAS_Project/sglang-kvflow/results/swe_generated_patch_kvcomm/qwen2_5_7b_json_5_forceevict/django__django-11138/lossless.patch",
          "diff_extracted": false,
          "patch_synthesis": {
            "ok": false,
            "error": "search not found in django/db/backends/sqlite3/base.py",
            "edits": 3
          },
          "apply_check": {
            "returncode": null,
            "stdout_tail": "",
            "stderr_tail": "no diff extracted"
          },
          "repair_attempted": true,
          "generation_error": "",
          "candidate_test": {
            "returncode": null,
            "stdout_tail": "",
            "stderr_tail": "no diff extracted"
          }
        },
        {
          "mode": "lossy",
          "elapsed_ms": 5136.51,
          "repair_elapsed_ms": 5147.7,
          "cached_tokens": 15267,
          "lossy_meta": {
            "lossy_candidate_count": 8,
            "lossy_first_match_reason": "exact_code_content_signature",
            "lossy_first_reuse_allowed": true,
            "lossy_first_reuse_confidence": 0.6388,
            "lossy_first_matched_anchor_signature": "6e2f3773be4071a0",
            "lossy_first_matched_content_signature": "37907603b563181a7c86e64d00f81911",
            "lossy_first_syntax_region_type": "code_base",
            "lossy_first_matched_node_id": 5,
            "lossy_final_match_reason": "exact_code_content_signature",
            "lossy_final_reuse_allowed": true,
            "lossy_final_reuse_confidence": 0.6388,
            "lossy_final_matched_anchor_signature": "6e2f3773be4071a0",
            "lossy_final_matched_content_signature": "37907603b563181a7c86e64d00f81911",
            "lossy_final_syntax_region_type": "code_base",
            "lossy_final_matched_node_id": 5,
            "lossy_anchor_rope_delta": 0,
            "lossy_predicted_distance": 1.8268,
            "lossy_context_aware_confidence": 0.6388,
            "lossy_context_aware_multiplier": 0.6725,
            "codebase_prefetch_hint_count": 0,
            "codebase_prefetch_text_count": 0,
            "codebase_prefetch_queued_tokens": 0,
            "codebase_prefetch_matched_tokens": 0,
            "codebase_prefetch_success_count": 0,
            "codebase_prefetch_device_hit_count": 0,
            "agenttemplatekv_prefetch_hit_count": 0,
            "agenttemplatekv_prefetch_miss_count": 0,
            "agenttemplatekv_prefetch_protected_tokens": 0,
            "agenttemplatekv_prefetch_newly_protected_tokens": 0,
            "agenttemplatekv_prefetch_consumed_count": 0,
            "agenttemplatekv_prefetch_expired_tokens": 0,
            "agenttemplatekv_rejected_large_gap_count": 0
          },
          "raw_output_path": "/home/gfy/CodeMAS_Project/sglang-kvflow/results/swe_generated_patch_kvcomm/qwen2_5_7b_json_5_forceevict/django__django-11138/lossy_output.txt",
          "patch_path": "/home/gfy/CodeMAS_Project/sglang-kvflow/results/swe_generated_patch_kvcomm/qwen2_5_7b_json_5_forceevict/django__django-11138/lossy.patch",
          "diff_extracted": false,
          "patch_synthesis": {
            "ok": false,
            "error": "json parse failed: Expecting ',' delimiter: line 5 column 61 (char 149)",
            "edits": 0
          },
          "apply_check": {
            "returncode": null,
            "stdout_tail": "",
            "stderr_tail": "no diff extracted"
          },
          "repair_attempted": true,
          "generation_error": "",
          "candidate_test": {
            "returncode": null,
            "stdout_tail": "",
            "stderr_tail": "no diff extracted"
          }
        },
        {
          "mode": "lossy_prefetch",
          "elapsed_ms": 3458.27,
          "repair_elapsed_ms": 3467.37,
          "cached_tokens": 15268,
          "lossy_meta": {
            "lossy_candidate_count": 15,
            "lossy_first_match_reason": "exact_code_content_signature",
            "lossy_first_reuse_allowed": true,
            "lossy_first_reuse_confidence": 0.6388,
            "lossy_first_matched_anchor_signature": "6e2f3773be4071a0",
            "lossy_first_matched_content_signature": "37907603b563181a7c86e64d00f81911",
            "lossy_first_syntax_region_type": "code_base",
            "lossy_first_matched_node_id": 12,
            "lossy_final_match_reason": "exact_code_content_signature",
            "lossy_final_reuse_allowed": true,
            "lossy_final_reuse_confidence": 0.6388,
            "lossy_final_matched_anchor_signature": "6e2f3773be4071a0",
            "lossy_final_matched_content_signature": "37907603b563181a7c86e64d00f81911",
            "lossy_final_syntax_region_type": "code_base",
            "lossy_final_matched_node_id": 12,
            "lossy_anchor_rope_delta": 0,
            "lossy_predicted_distance": 1.8268,
            "lossy_context_aware_confidence": 0.6388,
            "lossy_context_aware_multiplier": 0.6725,
            "codebase_prefetch_hint_count": 3,
            "codebase_prefetch_text_count": 3,
            "codebase_prefetch_queued_tokens": 0,
            "codebase_prefetch_matched_tokens": 0,
            "codebase_prefetch_success_count": 0,
            "codebase_prefetch_device_hit_count": 0,
            "agenttemplatekv_prefetch_hit_count": 0,
            "agenttemplatekv_prefetch_miss_count": 0,
            "agenttemplatekv_prefetch_protected_tokens": 12978,
            "agenttemplatekv_prefetch_newly_protected_tokens": 12978,
            "agenttemplatekv_prefetch_consumed_count": 0,
            "agenttemplatekv_prefetch_expired_tokens": 0,
            "agenttemplatekv_rejected_large_gap_count": 0
          },
          "raw_output_path": "/home/gfy/CodeMAS_Project/sglang-kvflow/results/swe_generated_patch_kvcomm/qwen2_5_7b_json_5_forceevict/django__django-11138/lossy_prefetch_output.txt",
          "patch_path": "/home/gfy/CodeMAS_Project/sglang-kvflow/results/swe_generated_patch_kvcomm/qwen2_5_7b_json_5_forceevict/django__django-11138/lossy_prefetch.patch",
          "diff_extracted": false,
          "patch_synthesis": {
            "ok": false,
            "error": "json parse failed: Expecting ',' delimiter: line 5 column 55 (char 131)",
            "edits": 0
          },
          "apply_check": {
            "returncode": null,
            "stdout_tail": "",
            "stderr_tail": "no diff extracted"
          },
          "repair_attempted": true,
          "generation_error": "",
          "candidate_test": {
            "returncode": null,
            "stdout_tail": "",
            "stderr_tail": "no diff extracted"
          }
        }
      ]
    },
    {
      "instance_id": "django__django-11149",
      "repo": "django/django",
      "target_paths": [
        "django/contrib/admin/options.py"
      ],
      "segments": [
        {
          "name": "django/contrib/admin/options.py",
          "lines": 521
        },
        {
          "name": "django/db/models/fields/__init__.py",
          "lines": 574
        },
        {
          "name": "django/db/models/sql/query.py",
          "lines": 542
        }
      ],
      "modes": [
        {
          "mode": "lossless",
          "elapsed_ms": 2079.03,
          "repair_elapsed_ms": null,
          "cached_tokens": 15210,
          "lossy_meta": {
            "lossy_anchor_rope_delta": 0,
            "codebase_prefetch_hint_count": 0,
            "codebase_prefetch_text_count": 0,
            "codebase_prefetch_queued_tokens": 0,
            "codebase_prefetch_matched_tokens": 0,
            "codebase_prefetch_success_count": 0,
            "codebase_prefetch_device_hit_count": 0,
            "agenttemplatekv_prefetch_hit_count": 0,
            "agenttemplatekv_prefetch_miss_count": 0,
            "agenttemplatekv_prefetch_protected_tokens": 0,
            "agenttemplatekv_prefetch_newly_protected_tokens": 0,
            "agenttemplatekv_prefetch_consumed_count": 0,
            "agenttemplatekv_prefetch_expired_tokens": 0,
            "agenttemplatekv_rejected_large_gap_count": 0
          },
          "raw_output_path": "/home/gfy/CodeMAS_Project/sglang-kvflow/results/swe_generated_patch_kvcomm/qwen2_5_7b_json_5_forceevict/django__django-11149/lossless_output.txt",
          "patch_path": "/home/gfy/CodeMAS_Project/sglang-kvflow/results/swe_generated_patch_kvcomm/qwen2_5_7b_json_5_forceevict/django__django-11149/lossless.patch",
          "diff_extracted": true,
          "patch_synthesis": {
            "ok": true,
            "error": "",
            "edits": 1
          },
          "apply_check": {
            "returncode": 0,
            "stdout_tail": "",
            "stderr_tail": ""
          },
          "repair_attempted": false,
          "generation_error": "",
          "candidate_test": {
            "returncode": 1,
            "stdout_tail": "tables...\n    Creating table django_content_type\n    Creating table auth_permission\n    Creating table auth_group\n    Creating table auth_user\n    Creating table django_session\n    Creating table admin_inlines_parent\n    Creating table admin_inlines_teacher\n    Creating table admin_inlines_child\n    Creating table admin_inlines_book\n    Creating table admin_inlines_author\n    Creating table admin_inlines_nonautopkbook\n    Creating table admin_inlines_nonautopkbookchild\n    Creating table admin_inlines_editablepkbook\n    Creating table admin_inlines_holder\n    Creating table admin_inlines_inner\n    Creating table admin_inlines_holder2\n    Creating table admin_inlines_inner2\n    Creating table admin_inlines_holder3\n    Creating table admin_inlines_inner3\n    Creating table admin_inlines_holder4\n    Creating table admin_inlines_inner4stacked\n    Creating table admin_inlines_inner4tabular\n    Creating table admin_inlines_person\n    Creating table admin_inlines_outfititem\n    Creating table admin_inlines_fashionista\n    Creating table admin_inlines_shoppingweakness\n    Creating table admin_inlines_titlecollection\n    Creating table admin_inlines_title\n    Creating table admin_inlines_poll\n    Creating table admin_inlines_question\n    Creating table admin_inlines_novel\n    Creating table admin_inlines_chapter\n    Creating table admin_inlines_footnote\n    Creating table admin_inlines_capofamiglia\n    Creating table admin_inlines_consigliere\n    Creating table admin_inlines_sottocapo\n    Creating table admin_inlines_readonlyinline\n    Creating table admin_inlines_parentmodelwithcustompk\n    Creating table admin_inlines_childmodel1\n    Creating table admin_inlines_childmodel2\n    Creating table admin_inlines_binarytree\n    Creating table admin_inlines_lifeform\n    Creating table admin_inlines_extraterrestrial\n    Creating table admin_inlines_sighting\n    Creating table admin_inlines_someparentmodel\n    Creating table admin_inlines_somechildmodel\n    Creating table admin_inlines_profilecollection\n    Creating table admin_inlines_profile\n    Running deferred SQL...\nRunning migrations:\n  Applying admin.0001_initial... OK\n  Applying admin.0002_logentry_remove_auto_add... OK\n  Applying admin.0003_logentry_add_action_flag_choices... OK\n  Applying sites.0001_initial... OK\n  Applying sites.0002_alter_domain_unique... OK\nSystem check identified no issues (0 silenced).\n\n$ git fetch --all --tags\n$ git checkout --force e245046bb6e8b32360aa48b8a41fb7050f0fc730\n$ git clean -fdx\n$ /home/gfy/miniconda3/bin/conda create -y -n swe_django_django_11149_candidate python=3.6\n$ /home/gfy/miniconda3/bin/conda install -y -n swe_django_django_11149_candidate 'pip<25' wheel\n$ git apply /home/gfy/CodeMAS_Project/sglang-kvflow/results/swebench_local_envs/patches/django__django-11149/test.patch\n$ git apply /home/gfy/CodeMAS_Project/sglang-kvflow/results/swe_generated_patch_kvcomm/qwen2_5_7b_json_5_forceevict/django__django-11149/lossless.patch\n$ /home/gfy/miniconda3/bin/conda run -n swe_django_django_11149_candidate bash -lc 'python -m pip install -e .'\n$ /home/gfy/miniconda3/bin/conda run -n swe_django_django_11149_candidate ./tests/runtests.py --verbosity 2 --settings=test_sqlite --parallel 1 admin_inlines.tests.TestInlinePermissions.test_inline_add_m2m_view_only_perm admin_inlines.tests.TestInlinePermissions.test_inline_change_m2m_view_only_perm\n{\n  \"instance_id\": \"django__django-11149\",\n  \"repo\": \"django/django\",\n  \"version\": \"3.0\",\n  \"mode\": \"candidate\",\n  \"env_name\": \"swe_django_django_11149_candidate\",\n  \"repo_dir\": \"/home/gfy/CodeMAS_Project/sglang-kvflow/results/swebench_local_envs/repos/django__django-11149\",\n  \"skip_pre_install\": false,\n  \"test_cmd\": [\n    \"./tests/runtests.py\",\n    \"--verbosity\",\n    \"2\",\n    \"--settings=test_sqlite\",\n    \"--parallel\",\n    \"1\",\n    \"admin_inlines.tests.TestInlinePermissions.test_inline_add_m2m_view_only_perm\",\n    \"admin_inlines.tests.TestInlinePermissions.test_inline_change_m2m_view_only_perm\"\n  ],\n  \"returncode\": 1\n}\n",
            "stderr_tail": "  ^^^^^^^^^^^^^^^^^^^^^^^^^^^^^^^^^^^^^^^^^\n  File \"/home/gfy/CodeMAS_Project/sglang-kvflow/results/swebench_local_envs/repos/django__django-11149/django/forms/models.py\", line 549, in modelform_factory\n    return type(form)(class_name, (form,), form_class_attrs)\n           ^^^^^^^^^^^^^^^^^^^^^^^^^^^^^^^^^^^^^^^^^^^^^^^^^\n  File \"/home/gfy/CodeMAS_Project/sglang-kvflow/results/swebench_local_envs/repos/django__django-11149/django/forms/models.py\", line 249, in __new__\n    fields = fields_for_model(\n             ^^^^^^^^^^^^^^^^^\n  File \"/home/gfy/CodeMAS_Project/sglang-kvflow/results/swebench_local_envs/repos/django__django-11149/django/forms/models.py\", line 175, in fields_for_model\n    formfield = formfield_callback(f, **kwargs)\n                ^^^^^^^^^^^^^^^^^^^^^^^^^^^^^^^\n  File \"/home/gfy/CodeMAS_Project/sglang-kvflow/results/swebench_local_envs/repos/django__django-11149/django/contrib/admin/options.py\", line 156, in formfield_for_dbfield\n    formfield = self.formfield_for_manytomany(db_field, request, **kwargs)\n                ^^^^^^^^^^^^^^^^^^^^^^^^^^^^^^^^^^^^^^^^^^^^^^^^^^^^^^^^^^\n  File \"/home/gfy/CodeMAS_Project/sglang-kvflow/results/swebench_local_envs/repos/django__django-11149/django/contrib/admin/options.py\", line 246, in formfield_for_manytomany\n    return super().formfield_for_manytomany(db_field, request, **kwargs)\n           ^^^^^^^^^^^^^^^^^^^^^^^^^^^^^^^^\nAttributeError: 'super' object has no attribute 'formfield_for_manytomany'\n\n----------------------------------------------------------------------\nRan 2 tests in 0.061s\n\nFAILED (errors=2)\nDestroying test database for alias 'default' ('file:memorydb_default?mode=memory&cache=shared')...\n\nERROR conda.cli.main_run:execute(125): `conda run ./tests/runtests.py --verbosity 2 --settings=test_sqlite --parallel 1 admin_inlines.tests.TestInlinePermissions.test_inline_add_m2m_view_only_perm admin_inlines.tests.TestInlinePermissions.test_inline_change_m2m_view_only_perm` failed. (See above for error)\n"
          }
        },
        {
          "mode": "lossy",
          "elapsed_ms": 2054.21,
          "repair_elapsed_ms": null,
          "cached_tokens": 15211,
          "lossy_meta": {
            "lossy_candidate_count": 26,
            "lossy_first_match_reason": "exact_code_content_signature",
            "lossy_first_reuse_allowed": true,
            "lossy_first_reuse_confidence": 0.6388,
            "lossy_first_matched_anchor_signature": "fdaf8d0f218c00bd",
            "lossy_first_matched_content_signature": "9f785cb47ad6b36006e3f299b430c92a",
            "lossy_first_syntax_region_type": "code_base",
            "lossy_first_matched_node_id": 28,
            "lossy_final_match_reason": "exact_code_content_signature",
            "lossy_final_reuse_allowed": true,
            "lossy_final_reuse_confidence": 0.6388,
            "lossy_final_matched_anchor_signature": "fdaf8d0f218c00bd",
            "lossy_final_matched_content_signature": "9f785cb47ad6b36006e3f299b430c92a",
            "lossy_final_syntax_region_type": "code_base",
            "lossy_final_matched_node_id": 28,
            "lossy_anchor_rope_delta": 0,
            "lossy_predicted_distance": 1.8268,
            "lossy_context_aware_confidence": 0.6388,
            "lossy_context_aware_multiplier": 0.6725,
            "codebase_prefetch_hint_count": 0,
            "codebase_prefetch_text_count": 0,
            "codebase_prefetch_queued_tokens": 0,
            "codebase_prefetch_matched_tokens": 0,
            "codebase_prefetch_success_count": 0,
            "codebase_prefetch_device_hit_count": 0,
            "agenttemplatekv_prefetch_hit_count": 0,
            "agenttemplatekv_prefetch_miss_count": 0,
            "agenttemplatekv_prefetch_protected_tokens": 0,
            "agenttemplatekv_prefetch_newly_protected_tokens": 0,
            "agenttemplatekv_prefetch_consumed_count": 0,
            "agenttemplatekv_prefetch_expired_tokens": 0,
            "agenttemplatekv_rejected_large_gap_count": 0
          },
          "raw_output_path": "/home/gfy/CodeMAS_Project/sglang-kvflow/results/swe_generated_patch_kvcomm/qwen2_5_7b_json_5_forceevict/django__django-11149/lossy_output.txt",
          "patch_path": "/home/gfy/CodeMAS_Project/sglang-kvflow/results/swe_generated_patch_kvcomm/qwen2_5_7b_json_5_forceevict/django__django-11149/lossy.patch",
          "diff_extracted": true,
          "patch_synthesis": {
            "ok": true,
            "error": "",
            "edits": 1
          },
          "apply_check": {
            "returncode": 0,
            "stdout_tail": "",
            "stderr_tail": ""
          },
          "repair_attempted": false,
          "generation_error": "",
          "candidate_test": {
            "returncode": 1,
            "stdout_tail": "cfiles\n  Apply all migrations: admin, sites\nSynchronizing apps without migrations:\n  Creating tables...\n    Creating table django_content_type\n    Creating table auth_permission\n    Creating table auth_group\n    Creating table auth_user\n    Creating table django_session\n    Creating table admin_inlines_parent\n    Creating table admin_inlines_teacher\n    Creating table admin_inlines_child\n    Creating table admin_inlines_book\n    Creating table admin_inlines_author\n    Creating table admin_inlines_nonautopkbook\n    Creating table admin_inlines_nonautopkbookchild\n    Creating table admin_inlines_editablepkbook\n    Creating table admin_inlines_holder\n    Creating table admin_inlines_inner\n    Creating table admin_inlines_holder2\n    Creating table admin_inlines_inner2\n    Creating table admin_inlines_holder3\n    Creating table admin_inlines_inner3\n    Creating table admin_inlines_holder4\n    Creating table admin_inlines_inner4stacked\n    Creating table admin_inlines_inner4tabular\n    Creating table admin_inlines_person\n    Creating table admin_inlines_outfititem\n    Creating table admin_inlines_fashionista\n    Creating table admin_inlines_shoppingweakness\n    Creating table admin_inlines_titlecollection\n    Creating table admin_inlines_title\n    Creating table admin_inlines_poll\n    Creating table admin_inlines_question\n    Creating table admin_inlines_novel\n    Creating table admin_inlines_chapter\n    Creating table admin_inlines_footnote\n    Creating table admin_inlines_capofamiglia\n    Creating table admin_inlines_consigliere\n    Creating table admin_inlines_sottocapo\n    Creating table admin_inlines_readonlyinline\n    Creating table admin_inlines_parentmodelwithcustompk\n    Creating table admin_inlines_childmodel1\n    Creating table admin_inlines_childmodel2\n    Creating table admin_inlines_binarytree\n    Creating table admin_inlines_lifeform\n    Creating table admin_inlines_extraterrestrial\n    Creating table admin_inlines_sighting\n    Creating table admin_inlines_someparentmodel\n    Creating table admin_inlines_somechildmodel\n    Creating table admin_inlines_profilecollection\n    Creating table admin_inlines_profile\n    Running deferred SQL...\nRunning migrations:\n  Applying admin.0001_initial... OK\n  Applying admin.0002_logentry_remove_auto_add... OK\n  Applying admin.0003_logentry_add_action_flag_choices... OK\n  Applying sites.0001_initial... OK\n  Applying sites.0002_alter_domain_unique... OK\nSystem check identified no issues (0 silenced).\n\n$ git fetch --all --tags\n$ git checkout --force e245046bb6e8b32360aa48b8a41fb7050f0fc730\n$ git clean -fdx\n$ /home/gfy/miniconda3/bin/conda install -y -n swe_django_django_11149_candidate 'pip<25' wheel\n$ git apply /home/gfy/CodeMAS_Project/sglang-kvflow/results/swebench_local_envs/patches/django__django-11149/test.patch\n$ git apply /home/gfy/CodeMAS_Project/sglang-kvflow/results/swe_generated_patch_kvcomm/qwen2_5_7b_json_5_forceevict/django__django-11149/lossy.patch\n$ /home/gfy/miniconda3/bin/conda run -n swe_django_django_11149_candidate bash -lc 'python -m pip install -e .'\n$ /home/gfy/miniconda3/bin/conda run -n swe_django_django_11149_candidate ./tests/runtests.py --verbosity 2 --settings=test_sqlite --parallel 1 admin_inlines.tests.TestInlinePermissions.test_inline_add_m2m_view_only_perm admin_inlines.tests.TestInlinePermissions.test_inline_change_m2m_view_only_perm\n{\n  \"instance_id\": \"django__django-11149\",\n  \"repo\": \"django/django\",\n  \"version\": \"3.0\",\n  \"mode\": \"candidate\",\n  \"env_name\": \"swe_django_django_11149_candidate\",\n  \"repo_dir\": \"/home/gfy/CodeMAS_Project/sglang-kvflow/results/swebench_local_envs/repos/django__django-11149\",\n  \"skip_pre_install\": false,\n  \"test_cmd\": [\n    \"./tests/runtests.py\",\n    \"--verbosity\",\n    \"2\",\n    \"--settings=test_sqlite\",\n    \"--parallel\",\n    \"1\",\n    \"admin_inlines.tests.TestInlinePermissions.test_inline_add_m2m_view_only_perm\",\n    \"admin_inlines.tests.TestInlinePermissions.test_inline_change_m2m_view_only_perm\"\n  ],\n  \"returncode\": 1\n}\n",
            "stderr_tail": "  ^^^^^^^^^^^^^^^^^^^^^^^^^^^^^^^^^^^^^^^^^\n  File \"/home/gfy/CodeMAS_Project/sglang-kvflow/results/swebench_local_envs/repos/django__django-11149/django/forms/models.py\", line 549, in modelform_factory\n    return type(form)(class_name, (form,), form_class_attrs)\n           ^^^^^^^^^^^^^^^^^^^^^^^^^^^^^^^^^^^^^^^^^^^^^^^^^\n  File \"/home/gfy/CodeMAS_Project/sglang-kvflow/results/swebench_local_envs/repos/django__django-11149/django/forms/models.py\", line 249, in __new__\n    fields = fields_for_model(\n             ^^^^^^^^^^^^^^^^^\n  File \"/home/gfy/CodeMAS_Project/sglang-kvflow/results/swebench_local_envs/repos/django__django-11149/django/forms/models.py\", line 175, in fields_for_model\n    formfield = formfield_callback(f, **kwargs)\n                ^^^^^^^^^^^^^^^^^^^^^^^^^^^^^^^\n  File \"/home/gfy/CodeMAS_Project/sglang-kvflow/results/swebench_local_envs/repos/django__django-11149/django/contrib/admin/options.py\", line 156, in formfield_for_dbfield\n    formfield = self.formfield_for_manytomany(db_field, request, **kwargs)\n                ^^^^^^^^^^^^^^^^^^^^^^^^^^^^^^^^^^^^^^^^^^^^^^^^^^^^^^^^^^\n  File \"/home/gfy/CodeMAS_Project/sglang-kvflow/results/swebench_local_envs/repos/django__django-11149/django/contrib/admin/options.py\", line 246, in formfield_for_manytomany\n    return super().formfield_for_manytomany(db_field, request, **kwargs)\n           ^^^^^^^^^^^^^^^^^^^^^^^^^^^^^^^^\nAttributeError: 'super' object has no attribute 'formfield_for_manytomany'\n\n----------------------------------------------------------------------\nRan 2 tests in 0.059s\n\nFAILED (errors=2)\nDestroying test database for alias 'default' ('file:memorydb_default?mode=memory&cache=shared')...\n\nERROR conda.cli.main_run:execute(125): `conda run ./tests/runtests.py --verbosity 2 --settings=test_sqlite --parallel 1 admin_inlines.tests.TestInlinePermissions.test_inline_add_m2m_view_only_perm admin_inlines.tests.TestInlinePermissions.test_inline_change_m2m_view_only_perm` failed. (See above for error)\n"
          }
        },
        {
          "mode": "lossy_prefetch",
          "elapsed_ms": 1672.83,
          "repair_elapsed_ms": 3097.28,
          "cached_tokens": 15212,
          "lossy_meta": {
            "lossy_candidate_count": 29,
            "lossy_first_match_reason": "exact_code_content_signature",
            "lossy_first_reuse_allowed": true,
            "lossy_first_reuse_confidence": 0.6388,
            "lossy_first_matched_anchor_signature": "fdaf8d0f218c00bd",
            "lossy_first_matched_content_signature": "9f785cb47ad6b36006e3f299b430c92a",
            "lossy_first_syntax_region_type": "code_base",
            "lossy_first_matched_node_id": 28,
            "lossy_final_match_reason": "exact_code_content_signature",
            "lossy_final_reuse_allowed": true,
            "lossy_final_reuse_confidence": 0.6388,
            "lossy_final_matched_anchor_signature": "fdaf8d0f218c00bd",
            "lossy_final_matched_content_signature": "9f785cb47ad6b36006e3f299b430c92a",
            "lossy_final_syntax_region_type": "code_base",
            "lossy_final_matched_node_id": 28,
            "lossy_anchor_rope_delta": 0,
            "lossy_predicted_distance": 1.8268,
            "lossy_context_aware_confidence": 0.6388,
            "lossy_context_aware_multiplier": 0.6725,
            "codebase_prefetch_hint_count": 3,
            "codebase_prefetch_text_count": 3,
            "codebase_prefetch_queued_tokens": 0,
            "codebase_prefetch_matched_tokens": 0,
            "codebase_prefetch_success_count": 0,
            "codebase_prefetch_device_hit_count": 0,
            "agenttemplatekv_prefetch_hit_count": 0,
            "agenttemplatekv_prefetch_miss_count": 0,
            "agenttemplatekv_prefetch_protected_tokens": 13391,
            "agenttemplatekv_prefetch_newly_protected_tokens": 13391,
            "agenttemplatekv_prefetch_consumed_count": 0,
            "agenttemplatekv_prefetch_expired_tokens": 0,
            "agenttemplatekv_rejected_large_gap_count": 0
          },
          "raw_output_path": "/home/gfy/CodeMAS_Project/sglang-kvflow/results/swe_generated_patch_kvcomm/qwen2_5_7b_json_5_forceevict/django__django-11149/lossy_prefetch_output.txt",
          "patch_path": "/home/gfy/CodeMAS_Project/sglang-kvflow/results/swe_generated_patch_kvcomm/qwen2_5_7b_json_5_forceevict/django__django-11149/lossy_prefetch.patch",
          "diff_extracted": false,
          "patch_synthesis": {
            "ok": false,
            "error": "search not found in django/contrib/admin/options.py",
            "edits": 1
          },
          "apply_check": {
            "returncode": null,
            "stdout_tail": "",
            "stderr_tail": "no diff extracted"
          },
          "repair_attempted": true,
          "generation_error": "",
          "candidate_test": {
            "returncode": null,
            "stdout_tail": "",
            "stderr_tail": "no diff extracted"
          }
        }
      ]
    },
    {
      "instance_id": "matplotlib__matplotlib-21568",
      "repo": "matplotlib/matplotlib",
      "target_paths": [
        "lib/matplotlib/dates.py"
      ],
      "segments": [
        {
          "name": "lib/matplotlib/dates.py",
          "lines": 680
        },
        {
          "name": "lib/matplotlib/axes/_axes.py",
          "lines": 635
        },
        {
          "name": "lib/matplotlib/patches.py",
          "lines": 680
        }
      ],
      "modes": [
        {
          "mode": "lossless",
          "elapsed_ms": 1334.89,
          "repair_elapsed_ms": null,
          "cached_tokens": 17462,
          "lossy_meta": {
            "lossy_anchor_rope_delta": 0,
            "codebase_prefetch_hint_count": 0,
            "codebase_prefetch_text_count": 0,
            "codebase_prefetch_queued_tokens": 0,
            "codebase_prefetch_matched_tokens": 0,
            "codebase_prefetch_success_count": 0,
            "codebase_prefetch_device_hit_count": 0,
            "agenttemplatekv_prefetch_hit_count": 0,
            "agenttemplatekv_prefetch_miss_count": 0,
            "agenttemplatekv_prefetch_protected_tokens": 0,
            "agenttemplatekv_prefetch_newly_protected_tokens": 0,
            "agenttemplatekv_prefetch_consumed_count": 0,
            "agenttemplatekv_prefetch_expired_tokens": 0,
            "agenttemplatekv_rejected_large_gap_count": 0
          },
          "raw_output_path": "/home/gfy/CodeMAS_Project/sglang-kvflow/results/swe_generated_patch_kvcomm/qwen2_5_7b_json_5_forceevict/matplotlib__matplotlib-21568/lossless_output.txt",
          "patch_path": "/home/gfy/CodeMAS_Project/sglang-kvflow/results/swe_generated_patch_kvcomm/qwen2_5_7b_json_5_forceevict/matplotlib__matplotlib-21568/lossless.patch",
          "diff_extracted": true,
          "patch_synthesis": {
            "ok": true,
            "error": "",
            "edits": 1
          },
          "apply_check": {
            "returncode": 0,
            "stdout_tail": "",
            "stderr_tail": ""
          },
          "repair_attempted": false,
          "generation_error": "",
          "candidate_test": {
            "returncode": 1,
            "stdout_tail": "   Use -v to get more diff\n\nlib/matplotlib/tests/test_dates.py:637: AssertionError\n=============================== warnings summary ===============================\n../../../../../../KVCOMM/.venv/lib/python3.12/site-packages/pyparsing.py:108\n  /home/gfy/KVCOMM/.venv/lib/python3.12/site-packages/pyparsing.py:108: DeprecationWarning: module 'sre_constants' is deprecated\n    import sre_constants\n\n-- Docs: https://docs.pytest.org/en/stable/how-to/capture-warnings.html\n=========================== short test summary info ============================\nFAILED lib/matplotlib/tests/test_dates.py::test_date_formatter_usetex[delta2-expected2]\nFAILED lib/matplotlib/tests/test_dates.py::test_date_formatter_usetex[delta3-expected3]\nFAILED lib/matplotlib/tests/test_dates.py::test_concise_formatter_usetex[t_delta2-expected2]\nFAILED lib/matplotlib/tests/test_dates.py::test_concise_formatter_usetex[t_delta3-expected3]\n========================= 4 failed, 1 warning in 0.76s =========================\n\n$ git fetch --all --tags\n$ git checkout --force f0632c0fc7339f68e992ed63ae4cfac76cd41aad\n$ git clean -fdx\n$ /home/gfy/miniconda3/bin/conda install -y -n swe_matplotlib_matplotlib_21568_candidate 'pip<25' wheel\n$ /home/gfy/miniconda3/bin/conda install -y -n swe_matplotlib_matplotlib_21568_candidate freetype=2.10.4 pkg-config qhull libpng\nSkipping root-only pre_install on local fallback: apt-get -y update && apt-get -y upgrade && DEBIAN_FRONTEND=noninteractive apt-get install -y imagemagick ffmpeg libfreetype6-dev pkg-config texlive texlive-latex-extra texlive-fonts-recommended texlive-xetex texlive-luatex cm-super\nSkipping root-only pre_install on local fallback: QHULL_URL=\"http://www.qhull.org/download/qhull-2020-src-8.0.2.tgz\"\nSkipping root-only pre_install on local fallback: QHULL_TAR=\"/tmp/qhull-2020-src-8.0.2.tgz\"\nSkipping root-only pre_install on local fallback: QHULL_BUILD_DIR=\"/testbed/build\"\nSkipping root-only pre_install on local fallback: wget -O \"$QHULL_TAR\" \"$QHULL_URL\"\nSkipping root-only pre_install on local fallback: mkdir -p \"$QHULL_BUILD_DIR\"\nSkipping root-only pre_install on local fallback: tar -xvzf \"$QHULL_TAR\" -C \"$QHULL_BUILD_DIR\"\n$ /home/gfy/miniconda3/bin/conda run -n swe_matplotlib_matplotlib_21568_candidate python -m pip install pytest ipython\n$ /home/gfy/miniconda3/bin/conda run -n swe_matplotlib_matplotlib_21568_candidate python -m pip install pytest\n$ git apply /home/gfy/CodeMAS_Project/sglang-kvflow/results/swebench_local_envs/patches/matplotlib__matplotlib-21568/test.patch\n$ git apply /home/gfy/CodeMAS_Project/sglang-kvflow/results/swe_generated_patch_kvcomm/qwen2_5_7b_json_5_forceevict/matplotlib__matplotlib-21568/lossless.patch\n$ /home/gfy/miniconda3/bin/conda run -n swe_matplotlib_matplotlib_21568_candidate bash -lc 'python -m pip install -e .'\n$ /home/gfy/miniconda3/bin/conda run -n swe_matplotlib_matplotlib_21568_candidate pytest -rA 'lib/matplotlib/tests/test_dates.py::test_date_formatter_usetex[delta2-expected2]' 'lib/matplotlib/tests/test_dates.py::test_date_formatter_usetex[delta3-expected3]' 'lib/matplotlib/tests/test_dates.py::test_concise_formatter_usetex[t_delta2-expected2]' 'lib/matplotlib/tests/test_dates.py::test_concise_formatter_usetex[t_delta3-expected3]'\n{\n  \"instance_id\": \"matplotlib__matplotlib-21568\",\n  \"repo\": \"matplotlib/matplotlib\",\n  \"version\": \"3.4\",\n  \"mode\": \"candidate\",\n  \"env_name\": \"swe_matplotlib_matplotlib_21568_candidate\",\n  \"repo_dir\": \"/home/gfy/CodeMAS_Project/sglang-kvflow/results/swebench_local_envs/repos/matplotlib__matplotlib-21568\",\n  \"skip_pre_install\": false,\n  \"test_cmd\": [\n    \"pytest\",\n    \"-rA\",\n    \"lib/matplotlib/tests/test_dates.py::test_date_formatter_usetex[delta2-expected2]\",\n    \"lib/matplotlib/tests/test_dates.py::test_date_formatter_usetex[delta3-expected3]\",\n    \"lib/matplotlib/tests/test_dates.py::test_concise_formatter_usetex[t_delta2-expected2]\",\n    \"lib/matplotlib/tests/test_dates.py::test_concise_formatter_usetex[t_delta3-expected3]\"\n  ],\n  \"returncode\": 1\n}\n",
            "stderr_tail": "HEAD is now at f0632c0fc7 Merge pull request #21558 from anntzer/sp\n\n\n==> WARNING: A newer version of conda exists. <==\n    current version: 25.3.1\n    latest version: 26.5.2\n\nPlease update conda by running\n\n    $ conda update -n base -c defaults conda\n\n\n\n\n==> WARNING: A newer version of conda exists. <==\n    current version: 25.3.1\n    latest version: 26.5.2\n\nPlease update conda by running\n\n    $ conda update -n base -c defaults conda\n\n\n\n[notice] A new release of pip is available: 26.1.1 -> 26.1.2\n[notice] To update, run: pip install --upgrade pip\n\n\n[notice] A new release of pip is available: 26.1.1 -> 26.1.2\n[notice] To update, run: pip install --upgrade pip\n\n\n[notice] A new release of pip is available: 26.1.1 -> 26.1.2\n[notice] To update, run: pip3.12 install --upgrade pip\n\nERROR conda.cli.main_run:execute(125): `conda run pytest -rA lib/matplotlib/tests/test_dates.py::test_date_formatter_usetex[delta2-expected2] lib/matplotlib/tests/test_dates.py::test_date_formatter_usetex[delta3-expected3] lib/matplotlib/tests/test_dates.py::test_concise_formatter_usetex[t_delta2-expected2] lib/matplotlib/tests/test_dates.py::test_concise_formatter_usetex[t_delta3-expected3]` failed. (See above for error)\n"
          }
        },
        {
          "mode": "lossy",
          "elapsed_ms": 1099.62,
          "repair_elapsed_ms": null,
          "cached_tokens": 17463,
          "lossy_meta": {
            "lossy_candidate_count": 23,
            "lossy_first_match_reason": "exact_code_content_signature",
            "lossy_first_reuse_allowed": true,
            "lossy_first_reuse_confidence": 0.6388,
            "lossy_first_matched_anchor_signature": "ab8bab903226a2b9",
            "lossy_first_matched_content_signature": "060d3dc6bf8c5f12f5db9b7c2c5992e1",
            "lossy_first_syntax_region_type": "code_base",
            "lossy_first_matched_node_id": 45,
            "lossy_final_match_reason": "exact_code_content_signature",
            "lossy_final_reuse_allowed": true,
            "lossy_final_reuse_confidence": 0.6388,
            "lossy_final_matched_anchor_signature": "ab8bab903226a2b9",
            "lossy_final_matched_content_signature": "060d3dc6bf8c5f12f5db9b7c2c5992e1",
            "lossy_final_syntax_region_type": "code_base",
            "lossy_final_matched_node_id": 45,
            "lossy_anchor_rope_delta": 0,
            "lossy_predicted_distance": 1.8268,
            "lossy_context_aware_confidence": 0.6388,
            "lossy_context_aware_multiplier": 0.6725,
            "codebase_prefetch_hint_count": 0,
            "codebase_prefetch_text_count": 0,
            "codebase_prefetch_queued_tokens": 0,
            "codebase_prefetch_matched_tokens": 0,
            "codebase_prefetch_success_count": 0,
            "codebase_prefetch_device_hit_count": 0,
            "agenttemplatekv_prefetch_hit_count": 0,
            "agenttemplatekv_prefetch_miss_count": 0,
            "agenttemplatekv_prefetch_protected_tokens": 0,
            "agenttemplatekv_prefetch_newly_protected_tokens": 0,
            "agenttemplatekv_prefetch_consumed_count": 0,
            "agenttemplatekv_prefetch_expired_tokens": 0,
            "agenttemplatekv_rejected_large_gap_count": 0
          },
          "raw_output_path": "/home/gfy/CodeMAS_Project/sglang-kvflow/results/swe_generated_patch_kvcomm/qwen2_5_7b_json_5_forceevict/matplotlib__matplotlib-21568/lossy_output.txt",
          "patch_path": "/home/gfy/CodeMAS_Project/sglang-kvflow/results/swe_generated_patch_kvcomm/qwen2_5_7b_json_5_forceevict/matplotlib__matplotlib-21568/lossy.patch",
          "diff_extracted": true,
          "patch_synthesis": {
            "ok": true,
            "error": "",
            "edits": 1
          },
          "apply_check": {
            "returncode": 0,
            "stdout_tail": "",
            "stderr_tail": ""
          },
          "repair_attempted": false,
          "generation_error": "",
          "candidate_test": {
            "returncode": 1,
            "stdout_tail": "      Use -v to get more diff\n\nlib/matplotlib/tests/test_dates.py:637: AssertionError\n=============================== warnings summary ===============================\n../../../../../../KVCOMM/.venv/lib/python3.12/site-packages/pyparsing.py:108\n  /home/gfy/KVCOMM/.venv/lib/python3.12/site-packages/pyparsing.py:108: DeprecationWarning: module 'sre_constants' is deprecated\n    import sre_constants\n\n-- Docs: https://docs.pytest.org/en/stable/how-to/capture-warnings.html\n=========================== short test summary info ============================\nFAILED lib/matplotlib/tests/test_dates.py::test_date_formatter_usetex[delta2-expected2]\nFAILED lib/matplotlib/tests/test_dates.py::test_date_formatter_usetex[delta3-expected3]\nFAILED lib/matplotlib/tests/test_dates.py::test_concise_formatter_usetex[t_delta2-expected2]\nFAILED lib/matplotlib/tests/test_dates.py::test_concise_formatter_usetex[t_delta3-expected3]\n========================= 4 failed, 1 warning in 0.75s =========================\n\n$ git fetch --all --tags\n$ git checkout --force f0632c0fc7339f68e992ed63ae4cfac76cd41aad\n$ git clean -fdx\n$ /home/gfy/miniconda3/bin/conda install -y -n swe_matplotlib_matplotlib_21568_candidate 'pip<25' wheel\n$ /home/gfy/miniconda3/bin/conda install -y -n swe_matplotlib_matplotlib_21568_candidate freetype=2.10.4 pkg-config qhull libpng\nSkipping root-only pre_install on local fallback: apt-get -y update && apt-get -y upgrade && DEBIAN_FRONTEND=noninteractive apt-get install -y imagemagick ffmpeg libfreetype6-dev pkg-config texlive texlive-latex-extra texlive-fonts-recommended texlive-xetex texlive-luatex cm-super\nSkipping root-only pre_install on local fallback: QHULL_URL=\"http://www.qhull.org/download/qhull-2020-src-8.0.2.tgz\"\nSkipping root-only pre_install on local fallback: QHULL_TAR=\"/tmp/qhull-2020-src-8.0.2.tgz\"\nSkipping root-only pre_install on local fallback: QHULL_BUILD_DIR=\"/testbed/build\"\nSkipping root-only pre_install on local fallback: wget -O \"$QHULL_TAR\" \"$QHULL_URL\"\nSkipping root-only pre_install on local fallback: mkdir -p \"$QHULL_BUILD_DIR\"\nSkipping root-only pre_install on local fallback: tar -xvzf \"$QHULL_TAR\" -C \"$QHULL_BUILD_DIR\"\n$ /home/gfy/miniconda3/bin/conda run -n swe_matplotlib_matplotlib_21568_candidate python -m pip install pytest ipython\n$ /home/gfy/miniconda3/bin/conda run -n swe_matplotlib_matplotlib_21568_candidate python -m pip install pytest\n$ git apply /home/gfy/CodeMAS_Project/sglang-kvflow/results/swebench_local_envs/patches/matplotlib__matplotlib-21568/test.patch\n$ git apply /home/gfy/CodeMAS_Project/sglang-kvflow/results/swe_generated_patch_kvcomm/qwen2_5_7b_json_5_forceevict/matplotlib__matplotlib-21568/lossy.patch\n$ /home/gfy/miniconda3/bin/conda run -n swe_matplotlib_matplotlib_21568_candidate bash -lc 'python -m pip install -e .'\n$ /home/gfy/miniconda3/bin/conda run -n swe_matplotlib_matplotlib_21568_candidate pytest -rA 'lib/matplotlib/tests/test_dates.py::test_date_formatter_usetex[delta2-expected2]' 'lib/matplotlib/tests/test_dates.py::test_date_formatter_usetex[delta3-expected3]' 'lib/matplotlib/tests/test_dates.py::test_concise_formatter_usetex[t_delta2-expected2]' 'lib/matplotlib/tests/test_dates.py::test_concise_formatter_usetex[t_delta3-expected3]'\n{\n  \"instance_id\": \"matplotlib__matplotlib-21568\",\n  \"repo\": \"matplotlib/matplotlib\",\n  \"version\": \"3.4\",\n  \"mode\": \"candidate\",\n  \"env_name\": \"swe_matplotlib_matplotlib_21568_candidate\",\n  \"repo_dir\": \"/home/gfy/CodeMAS_Project/sglang-kvflow/results/swebench_local_envs/repos/matplotlib__matplotlib-21568\",\n  \"skip_pre_install\": false,\n  \"test_cmd\": [\n    \"pytest\",\n    \"-rA\",\n    \"lib/matplotlib/tests/test_dates.py::test_date_formatter_usetex[delta2-expected2]\",\n    \"lib/matplotlib/tests/test_dates.py::test_date_formatter_usetex[delta3-expected3]\",\n    \"lib/matplotlib/tests/test_dates.py::test_concise_formatter_usetex[t_delta2-expected2]\",\n    \"lib/matplotlib/tests/test_dates.py::test_concise_formatter_usetex[t_delta3-expected3]\"\n  ],\n  \"returncode\": 1\n}\n",
            "stderr_tail": "HEAD is now at f0632c0fc7 Merge pull request #21558 from anntzer/sp\n\n\n==> WARNING: A newer version of conda exists. <==\n    current version: 25.3.1\n    latest version: 26.5.2\n\nPlease update conda by running\n\n    $ conda update -n base -c defaults conda\n\n\n\n\n==> WARNING: A newer version of conda exists. <==\n    current version: 25.3.1\n    latest version: 26.5.2\n\nPlease update conda by running\n\n    $ conda update -n base -c defaults conda\n\n\n\n[notice] A new release of pip is available: 26.1.1 -> 26.1.2\n[notice] To update, run: pip install --upgrade pip\n\n\n[notice] A new release of pip is available: 26.1.1 -> 26.1.2\n[notice] To update, run: pip install --upgrade pip\n\n\n[notice] A new release of pip is available: 26.1.1 -> 26.1.2\n[notice] To update, run: pip3.12 install --upgrade pip\n\nERROR conda.cli.main_run:execute(125): `conda run pytest -rA lib/matplotlib/tests/test_dates.py::test_date_formatter_usetex[delta2-expected2] lib/matplotlib/tests/test_dates.py::test_date_formatter_usetex[delta3-expected3] lib/matplotlib/tests/test_dates.py::test_concise_formatter_usetex[t_delta2-expected2] lib/matplotlib/tests/test_dates.py::test_concise_formatter_usetex[t_delta3-expected3]` failed. (See above for error)\n"
          }
        },
        {
          "mode": "lossy_prefetch",
          "elapsed_ms": 1120.07,
          "repair_elapsed_ms": null,
          "cached_tokens": 17464,
          "lossy_meta": {
            "lossy_candidate_count": 26,
            "lossy_first_match_reason": "exact_code_content_signature",
            "lossy_first_reuse_allowed": true,
            "lossy_first_reuse_confidence": 0.6388,
            "lossy_first_matched_anchor_signature": "ab8bab903226a2b9",
            "lossy_first_matched_content_signature": "060d3dc6bf8c5f12f5db9b7c2c5992e1",
            "lossy_first_syntax_region_type": "code_base",
            "lossy_first_matched_node_id": 45,
            "lossy_final_match_reason": "exact_code_content_signature",
            "lossy_final_reuse_allowed": true,
            "lossy_final_reuse_confidence": 0.6388,
            "lossy_final_matched_anchor_signature": "ab8bab903226a2b9",
            "lossy_final_matched_content_signature": "060d3dc6bf8c5f12f5db9b7c2c5992e1",
            "lossy_final_syntax_region_type": "code_base",
            "lossy_final_matched_node_id": 45,
            "lossy_anchor_rope_delta": 0,
            "lossy_predicted_distance": 1.8268,
            "lossy_context_aware_confidence": 0.6388,
            "lossy_context_aware_multiplier": 0.6725,
            "codebase_prefetch_hint_count": 3,
            "codebase_prefetch_text_count": 3,
            "codebase_prefetch_queued_tokens": 0,
            "codebase_prefetch_matched_tokens": 0,
            "codebase_prefetch_success_count": 0,
            "codebase_prefetch_device_hit_count": 0,
            "agenttemplatekv_prefetch_hit_count": 0,
            "agenttemplatekv_prefetch_miss_count": 0,
            "agenttemplatekv_prefetch_protected_tokens": 15582,
            "agenttemplatekv_prefetch_newly_protected_tokens": 15582,
            "agenttemplatekv_prefetch_consumed_count": 0,
            "agenttemplatekv_prefetch_expired_tokens": 0,
            "agenttemplatekv_rejected_large_gap_count": 0
          },
          "raw_output_path": "/home/gfy/CodeMAS_Project/sglang-kvflow/results/swe_generated_patch_kvcomm/qwen2_5_7b_json_5_forceevict/matplotlib__matplotlib-21568/lossy_prefetch_output.txt",
          "patch_path": "/home/gfy/CodeMAS_Project/sglang-kvflow/results/swe_generated_patch_kvcomm/qwen2_5_7b_json_5_forceevict/matplotlib__matplotlib-21568/lossy_prefetch.patch",
          "diff_extracted": true,
          "patch_synthesis": {
            "ok": true,
            "error": "",
            "edits": 1
          },
          "apply_check": {
            "returncode": 0,
            "stdout_tail": "",
            "stderr_tail": ""
          },
          "repair_attempted": false,
          "generation_error": "",
          "candidate_test": {
            "returncode": 1,
            "stdout_tail": " -v to get more diff\n\nlib/matplotlib/tests/test_dates.py:637: AssertionError\n=============================== warnings summary ===============================\n../../../../../../KVCOMM/.venv/lib/python3.12/site-packages/pyparsing.py:108\n  /home/gfy/KVCOMM/.venv/lib/python3.12/site-packages/pyparsing.py:108: DeprecationWarning: module 'sre_constants' is deprecated\n    import sre_constants\n\n-- Docs: https://docs.pytest.org/en/stable/how-to/capture-warnings.html\n=========================== short test summary info ============================\nFAILED lib/matplotlib/tests/test_dates.py::test_date_formatter_usetex[delta2-expected2]\nFAILED lib/matplotlib/tests/test_dates.py::test_date_formatter_usetex[delta3-expected3]\nFAILED lib/matplotlib/tests/test_dates.py::test_concise_formatter_usetex[t_delta2-expected2]\nFAILED lib/matplotlib/tests/test_dates.py::test_concise_formatter_usetex[t_delta3-expected3]\n========================= 4 failed, 1 warning in 0.75s =========================\n\n$ git fetch --all --tags\n$ git checkout --force f0632c0fc7339f68e992ed63ae4cfac76cd41aad\n$ git clean -fdx\n$ /home/gfy/miniconda3/bin/conda install -y -n swe_matplotlib_matplotlib_21568_candidate 'pip<25' wheel\n$ /home/gfy/miniconda3/bin/conda install -y -n swe_matplotlib_matplotlib_21568_candidate freetype=2.10.4 pkg-config qhull libpng\nSkipping root-only pre_install on local fallback: apt-get -y update && apt-get -y upgrade && DEBIAN_FRONTEND=noninteractive apt-get install -y imagemagick ffmpeg libfreetype6-dev pkg-config texlive texlive-latex-extra texlive-fonts-recommended texlive-xetex texlive-luatex cm-super\nSkipping root-only pre_install on local fallback: QHULL_URL=\"http://www.qhull.org/download/qhull-2020-src-8.0.2.tgz\"\nSkipping root-only pre_install on local fallback: QHULL_TAR=\"/tmp/qhull-2020-src-8.0.2.tgz\"\nSkipping root-only pre_install on local fallback: QHULL_BUILD_DIR=\"/testbed/build\"\nSkipping root-only pre_install on local fallback: wget -O \"$QHULL_TAR\" \"$QHULL_URL\"\nSkipping root-only pre_install on local fallback: mkdir -p \"$QHULL_BUILD_DIR\"\nSkipping root-only pre_install on local fallback: tar -xvzf \"$QHULL_TAR\" -C \"$QHULL_BUILD_DIR\"\n$ /home/gfy/miniconda3/bin/conda run -n swe_matplotlib_matplotlib_21568_candidate python -m pip install pytest ipython\n$ /home/gfy/miniconda3/bin/conda run -n swe_matplotlib_matplotlib_21568_candidate python -m pip install pytest\n$ git apply /home/gfy/CodeMAS_Project/sglang-kvflow/results/swebench_local_envs/patches/matplotlib__matplotlib-21568/test.patch\n$ git apply /home/gfy/CodeMAS_Project/sglang-kvflow/results/swe_generated_patch_kvcomm/qwen2_5_7b_json_5_forceevict/matplotlib__matplotlib-21568/lossy_prefetch.patch\n$ /home/gfy/miniconda3/bin/conda run -n swe_matplotlib_matplotlib_21568_candidate bash -lc 'python -m pip install -e .'\n$ /home/gfy/miniconda3/bin/conda run -n swe_matplotlib_matplotlib_21568_candidate pytest -rA 'lib/matplotlib/tests/test_dates.py::test_date_formatter_usetex[delta2-expected2]' 'lib/matplotlib/tests/test_dates.py::test_date_formatter_usetex[delta3-expected3]' 'lib/matplotlib/tests/test_dates.py::test_concise_formatter_usetex[t_delta2-expected2]' 'lib/matplotlib/tests/test_dates.py::test_concise_formatter_usetex[t_delta3-expected3]'\n{\n  \"instance_id\": \"matplotlib__matplotlib-21568\",\n  \"repo\": \"matplotlib/matplotlib\",\n  \"version\": \"3.4\",\n  \"mode\": \"candidate\",\n  \"env_name\": \"swe_matplotlib_matplotlib_21568_candidate\",\n  \"repo_dir\": \"/home/gfy/CodeMAS_Project/sglang-kvflow/results/swebench_local_envs/repos/matplotlib__matplotlib-21568\",\n  \"skip_pre_install\": false,\n  \"test_cmd\": [\n    \"pytest\",\n    \"-rA\",\n    \"lib/matplotlib/tests/test_dates.py::test_date_formatter_usetex[delta2-expected2]\",\n    \"lib/matplotlib/tests/test_dates.py::test_date_formatter_usetex[delta3-expected3]\",\n    \"lib/matplotlib/tests/test_dates.py::test_concise_formatter_usetex[t_delta2-expected2]\",\n    \"lib/matplotlib/tests/test_dates.py::test_concise_formatter_usetex[t_delta3-expected3]\"\n  ],\n  \"returncode\": 1\n}\n",
            "stderr_tail": "HEAD is now at f0632c0fc7 Merge pull request #21558 from anntzer/sp\n\n\n==> WARNING: A newer version of conda exists. <==\n    current version: 25.3.1\n    latest version: 26.5.2\n\nPlease update conda by running\n\n    $ conda update -n base -c defaults conda\n\n\n\n\n==> WARNING: A newer version of conda exists. <==\n    current version: 25.3.1\n    latest version: 26.5.2\n\nPlease update conda by running\n\n    $ conda update -n base -c defaults conda\n\n\n\n[notice] A new release of pip is available: 26.1.1 -> 26.1.2\n[notice] To update, run: pip install --upgrade pip\n\n\n[notice] A new release of pip is available: 26.1.1 -> 26.1.2\n[notice] To update, run: pip install --upgrade pip\n\n\n[notice] A new release of pip is available: 26.1.1 -> 26.1.2\n[notice] To update, run: pip3.12 install --upgrade pip\n\nERROR conda.cli.main_run:execute(125): `conda run pytest -rA lib/matplotlib/tests/test_dates.py::test_date_formatter_usetex[delta2-expected2] lib/matplotlib/tests/test_dates.py::test_date_formatter_usetex[delta3-expected3] lib/matplotlib/tests/test_dates.py::test_concise_formatter_usetex[t_delta2-expected2] lib/matplotlib/tests/test_dates.py::test_concise_formatter_usetex[t_delta3-expected3]` failed. (See above for error)\n"
          }
        }
      ]
    },
    {
      "instance_id": "psf__requests-5414",
      "repo": "psf/requests",
      "target_paths": [
        "requests/models.py"
      ],
      "segments": [
        {
          "name": "requests/models.py",
          "lines": 625
        },
        {
          "name": "requests/utils.py",
          "lines": 686
        },
        {
          "name": "requests/sessions.py",
          "lines": 553
        }
      ],
      "modes": [
        {
          "mode": "lossless",
          "elapsed_ms": 960.4,
          "repair_elapsed_ms": null,
          "cached_tokens": 15469,
          "lossy_meta": {
            "lossy_anchor_rope_delta": 0,
            "codebase_prefetch_hint_count": 0,
            "codebase_prefetch_text_count": 0,
            "codebase_prefetch_queued_tokens": 0,
            "codebase_prefetch_matched_tokens": 0,
            "codebase_prefetch_success_count": 0,
            "codebase_prefetch_device_hit_count": 0,
            "agenttemplatekv_prefetch_hit_count": 0,
            "agenttemplatekv_prefetch_miss_count": 0,
            "agenttemplatekv_prefetch_protected_tokens": 0,
            "agenttemplatekv_prefetch_newly_protected_tokens": 0,
            "agenttemplatekv_prefetch_consumed_count": 0,
            "agenttemplatekv_prefetch_expired_tokens": 0,
            "agenttemplatekv_rejected_large_gap_count": 0
          },
          "raw_output_path": "/home/gfy/CodeMAS_Project/sglang-kvflow/results/swe_generated_patch_kvcomm/qwen2_5_7b_json_5_forceevict/psf__requests-5414/lossless_output.txt",
          "patch_path": "/home/gfy/CodeMAS_Project/sglang-kvflow/results/swe_generated_patch_kvcomm/qwen2_5_7b_json_5_forceevict/psf__requests-5414/lossless.patch",
          "diff_extracted": true,
          "patch_synthesis": {
            "ok": true,
            "error": "",
            "edits": 1
          },
          "apply_check": {
            "returncode": 0,
            "stdout_tail": "",
            "stderr_tail": ""
          },
          "repair_attempted": false,
          "generation_error": "",
          "candidate_test": {
            "returncode": 1,
            "stdout_tail": "nvs/sglang-kvflow/lib/python3.12/site-packages (from requests==2.26.0) (3.15)\nRequirement already satisfied: urllib3<1.27,>=1.21.1 in /home/gfy/KVCOMM/.venv/lib/python3.12/site-packages (from requests==2.26.0) (1.26.20)\nRequirement already satisfied: certifi>=2017.4.17 in /home/gfy/.conda/envs/sglang-kvflow/lib/python3.12/site-packages (from requests==2.26.0) (2026.4.22)\nBuilding wheels for collected packages: requests\n  Building wheel for requests (pyproject.toml): started\n  Building wheel for requests (pyproject.toml): finished with status 'done'\n  Created wheel for requests: filename=requests-2.26.0-py2.py3-none-any.whl size=63025 sha256=fb8d15cdfc964ec462c48d68ed120cbfea7099e38d75a0f8ad50c404a91e371a\n  Stored in directory: /home/gfy/.cache/pip/wheels/47/99/96/636d36a5f72facd508cdcd258d818fc6c173e7e7e4392f5076\nSuccessfully built requests\nInstalling collected packages: requests\n  Attempting uninstall: requests\n    Found existing installation: requests 2.27.0\n    Uninstalling requests-2.27.0:\n      Successfully uninstalled requests-2.27.0\nSuccessfully installed requests-2.26.0\n\n============================= test session starts ==============================\nplatform linux -- Python 3.12.13, pytest-9.0.3, pluggy-1.6.0\nrootdir: /home/gfy/CodeMAS_Project/sglang-kvflow/results/swebench_local_envs/repos/psf__requests-5414\nconfigfile: pytest.ini\nplugins: anyio-4.13.0\ncollected 1 item\n\ntests/test_requests.py F                                                 [100%]\n\n=================================== FAILURES ===================================\n________ TestRequests.test_invalid_url[InvalidURL-http://.example.com] _________\n\nself = <tests.test_requests.TestRequests object at 0x7faf1c67c830>\nexception = <class 'requests.exceptions.InvalidURL'>\nurl = 'http://.example.com'\n\n    @pytest.mark.parametrize(\n        'exception, url', (\n            (MissingSchema, 'hiwpefhipowhefopw'),\n            (InvalidSchema, 'localhost:3128'),\n            (InvalidSchema, 'localhost.localdomain:3128/'),\n            (InvalidSchema, '10.122.1.1:3128/'),\n            (InvalidURL, 'http://'),\n            (InvalidURL, 'http://*example.com'),\n            (InvalidURL, 'http://.example.com'),\n        ))\n    def test_invalid_url(self, exception, url):\n>       with pytest.raises(exception):\n             ^^^^^^^^^^^^^^^^^^^^^^^^\nE       Failed: DID NOT RAISE <class 'requests.exceptions.InvalidURL'>\n\ntests/test_requests.py:88: Failed\n=========================== short test summary info ============================\nFAILED tests/test_requests.py::TestRequests::test_invalid_url[InvalidURL-http://.example.com]\n============================== 1 failed in 0.25s ===============================\n\n$ git fetch --all --tags\n$ git checkout --force 39d0fdd9096f7dceccbc8f82e1eda7dd64717a8e\n$ git clean -fdx\n$ /home/gfy/miniconda3/bin/conda install -y -n swe_psf_requests_5414_candidate 'pip<25' wheel\n$ /home/gfy/miniconda3/bin/conda run -n swe_psf_requests_5414_candidate python -m pip install pytest\n$ git apply /home/gfy/CodeMAS_Project/sglang-kvflow/results/swebench_local_envs/patches/psf__requests-5414/test.patch\n$ git apply /home/gfy/CodeMAS_Project/sglang-kvflow/results/swe_generated_patch_kvcomm/qwen2_5_7b_json_5_forceevict/psf__requests-5414/lossless.patch\n$ /home/gfy/miniconda3/bin/conda run -n swe_psf_requests_5414_candidate bash -lc 'python -m pip install .'\n$ /home/gfy/miniconda3/bin/conda run -n swe_psf_requests_5414_candidate pytest -rA 'tests/test_requests.py::TestRequests::test_invalid_url[InvalidURL-http://.example.com]'\n{\n  \"instance_id\": \"psf__requests-5414\",\n  \"repo\": \"psf/requests\",\n  \"version\": \"2.26\",\n  \"mode\": \"candidate\",\n  \"env_name\": \"swe_psf_requests_5414_candidate\",\n  \"repo_dir\": \"/home/gfy/CodeMAS_Project/sglang-kvflow/results/swebench_local_envs/repos/psf__requests-5414\",\n  \"skip_pre_install\": false,\n  \"test_cmd\": [\n    \"pytest\",\n    \"-rA\",\n    \"tests/test_requests.py::TestRequests::test_invalid_url[InvalidURL-http://.example.com]\"\n  ],\n  \"returncode\": 1\n}\n",
            "stderr_tail": "HEAD is now at 39d0fdd9 Update README.md (#5998)\n\n\n==> WARNING: A newer version of conda exists. <==\n    current version: 25.3.1\n    latest version: 26.5.2\n\nPlease update conda by running\n\n    $ conda update -n base -c defaults conda\n\n\n\n[notice] A new release of pip is available: 26.1.1 -> 26.1.2\n[notice] To update, run: pip install --upgrade pip\n\nERROR: pip's dependency resolver does not currently take into account all the packages that are installed. This behaviour is the source of the following dependency conflicts.\narxiv 4.0.0 requires requests<2.34,>=2.32, but you have requests 2.26.0 which is incompatible.\ndatasets 5.0.0 requires requests>=2.32.2, but you have requests 2.26.0 which is incompatible.\nsmolagents 1.25.0 requires jinja2>=3.1.4, but you have jinja2 3.1.2 which is incompatible.\nsmolagents 1.25.0 requires requests>=2.32.3, but you have requests 2.26.0 which is incompatible.\nsglang 0.0.0.dev10831+g97638c37f.d20260519 requires torchao==0.9.0, but you have torchao 0.17.0 which is incompatible.\n\n[notice] A new release of pip is available: 26.1.1 -> 26.1.2\n[notice] To update, run: pip3.12 install --upgrade pip\n\nERROR conda.cli.main_run:execute(125): `conda run pytest -rA tests/test_requests.py::TestRequests::test_invalid_url[InvalidURL-http://.example.com]` failed. (See above for error)\n"
          }
        },
        {
          "mode": "lossy",
          "elapsed_ms": 966.1,
          "repair_elapsed_ms": null,
          "cached_tokens": 15470,
          "lossy_meta": {
            "lossy_candidate_count": 28,
            "lossy_first_match_reason": "exact_code_content_signature",
            "lossy_first_reuse_allowed": true,
            "lossy_first_reuse_confidence": 0.6388,
            "lossy_first_matched_anchor_signature": "c57c321d8f6ff462",
            "lossy_first_matched_content_signature": "0f04e4f3ff0d06d0eb8d7a844761cb69",
            "lossy_first_syntax_region_type": "code_base",
            "lossy_first_matched_node_id": 58,
            "lossy_final_match_reason": "exact_code_content_signature",
            "lossy_final_reuse_allowed": true,
            "lossy_final_reuse_confidence": 0.6388,
            "lossy_final_matched_anchor_signature": "c57c321d8f6ff462",
            "lossy_final_matched_content_signature": "0f04e4f3ff0d06d0eb8d7a844761cb69",
            "lossy_final_syntax_region_type": "code_base",
            "lossy_final_matched_node_id": 58,
            "lossy_anchor_rope_delta": 0,
            "lossy_predicted_distance": 1.8268,
            "lossy_context_aware_confidence": 0.6388,
            "lossy_context_aware_multiplier": 0.6725,
            "codebase_prefetch_hint_count": 0,
            "codebase_prefetch_text_count": 0,
            "codebase_prefetch_queued_tokens": 0,
            "codebase_prefetch_matched_tokens": 0,
            "codebase_prefetch_success_count": 0,
            "codebase_prefetch_device_hit_count": 0,
            "agenttemplatekv_prefetch_hit_count": 0,
            "agenttemplatekv_prefetch_miss_count": 0,
            "agenttemplatekv_prefetch_protected_tokens": 0,
            "agenttemplatekv_prefetch_newly_protected_tokens": 0,
            "agenttemplatekv_prefetch_consumed_count": 0,
            "agenttemplatekv_prefetch_expired_tokens": 0,
            "agenttemplatekv_rejected_large_gap_count": 0
          },
          "raw_output_path": "/home/gfy/CodeMAS_Project/sglang-kvflow/results/swe_generated_patch_kvcomm/qwen2_5_7b_json_5_forceevict/psf__requests-5414/lossy_output.txt",
          "patch_path": "/home/gfy/CodeMAS_Project/sglang-kvflow/results/swe_generated_patch_kvcomm/qwen2_5_7b_json_5_forceevict/psf__requests-5414/lossy.patch",
          "diff_extracted": true,
          "patch_synthesis": {
            "ok": true,
            "error": "",
            "edits": 1
          },
          "apply_check": {
            "returncode": 0,
            "stdout_tail": "",
            "stderr_tail": ""
          },
          "repair_attempted": false,
          "generation_error": "",
          "candidate_test": {
            "returncode": 1,
            "stdout_tail": "a/envs/sglang-kvflow/lib/python3.12/site-packages (from requests==2.26.0) (3.15)\nRequirement already satisfied: urllib3<1.27,>=1.21.1 in /home/gfy/KVCOMM/.venv/lib/python3.12/site-packages (from requests==2.26.0) (1.26.20)\nRequirement already satisfied: certifi>=2017.4.17 in /home/gfy/.conda/envs/sglang-kvflow/lib/python3.12/site-packages (from requests==2.26.0) (2026.4.22)\nBuilding wheels for collected packages: requests\n  Building wheel for requests (pyproject.toml): started\n  Building wheel for requests (pyproject.toml): finished with status 'done'\n  Created wheel for requests: filename=requests-2.26.0-py2.py3-none-any.whl size=63025 sha256=3895f88dfd19da66fdddc6cbbd8a5e360dc705566e1af3bfa7f68c53ec30dbb8\n  Stored in directory: /home/gfy/.cache/pip/wheels/47/99/96/636d36a5f72facd508cdcd258d818fc6c173e7e7e4392f5076\nSuccessfully built requests\nInstalling collected packages: requests\n  Attempting uninstall: requests\n    Found existing installation: requests 2.26.0\n    Uninstalling requests-2.26.0:\n      Successfully uninstalled requests-2.26.0\nSuccessfully installed requests-2.26.0\n\n============================= test session starts ==============================\nplatform linux -- Python 3.12.13, pytest-9.0.3, pluggy-1.6.0\nrootdir: /home/gfy/CodeMAS_Project/sglang-kvflow/results/swebench_local_envs/repos/psf__requests-5414\nconfigfile: pytest.ini\nplugins: anyio-4.13.0\ncollected 1 item\n\ntests/test_requests.py F                                                 [100%]\n\n=================================== FAILURES ===================================\n________ TestRequests.test_invalid_url[InvalidURL-http://.example.com] _________\n\nself = <tests.test_requests.TestRequests object at 0x7fed13307920>\nexception = <class 'requests.exceptions.InvalidURL'>\nurl = 'http://.example.com'\n\n    @pytest.mark.parametrize(\n        'exception, url', (\n            (MissingSchema, 'hiwpefhipowhefopw'),\n            (InvalidSchema, 'localhost:3128'),\n            (InvalidSchema, 'localhost.localdomain:3128/'),\n            (InvalidSchema, '10.122.1.1:3128/'),\n            (InvalidURL, 'http://'),\n            (InvalidURL, 'http://*example.com'),\n            (InvalidURL, 'http://.example.com'),\n        ))\n    def test_invalid_url(self, exception, url):\n>       with pytest.raises(exception):\n             ^^^^^^^^^^^^^^^^^^^^^^^^\nE       Failed: DID NOT RAISE <class 'requests.exceptions.InvalidURL'>\n\ntests/test_requests.py:88: Failed\n=========================== short test summary info ============================\nFAILED tests/test_requests.py::TestRequests::test_invalid_url[InvalidURL-http://.example.com]\n============================== 1 failed in 0.25s ===============================\n\n$ git fetch --all --tags\n$ git checkout --force 39d0fdd9096f7dceccbc8f82e1eda7dd64717a8e\n$ git clean -fdx\n$ /home/gfy/miniconda3/bin/conda install -y -n swe_psf_requests_5414_candidate 'pip<25' wheel\n$ /home/gfy/miniconda3/bin/conda run -n swe_psf_requests_5414_candidate python -m pip install pytest\n$ git apply /home/gfy/CodeMAS_Project/sglang-kvflow/results/swebench_local_envs/patches/psf__requests-5414/test.patch\n$ git apply /home/gfy/CodeMAS_Project/sglang-kvflow/results/swe_generated_patch_kvcomm/qwen2_5_7b_json_5_forceevict/psf__requests-5414/lossy.patch\n$ /home/gfy/miniconda3/bin/conda run -n swe_psf_requests_5414_candidate bash -lc 'python -m pip install .'\n$ /home/gfy/miniconda3/bin/conda run -n swe_psf_requests_5414_candidate pytest -rA 'tests/test_requests.py::TestRequests::test_invalid_url[InvalidURL-http://.example.com]'\n{\n  \"instance_id\": \"psf__requests-5414\",\n  \"repo\": \"psf/requests\",\n  \"version\": \"2.26\",\n  \"mode\": \"candidate\",\n  \"env_name\": \"swe_psf_requests_5414_candidate\",\n  \"repo_dir\": \"/home/gfy/CodeMAS_Project/sglang-kvflow/results/swebench_local_envs/repos/psf__requests-5414\",\n  \"skip_pre_install\": false,\n  \"test_cmd\": [\n    \"pytest\",\n    \"-rA\",\n    \"tests/test_requests.py::TestRequests::test_invalid_url[InvalidURL-http://.example.com]\"\n  ],\n  \"returncode\": 1\n}\n",
            "stderr_tail": "HEAD is now at 39d0fdd9 Update README.md (#5998)\n\n\n==> WARNING: A newer version of conda exists. <==\n    current version: 25.3.1\n    latest version: 26.5.2\n\nPlease update conda by running\n\n    $ conda update -n base -c defaults conda\n\n\n\n[notice] A new release of pip is available: 26.1.1 -> 26.1.2\n[notice] To update, run: pip install --upgrade pip\n\nERROR: pip's dependency resolver does not currently take into account all the packages that are installed. This behaviour is the source of the following dependency conflicts.\narxiv 4.0.0 requires requests<2.34,>=2.32, but you have requests 2.26.0 which is incompatible.\ndatasets 5.0.0 requires requests>=2.32.2, but you have requests 2.26.0 which is incompatible.\nsmolagents 1.25.0 requires jinja2>=3.1.4, but you have jinja2 3.1.2 which is incompatible.\nsmolagents 1.25.0 requires requests>=2.32.3, but you have requests 2.26.0 which is incompatible.\nsglang 0.0.0.dev10831+g97638c37f.d20260519 requires torchao==0.9.0, but you have torchao 0.17.0 which is incompatible.\n\n[notice] A new release of pip is available: 26.1.1 -> 26.1.2\n[notice] To update, run: pip3.12 install --upgrade pip\n\nERROR conda.cli.main_run:execute(125): `conda run pytest -rA tests/test_requests.py::TestRequests::test_invalid_url[InvalidURL-http://.example.com]` failed. (See above for error)\n"
          }
        },
        {
          "mode": "lossy_prefetch",
          "elapsed_ms": 986.26,
          "repair_elapsed_ms": null,
          "cached_tokens": 15471,
          "lossy_meta": {
            "lossy_candidate_count": 31,
            "lossy_first_match_reason": "exact_code_content_signature",
            "lossy_first_reuse_allowed": true,
            "lossy_first_reuse_confidence": 0.6388,
            "lossy_first_matched_anchor_signature": "c57c321d8f6ff462",
            "lossy_first_matched_content_signature": "0f04e4f3ff0d06d0eb8d7a844761cb69",
            "lossy_first_syntax_region_type": "code_base",
            "lossy_first_matched_node_id": 58,
            "lossy_final_match_reason": "exact_code_content_signature",
            "lossy_final_reuse_allowed": true,
            "lossy_final_reuse_confidence": 0.6388,
            "lossy_final_matched_anchor_signature": "c57c321d8f6ff462",
            "lossy_final_matched_content_signature": "0f04e4f3ff0d06d0eb8d7a844761cb69",
            "lossy_final_syntax_region_type": "code_base",
            "lossy_final_matched_node_id": 58,
            "lossy_anchor_rope_delta": 0,
            "lossy_predicted_distance": 1.8268,
            "lossy_context_aware_confidence": 0.6388,
            "lossy_context_aware_multiplier": 0.6725,
            "codebase_prefetch_hint_count": 3,
            "codebase_prefetch_text_count": 3,
            "codebase_prefetch_queued_tokens": 0,
            "codebase_prefetch_matched_tokens": 0,
            "codebase_prefetch_success_count": 0,
            "codebase_prefetch_device_hit_count": 0,
            "agenttemplatekv_prefetch_hit_count": 0,
            "agenttemplatekv_prefetch_miss_count": 0,
            "agenttemplatekv_prefetch_protected_tokens": 14509,
            "agenttemplatekv_prefetch_newly_protected_tokens": 14509,
            "agenttemplatekv_prefetch_consumed_count": 0,
            "agenttemplatekv_prefetch_expired_tokens": 0,
            "agenttemplatekv_rejected_large_gap_count": 0
          },
          "raw_output_path": "/home/gfy/CodeMAS_Project/sglang-kvflow/results/swe_generated_patch_kvcomm/qwen2_5_7b_json_5_forceevict/psf__requests-5414/lossy_prefetch_output.txt",
          "patch_path": "/home/gfy/CodeMAS_Project/sglang-kvflow/results/swe_generated_patch_kvcomm/qwen2_5_7b_json_5_forceevict/psf__requests-5414/lossy_prefetch.patch",
          "diff_extracted": true,
          "patch_synthesis": {
            "ok": true,
            "error": "",
            "edits": 1
          },
          "apply_check": {
            "returncode": 0,
            "stdout_tail": "",
            "stderr_tail": ""
          },
          "repair_attempted": false,
          "generation_error": "",
          "candidate_test": {
            "returncode": 1,
            "stdout_tail": "lang-kvflow/lib/python3.12/site-packages (from requests==2.26.0) (3.15)\nRequirement already satisfied: urllib3<1.27,>=1.21.1 in /home/gfy/KVCOMM/.venv/lib/python3.12/site-packages (from requests==2.26.0) (1.26.20)\nRequirement already satisfied: certifi>=2017.4.17 in /home/gfy/.conda/envs/sglang-kvflow/lib/python3.12/site-packages (from requests==2.26.0) (2026.4.22)\nBuilding wheels for collected packages: requests\n  Building wheel for requests (pyproject.toml): started\n  Building wheel for requests (pyproject.toml): finished with status 'done'\n  Created wheel for requests: filename=requests-2.26.0-py2.py3-none-any.whl size=63025 sha256=ba3e241ff84ee20828645fef33f410d4851ffb8ac8933ac45abb3131ac8540de\n  Stored in directory: /home/gfy/.cache/pip/wheels/47/99/96/636d36a5f72facd508cdcd258d818fc6c173e7e7e4392f5076\nSuccessfully built requests\nInstalling collected packages: requests\n  Attempting uninstall: requests\n    Found existing installation: requests 2.26.0\n    Uninstalling requests-2.26.0:\n      Successfully uninstalled requests-2.26.0\nSuccessfully installed requests-2.26.0\n\n============================= test session starts ==============================\nplatform linux -- Python 3.12.13, pytest-9.0.3, pluggy-1.6.0\nrootdir: /home/gfy/CodeMAS_Project/sglang-kvflow/results/swebench_local_envs/repos/psf__requests-5414\nconfigfile: pytest.ini\nplugins: anyio-4.13.0\ncollected 1 item\n\ntests/test_requests.py F                                                 [100%]\n\n=================================== FAILURES ===================================\n________ TestRequests.test_invalid_url[InvalidURL-http://.example.com] _________\n\nself = <tests.test_requests.TestRequests object at 0x7f6d4c790890>\nexception = <class 'requests.exceptions.InvalidURL'>\nurl = 'http://.example.com'\n\n    @pytest.mark.parametrize(\n        'exception, url', (\n            (MissingSchema, 'hiwpefhipowhefopw'),\n            (InvalidSchema, 'localhost:3128'),\n            (InvalidSchema, 'localhost.localdomain:3128/'),\n            (InvalidSchema, '10.122.1.1:3128/'),\n            (InvalidURL, 'http://'),\n            (InvalidURL, 'http://*example.com'),\n            (InvalidURL, 'http://.example.com'),\n        ))\n    def test_invalid_url(self, exception, url):\n>       with pytest.raises(exception):\n             ^^^^^^^^^^^^^^^^^^^^^^^^\nE       Failed: DID NOT RAISE <class 'requests.exceptions.InvalidURL'>\n\ntests/test_requests.py:88: Failed\n=========================== short test summary info ============================\nFAILED tests/test_requests.py::TestRequests::test_invalid_url[InvalidURL-http://.example.com]\n============================== 1 failed in 0.25s ===============================\n\n$ git fetch --all --tags\n$ git checkout --force 39d0fdd9096f7dceccbc8f82e1eda7dd64717a8e\n$ git clean -fdx\n$ /home/gfy/miniconda3/bin/conda install -y -n swe_psf_requests_5414_candidate 'pip<25' wheel\n$ /home/gfy/miniconda3/bin/conda run -n swe_psf_requests_5414_candidate python -m pip install pytest\n$ git apply /home/gfy/CodeMAS_Project/sglang-kvflow/results/swebench_local_envs/patches/psf__requests-5414/test.patch\n$ git apply /home/gfy/CodeMAS_Project/sglang-kvflow/results/swe_generated_patch_kvcomm/qwen2_5_7b_json_5_forceevict/psf__requests-5414/lossy_prefetch.patch\n$ /home/gfy/miniconda3/bin/conda run -n swe_psf_requests_5414_candidate bash -lc 'python -m pip install .'\n$ /home/gfy/miniconda3/bin/conda run -n swe_psf_requests_5414_candidate pytest -rA 'tests/test_requests.py::TestRequests::test_invalid_url[InvalidURL-http://.example.com]'\n{\n  \"instance_id\": \"psf__requests-5414\",\n  \"repo\": \"psf/requests\",\n  \"version\": \"2.26\",\n  \"mode\": \"candidate\",\n  \"env_name\": \"swe_psf_requests_5414_candidate\",\n  \"repo_dir\": \"/home/gfy/CodeMAS_Project/sglang-kvflow/results/swebench_local_envs/repos/psf__requests-5414\",\n  \"skip_pre_install\": false,\n  \"test_cmd\": [\n    \"pytest\",\n    \"-rA\",\n    \"tests/test_requests.py::TestRequests::test_invalid_url[InvalidURL-http://.example.com]\"\n  ],\n  \"returncode\": 1\n}\n",
            "stderr_tail": "HEAD is now at 39d0fdd9 Update README.md (#5998)\n\n\n==> WARNING: A newer version of conda exists. <==\n    current version: 25.3.1\n    latest version: 26.5.2\n\nPlease update conda by running\n\n    $ conda update -n base -c defaults conda\n\n\n\n[notice] A new release of pip is available: 26.1.1 -> 26.1.2\n[notice] To update, run: pip install --upgrade pip\n\nERROR: pip's dependency resolver does not currently take into account all the packages that are installed. This behaviour is the source of the following dependency conflicts.\narxiv 4.0.0 requires requests<2.34,>=2.32, but you have requests 2.26.0 which is incompatible.\ndatasets 5.0.0 requires requests>=2.32.2, but you have requests 2.26.0 which is incompatible.\nsmolagents 1.25.0 requires jinja2>=3.1.4, but you have jinja2 3.1.2 which is incompatible.\nsmolagents 1.25.0 requires requests>=2.32.3, but you have requests 2.26.0 which is incompatible.\nsglang 0.0.0.dev10831+g97638c37f.d20260519 requires torchao==0.9.0, but you have torchao 0.17.0 which is incompatible.\n\n[notice] A new release of pip is available: 26.1.1 -> 26.1.2\n[notice] To update, run: pip3.12 install --upgrade pip\n\nERROR conda.cli.main_run:execute(125): `conda run pytest -rA tests/test_requests.py::TestRequests::test_invalid_url[InvalidURL-http://.example.com]` failed. (See above for error)\n"
          }
        }
      ]
    },
    {
      "instance_id": "psf__requests-6028",
      "repo": "psf/requests",
      "target_paths": [
        "requests/utils.py"
      ],
      "segments": [
        {
          "name": "requests/utils.py",
          "lines": 686
        },
        {
          "name": "requests/models.py",
          "lines": 625
        },
        {
          "name": "requests/sessions.py",
          "lines": 553
        }
      ],
      "modes": [
        {
          "mode": "lossless",
          "elapsed_ms": 1545.47,
          "repair_elapsed_ms": null,
          "cached_tokens": 15501,
          "lossy_meta": {
            "lossy_anchor_rope_delta": 0,
            "codebase_prefetch_hint_count": 0,
            "codebase_prefetch_text_count": 0,
            "codebase_prefetch_queued_tokens": 0,
            "codebase_prefetch_matched_tokens": 0,
            "codebase_prefetch_success_count": 0,
            "codebase_prefetch_device_hit_count": 0,
            "agenttemplatekv_prefetch_hit_count": 0,
            "agenttemplatekv_prefetch_miss_count": 0,
            "agenttemplatekv_prefetch_protected_tokens": 0,
            "agenttemplatekv_prefetch_newly_protected_tokens": 0,
            "agenttemplatekv_prefetch_consumed_count": 0,
            "agenttemplatekv_prefetch_expired_tokens": 0,
            "agenttemplatekv_rejected_large_gap_count": 0
          },
          "raw_output_path": "/home/gfy/CodeMAS_Project/sglang-kvflow/results/swe_generated_patch_kvcomm/qwen2_5_7b_json_5_forceevict/psf__requests-6028/lossless_output.txt",
          "patch_path": "/home/gfy/CodeMAS_Project/sglang-kvflow/results/swe_generated_patch_kvcomm/qwen2_5_7b_json_5_forceevict/psf__requests-6028/lossless.patch",
          "diff_extracted": true,
          "patch_synthesis": {
            "ok": true,
            "error": "",
            "edits": 1
          },
          "apply_check": {
            "returncode": 0,
            "stdout_tail": "",
            "stderr_tail": ""
          },
          "repair_attempted": false,
          "generation_error": "",
          "candidate_test": {
            "returncode": 1,
            "stdout_tail": "        ('//example.com/path', 'http://example.com/path'),\n            ('example.com:80', 'http://example.com:80'),\n            (\n                'http://user:pass@example.com/path?query',\n                'http://user:pass@example.com/path?query'\n            ),\n            (\n                'http://user@example.com/path?query',\n                'http://user@example.com/path?query'\n            )\n        ))\n    def test_prepend_scheme_if_needed(value, expected):\n>       assert prepend_scheme_if_needed(value, 'http') == expected\nE       AssertionError: assert 'http://examp...om/path?query' == 'http://user:...om/path?query'\nE         \nE         - http://user:pass@example.com/path?query\nE         ?        ----------\nE         + http://example.com/path?query\n\ntests/test_utils.py:615: AssertionError\n_ test_prepend_scheme_if_needed[http://user@example.com/path?query-http://user@example.com/path?query] _\n\nvalue = 'http://user@example.com/path?query'\nexpected = 'http://user@example.com/path?query'\n\n    @pytest.mark.parametrize(\n        'value, expected', (\n            ('example.com/path', 'http://example.com/path'),\n            ('//example.com/path', 'http://example.com/path'),\n            ('example.com:80', 'http://example.com:80'),\n            (\n                'http://user:pass@example.com/path?query',\n                'http://user:pass@example.com/path?query'\n            ),\n            (\n                'http://user@example.com/path?query',\n                'http://user@example.com/path?query'\n            )\n        ))\n    def test_prepend_scheme_if_needed(value, expected):\n>       assert prepend_scheme_if_needed(value, 'http') == expected\nE       AssertionError: assert 'http://examp...om/path?query' == 'http://user@...om/path?query'\nE         \nE         - http://user@example.com/path?query\nE         ?        -----\nE         + http://example.com/path?query\n\ntests/test_utils.py:615: AssertionError\n=========================== short test summary info ============================\nFAILED tests/test_utils.py::test_prepend_scheme_if_needed[http://user:pass@example.com/path?query-http://user:pass@example.com/path?query]\nFAILED tests/test_utils.py::test_prepend_scheme_if_needed[http://user@example.com/path?query-http://user@example.com/path?query]\n============================== 2 failed in 0.09s ===============================\n\n$ git fetch --all --tags\n$ git checkout --force 0192aac24123735b3eaf9b08df46429bb770c283\n$ git clean -fdx\n$ /home/gfy/miniconda3/bin/conda install -y -n swe_psf_requests_6028_candidate 'pip<25' wheel\n$ /home/gfy/miniconda3/bin/conda run -n swe_psf_requests_6028_candidate python -m pip install pytest\n$ git apply /home/gfy/CodeMAS_Project/sglang-kvflow/results/swebench_local_envs/patches/psf__requests-6028/test.patch\n$ git apply /home/gfy/CodeMAS_Project/sglang-kvflow/results/swe_generated_patch_kvcomm/qwen2_5_7b_json_5_forceevict/psf__requests-6028/lossless.patch\n$ /home/gfy/miniconda3/bin/conda run -n swe_psf_requests_6028_candidate bash -lc 'python -m pip install .'\n$ /home/gfy/miniconda3/bin/conda run -n swe_psf_requests_6028_candidate pytest -rA 'tests/test_utils.py::test_prepend_scheme_if_needed[http://user:pass@example.com/path?query-http://user:pass@example.com/path?query]' 'tests/test_utils.py::test_prepend_scheme_if_needed[http://user@example.com/path?query-http://user@example.com/path?query]'\n{\n  \"instance_id\": \"psf__requests-6028\",\n  \"repo\": \"psf/requests\",\n  \"version\": \"2.27\",\n  \"mode\": \"candidate\",\n  \"env_name\": \"swe_psf_requests_6028_candidate\",\n  \"repo_dir\": \"/home/gfy/CodeMAS_Project/sglang-kvflow/results/swebench_local_envs/repos/psf__requests-6028\",\n  \"skip_pre_install\": false,\n  \"test_cmd\": [\n    \"pytest\",\n    \"-rA\",\n    \"tests/test_utils.py::test_prepend_scheme_if_needed[http://user:pass@example.com/path?query-http://user:pass@example.com/path?query]\",\n    \"tests/test_utils.py::test_prepend_scheme_if_needed[http://user@example.com/path?query-http://user@example.com/path?query]\"\n  ],\n  \"returncode\": 1\n}\n",
            "stderr_tail": "HEAD is now at 0192aac2 v2.27.0\n\n\n==> WARNING: A newer version of conda exists. <==\n    current version: 25.3.1\n    latest version: 26.5.2\n\nPlease update conda by running\n\n    $ conda update -n base -c defaults conda\n\n\n\n[notice] A new release of pip is available: 26.1.1 -> 26.1.2\n[notice] To update, run: pip install --upgrade pip\n\nERROR: pip's dependency resolver does not currently take into account all the packages that are installed. This behaviour is the source of the following dependency conflicts.\narxiv 4.0.0 requires requests<2.34,>=2.32, but you have requests 2.27.0 which is incompatible.\ndatasets 5.0.0 requires requests>=2.32.2, but you have requests 2.27.0 which is incompatible.\nsmolagents 1.25.0 requires jinja2>=3.1.4, but you have jinja2 3.1.2 which is incompatible.\nsmolagents 1.25.0 requires requests>=2.32.3, but you have requests 2.27.0 which is incompatible.\nsglang 0.0.0.dev10831+g97638c37f.d20260519 requires torchao==0.9.0, but you have torchao 0.17.0 which is incompatible.\n\n[notice] A new release of pip is available: 26.1.1 -> 26.1.2\n[notice] To update, run: pip3.12 install --upgrade pip\n\nERROR conda.cli.main_run:execute(125): `conda run pytest -rA tests/test_utils.py::test_prepend_scheme_if_needed[http://user:pass@example.com/path?query-http://user:pass@example.com/path?query] tests/test_utils.py::test_prepend_scheme_if_needed[http://user@example.com/path?query-http://user@example.com/path?query]` failed. (See above for error)\n"
          }
        },
        {
          "mode": "lossy",
          "elapsed_ms": 1303.53,
          "repair_elapsed_ms": null,
          "cached_tokens": 15502,
          "lossy_meta": {
            "lossy_candidate_count": 36,
            "lossy_first_match_reason": "exact_code_content_signature",
            "lossy_first_reuse_allowed": true,
            "lossy_first_reuse_confidence": 0.6388,
            "lossy_first_matched_anchor_signature": "66ebe6d8b9a52428",
            "lossy_first_matched_content_signature": "97c7a82db0c9b54e",
            "lossy_first_syntax_region_type": "code_base",
            "lossy_first_matched_node_id": 71,
            "lossy_final_match_reason": "exact_code_content_signature",
            "lossy_final_reuse_allowed": true,
            "lossy_final_reuse_confidence": 0.6388,
            "lossy_final_matched_anchor_signature": "66ebe6d8b9a52428",
            "lossy_final_matched_content_signature": "97c7a82db0c9b54e",
            "lossy_final_syntax_region_type": "code_base",
            "lossy_final_matched_node_id": 71,
            "lossy_anchor_rope_delta": 0,
            "lossy_predicted_distance": 1.8268,
            "lossy_context_aware_confidence": 0.6388,
            "lossy_context_aware_multiplier": 0.6725,
            "codebase_prefetch_hint_count": 0,
            "codebase_prefetch_text_count": 0,
            "codebase_prefetch_queued_tokens": 0,
            "codebase_prefetch_matched_tokens": 0,
            "codebase_prefetch_success_count": 0,
            "codebase_prefetch_device_hit_count": 0,
            "agenttemplatekv_prefetch_hit_count": 0,
            "agenttemplatekv_prefetch_miss_count": 0,
            "agenttemplatekv_prefetch_protected_tokens": 0,
            "agenttemplatekv_prefetch_newly_protected_tokens": 0,
            "agenttemplatekv_prefetch_consumed_count": 0,
            "agenttemplatekv_prefetch_expired_tokens": 0,
            "agenttemplatekv_rejected_large_gap_count": 0
          },
          "raw_output_path": "/home/gfy/CodeMAS_Project/sglang-kvflow/results/swe_generated_patch_kvcomm/qwen2_5_7b_json_5_forceevict/psf__requests-6028/lossy_output.txt",
          "patch_path": "/home/gfy/CodeMAS_Project/sglang-kvflow/results/swe_generated_patch_kvcomm/qwen2_5_7b_json_5_forceevict/psf__requests-6028/lossy.patch",
          "diff_extracted": true,
          "patch_synthesis": {
            "ok": true,
            "error": "",
            "edits": 1
          },
          "apply_check": {
            "returncode": 0,
            "stdout_tail": "",
            "stderr_tail": ""
          },
          "repair_attempted": false,
          "generation_error": "",
          "candidate_test": {
            "returncode": 1,
            "stdout_tail": "           ('//example.com/path', 'http://example.com/path'),\n            ('example.com:80', 'http://example.com:80'),\n            (\n                'http://user:pass@example.com/path?query',\n                'http://user:pass@example.com/path?query'\n            ),\n            (\n                'http://user@example.com/path?query',\n                'http://user@example.com/path?query'\n            )\n        ))\n    def test_prepend_scheme_if_needed(value, expected):\n>       assert prepend_scheme_if_needed(value, 'http') == expected\nE       AssertionError: assert 'http://examp...om/path?query' == 'http://user:...om/path?query'\nE         \nE         - http://user:pass@example.com/path?query\nE         ?        ----------\nE         + http://example.com/path?query\n\ntests/test_utils.py:615: AssertionError\n_ test_prepend_scheme_if_needed[http://user@example.com/path?query-http://user@example.com/path?query] _\n\nvalue = 'http://user@example.com/path?query'\nexpected = 'http://user@example.com/path?query'\n\n    @pytest.mark.parametrize(\n        'value, expected', (\n            ('example.com/path', 'http://example.com/path'),\n            ('//example.com/path', 'http://example.com/path'),\n            ('example.com:80', 'http://example.com:80'),\n            (\n                'http://user:pass@example.com/path?query',\n                'http://user:pass@example.com/path?query'\n            ),\n            (\n                'http://user@example.com/path?query',\n                'http://user@example.com/path?query'\n            )\n        ))\n    def test_prepend_scheme_if_needed(value, expected):\n>       assert prepend_scheme_if_needed(value, 'http') == expected\nE       AssertionError: assert 'http://examp...om/path?query' == 'http://user@...om/path?query'\nE         \nE         - http://user@example.com/path?query\nE         ?        -----\nE         + http://example.com/path?query\n\ntests/test_utils.py:615: AssertionError\n=========================== short test summary info ============================\nFAILED tests/test_utils.py::test_prepend_scheme_if_needed[http://user:pass@example.com/path?query-http://user:pass@example.com/path?query]\nFAILED tests/test_utils.py::test_prepend_scheme_if_needed[http://user@example.com/path?query-http://user@example.com/path?query]\n============================== 2 failed in 0.09s ===============================\n\n$ git fetch --all --tags\n$ git checkout --force 0192aac24123735b3eaf9b08df46429bb770c283\n$ git clean -fdx\n$ /home/gfy/miniconda3/bin/conda install -y -n swe_psf_requests_6028_candidate 'pip<25' wheel\n$ /home/gfy/miniconda3/bin/conda run -n swe_psf_requests_6028_candidate python -m pip install pytest\n$ git apply /home/gfy/CodeMAS_Project/sglang-kvflow/results/swebench_local_envs/patches/psf__requests-6028/test.patch\n$ git apply /home/gfy/CodeMAS_Project/sglang-kvflow/results/swe_generated_patch_kvcomm/qwen2_5_7b_json_5_forceevict/psf__requests-6028/lossy.patch\n$ /home/gfy/miniconda3/bin/conda run -n swe_psf_requests_6028_candidate bash -lc 'python -m pip install .'\n$ /home/gfy/miniconda3/bin/conda run -n swe_psf_requests_6028_candidate pytest -rA 'tests/test_utils.py::test_prepend_scheme_if_needed[http://user:pass@example.com/path?query-http://user:pass@example.com/path?query]' 'tests/test_utils.py::test_prepend_scheme_if_needed[http://user@example.com/path?query-http://user@example.com/path?query]'\n{\n  \"instance_id\": \"psf__requests-6028\",\n  \"repo\": \"psf/requests\",\n  \"version\": \"2.27\",\n  \"mode\": \"candidate\",\n  \"env_name\": \"swe_psf_requests_6028_candidate\",\n  \"repo_dir\": \"/home/gfy/CodeMAS_Project/sglang-kvflow/results/swebench_local_envs/repos/psf__requests-6028\",\n  \"skip_pre_install\": false,\n  \"test_cmd\": [\n    \"pytest\",\n    \"-rA\",\n    \"tests/test_utils.py::test_prepend_scheme_if_needed[http://user:pass@example.com/path?query-http://user:pass@example.com/path?query]\",\n    \"tests/test_utils.py::test_prepend_scheme_if_needed[http://user@example.com/path?query-http://user@example.com/path?query]\"\n  ],\n  \"returncode\": 1\n}\n",
            "stderr_tail": "HEAD is now at 0192aac2 v2.27.0\n\n\n==> WARNING: A newer version of conda exists. <==\n    current version: 25.3.1\n    latest version: 26.5.2\n\nPlease update conda by running\n\n    $ conda update -n base -c defaults conda\n\n\n\n[notice] A new release of pip is available: 26.1.1 -> 26.1.2\n[notice] To update, run: pip install --upgrade pip\n\nERROR: pip's dependency resolver does not currently take into account all the packages that are installed. This behaviour is the source of the following dependency conflicts.\narxiv 4.0.0 requires requests<2.34,>=2.32, but you have requests 2.27.0 which is incompatible.\ndatasets 5.0.0 requires requests>=2.32.2, but you have requests 2.27.0 which is incompatible.\nsmolagents 1.25.0 requires jinja2>=3.1.4, but you have jinja2 3.1.2 which is incompatible.\nsmolagents 1.25.0 requires requests>=2.32.3, but you have requests 2.27.0 which is incompatible.\nsglang 0.0.0.dev10831+g97638c37f.d20260519 requires torchao==0.9.0, but you have torchao 0.17.0 which is incompatible.\n\n[notice] A new release of pip is available: 26.1.1 -> 26.1.2\n[notice] To update, run: pip3.12 install --upgrade pip\n\nERROR conda.cli.main_run:execute(125): `conda run pytest -rA tests/test_utils.py::test_prepend_scheme_if_needed[http://user:pass@example.com/path?query-http://user:pass@example.com/path?query] tests/test_utils.py::test_prepend_scheme_if_needed[http://user@example.com/path?query-http://user@example.com/path?query]` failed. (See above for error)\n"
          }
        },
        {
          "mode": "lossy_prefetch",
          "elapsed_ms": 1312.82,
          "repair_elapsed_ms": null,
          "cached_tokens": 15503,
          "lossy_meta": {
            "lossy_candidate_count": 39,
            "lossy_first_match_reason": "exact_code_content_signature",
            "lossy_first_reuse_allowed": true,
            "lossy_first_reuse_confidence": 0.6388,
            "lossy_first_matched_anchor_signature": "66ebe6d8b9a52428",
            "lossy_first_matched_content_signature": "97c7a82db0c9b54e",
            "lossy_first_syntax_region_type": "code_base",
            "lossy_first_matched_node_id": 71,
            "lossy_final_match_reason": "exact_code_content_signature",
            "lossy_final_reuse_allowed": true,
            "lossy_final_reuse_confidence": 0.6388,
            "lossy_final_matched_anchor_signature": "66ebe6d8b9a52428",
            "lossy_final_matched_content_signature": "97c7a82db0c9b54e",
            "lossy_final_syntax_region_type": "code_base",
            "lossy_final_matched_node_id": 71,
            "lossy_anchor_rope_delta": 0,
            "lossy_predicted_distance": 1.8268,
            "lossy_context_aware_confidence": 0.6388,
            "lossy_context_aware_multiplier": 0.6725,
            "codebase_prefetch_hint_count": 3,
            "codebase_prefetch_text_count": 3,
            "codebase_prefetch_queued_tokens": 0,
            "codebase_prefetch_matched_tokens": 0,
            "codebase_prefetch_success_count": 0,
            "codebase_prefetch_device_hit_count": 0,
            "agenttemplatekv_prefetch_hit_count": 0,
            "agenttemplatekv_prefetch_miss_count": 0,
            "agenttemplatekv_prefetch_protected_tokens": 14512,
            "agenttemplatekv_prefetch_newly_protected_tokens": 14512,
            "agenttemplatekv_prefetch_consumed_count": 0,
            "agenttemplatekv_prefetch_expired_tokens": 0,
            "agenttemplatekv_rejected_large_gap_count": 0
          },
          "raw_output_path": "/home/gfy/CodeMAS_Project/sglang-kvflow/results/swe_generated_patch_kvcomm/qwen2_5_7b_json_5_forceevict/psf__requests-6028/lossy_prefetch_output.txt",
          "patch_path": "/home/gfy/CodeMAS_Project/sglang-kvflow/results/swe_generated_patch_kvcomm/qwen2_5_7b_json_5_forceevict/psf__requests-6028/lossy_prefetch.patch",
          "diff_extracted": true,
          "patch_synthesis": {
            "ok": true,
            "error": "",
            "edits": 1
          },
          "apply_check": {
            "returncode": 0,
            "stdout_tail": "",
            "stderr_tail": ""
          },
          "repair_attempted": false,
          "generation_error": "",
          "candidate_test": {
            "returncode": 1,
            "stdout_tail": "  ('//example.com/path', 'http://example.com/path'),\n            ('example.com:80', 'http://example.com:80'),\n            (\n                'http://user:pass@example.com/path?query',\n                'http://user:pass@example.com/path?query'\n            ),\n            (\n                'http://user@example.com/path?query',\n                'http://user@example.com/path?query'\n            )\n        ))\n    def test_prepend_scheme_if_needed(value, expected):\n>       assert prepend_scheme_if_needed(value, 'http') == expected\nE       AssertionError: assert 'http://examp...om/path?query' == 'http://user:...om/path?query'\nE         \nE         - http://user:pass@example.com/path?query\nE         ?        ----------\nE         + http://example.com/path?query\n\ntests/test_utils.py:615: AssertionError\n_ test_prepend_scheme_if_needed[http://user@example.com/path?query-http://user@example.com/path?query] _\n\nvalue = 'http://user@example.com/path?query'\nexpected = 'http://user@example.com/path?query'\n\n    @pytest.mark.parametrize(\n        'value, expected', (\n            ('example.com/path', 'http://example.com/path'),\n            ('//example.com/path', 'http://example.com/path'),\n            ('example.com:80', 'http://example.com:80'),\n            (\n                'http://user:pass@example.com/path?query',\n                'http://user:pass@example.com/path?query'\n            ),\n            (\n                'http://user@example.com/path?query',\n                'http://user@example.com/path?query'\n            )\n        ))\n    def test_prepend_scheme_if_needed(value, expected):\n>       assert prepend_scheme_if_needed(value, 'http') == expected\nE       AssertionError: assert 'http://examp...om/path?query' == 'http://user@...om/path?query'\nE         \nE         - http://user@example.com/path?query\nE         ?        -----\nE         + http://example.com/path?query\n\ntests/test_utils.py:615: AssertionError\n=========================== short test summary info ============================\nFAILED tests/test_utils.py::test_prepend_scheme_if_needed[http://user:pass@example.com/path?query-http://user:pass@example.com/path?query]\nFAILED tests/test_utils.py::test_prepend_scheme_if_needed[http://user@example.com/path?query-http://user@example.com/path?query]\n============================== 2 failed in 0.09s ===============================\n\n$ git fetch --all --tags\n$ git checkout --force 0192aac24123735b3eaf9b08df46429bb770c283\n$ git clean -fdx\n$ /home/gfy/miniconda3/bin/conda install -y -n swe_psf_requests_6028_candidate 'pip<25' wheel\n$ /home/gfy/miniconda3/bin/conda run -n swe_psf_requests_6028_candidate python -m pip install pytest\n$ git apply /home/gfy/CodeMAS_Project/sglang-kvflow/results/swebench_local_envs/patches/psf__requests-6028/test.patch\n$ git apply /home/gfy/CodeMAS_Project/sglang-kvflow/results/swe_generated_patch_kvcomm/qwen2_5_7b_json_5_forceevict/psf__requests-6028/lossy_prefetch.patch\n$ /home/gfy/miniconda3/bin/conda run -n swe_psf_requests_6028_candidate bash -lc 'python -m pip install .'\n$ /home/gfy/miniconda3/bin/conda run -n swe_psf_requests_6028_candidate pytest -rA 'tests/test_utils.py::test_prepend_scheme_if_needed[http://user:pass@example.com/path?query-http://user:pass@example.com/path?query]' 'tests/test_utils.py::test_prepend_scheme_if_needed[http://user@example.com/path?query-http://user@example.com/path?query]'\n{\n  \"instance_id\": \"psf__requests-6028\",\n  \"repo\": \"psf/requests\",\n  \"version\": \"2.27\",\n  \"mode\": \"candidate\",\n  \"env_name\": \"swe_psf_requests_6028_candidate\",\n  \"repo_dir\": \"/home/gfy/CodeMAS_Project/sglang-kvflow/results/swebench_local_envs/repos/psf__requests-6028\",\n  \"skip_pre_install\": false,\n  \"test_cmd\": [\n    \"pytest\",\n    \"-rA\",\n    \"tests/test_utils.py::test_prepend_scheme_if_needed[http://user:pass@example.com/path?query-http://user:pass@example.com/path?query]\",\n    \"tests/test_utils.py::test_prepend_scheme_if_needed[http://user@example.com/path?query-http://user@example.com/path?query]\"\n  ],\n  \"returncode\": 1\n}\n",
            "stderr_tail": "HEAD is now at 0192aac2 v2.27.0\n\n\n==> WARNING: A newer version of conda exists. <==\n    current version: 25.3.1\n    latest version: 26.5.2\n\nPlease update conda by running\n\n    $ conda update -n base -c defaults conda\n\n\n\n[notice] A new release of pip is available: 26.1.1 -> 26.1.2\n[notice] To update, run: pip install --upgrade pip\n\nERROR: pip's dependency resolver does not currently take into account all the packages that are installed. This behaviour is the source of the following dependency conflicts.\narxiv 4.0.0 requires requests<2.34,>=2.32, but you have requests 2.27.0 which is incompatible.\ndatasets 5.0.0 requires requests>=2.32.2, but you have requests 2.27.0 which is incompatible.\nsmolagents 1.25.0 requires jinja2>=3.1.4, but you have jinja2 3.1.2 which is incompatible.\nsmolagents 1.25.0 requires requests>=2.32.3, but you have requests 2.27.0 which is incompatible.\nsglang 0.0.0.dev10831+g97638c37f.d20260519 requires torchao==0.9.0, but you have torchao 0.17.0 which is incompatible.\n\n[notice] A new release of pip is available: 26.1.1 -> 26.1.2\n[notice] To update, run: pip3.12 install --upgrade pip\n\nERROR conda.cli.main_run:execute(125): `conda run pytest -rA tests/test_utils.py::test_prepend_scheme_if_needed[http://user:pass@example.com/path?query-http://user:pass@example.com/path?query] tests/test_utils.py::test_prepend_scheme_if_needed[http://user@example.com/path?query-http://user@example.com/path?query]` failed. (See above for error)\n"
          }
        }
      ]
    }
  ]
}
